0.526724	0.421379	9.615113
0.536301	0.450109	9.586383
0.536301	0.411802	9.538499
0.574608	0.47884	9.576806
0.296881	0.392649	9.720458
0.497993	0.526724	9.59596
0.50757	0.421379	9.375693
0.584185	0.373495	9.509768
0.517147	0.363918	9.720458
0.316034	0.450109	9.710881
0.402225	0.450109	9.490615
0.651222	0.421379	9.605537
0.459686	0.402225	9.59596
0.325611	0.421379	9.576806
0.392649	0.363918	9.586383
0.517147	0.450109	9.672574
0.50757	0.450109	9.519345
0.47884	0.373495	9.461884
0.47884	0.392649	9.653421
0.488417	0.421379	9.710881
0.517147	0.430956	9.634267
0.517147	0.392649	9.59596
0.555454	0.411802	9.490615
0.402225	0.497993	9.653421
0.450109	0.469263	9.672574
0.574608	0.411802	9.586383
0.555454	0.574608	9.576806
0.526724	0.459686	9.548076
0.450109	0.421379	9.615113
0.469263	0.450109	9.643844
0.545877	0.497993	9.586383
0.555454	0.497993	9.557653
0.565031	0.392649	9.567229
0.497993	0.421379	9.557653
0.469263	0.497993	9.62469
0.50757	0.50757	9.634267
0.555454	0.402225	9.509768
0.536301	0.440533	9.519345
0.488417	0.392649	9.643844
0.47884	0.421379	9.538499
0.459686	0.411802	9.567229
0.584185	0.430956	9.538499
0.488417	0.402225	9.567229
0.402225	0.440533	9.634267
0.641647	0.287305	8.676586
-0.458134	0.239421	7.5561
0.74699	0.632069	9.519345
2.240972	1.867477	11.645396
0.105345	1.273715	10.390835
0.6608	1.110909	9.011775
0.306457	0.814029	9.500192
3.035847	0.201113	12.995726
1.924938	0.306458	7.240065
0.172382	0.105345	7.5561
0.172382	0.708683	10.189722
0.545877	0.948103	10.036493
0.095769	0.660799	9.988609
0.344765	0.287304	7.632714
1.714248	0.651222	9.902418
0.737414	0.0	12.11466
0.287304	0.248997	8.676586
0.26815	0.105344	9.327809
0.469263	0.756567	10.31422
0.986411	0.68953	9.126696
0.995987	0.143652	9.62469
1.541865	0.009577	9.538499
1.130063	0.411803	9.203311
1.139639	0.316035	9.461884
0.153228	1.005564	9.892841
0.067038	1.551442	9.490615
0.124498	0.881066	9.414
0.632069	0.47884	10.036493
1.110909	0.450109	10.084377
0.938527	0.430956	9.576806
0.766144	0.153229	8.973467
0.986411	0.05746	9.576806
0.775721	1.005564	9.83538
0.469264	2.815581	9.739612
0.574608	1.522712	8.791508
0.191537	1.149216	10.869675
0.354341	0.660799	8.791508
2.078167	-0.391096	8.494627
0.651223	0.42138	10.390835
1.053448	-2.255468	11.070788
0.469263	-5.210044	8.69574
0.287304	-4.723179	10.0748
0.162805	-2.437427	14.010868
-0.285751	-1.96014	10.419565
0.967257	0.287305	8.801085
0.545877	0.383072	7.479485
2.624045	1.398213	9.481038
5.30555	0.890643	9.557653
4.118026	0.603338	8.341398
2.643198	1.340752	8.303091
1.685517	1.1971	9.212887
0.948103	1.034295	8.877699
0.124498	0.383072	8.877699
0.411803	0.086192	8.925583
0.584186	0.105345	9.165003
0.555455	0.325611	9.481038
0.229844	0.833182	9.682151
0.057461	0.909796	9.787496
0.172382	0.775721	9.940725
0.26815	0.938527	9.873687
0.162805	1.101332	10.409988
0.421379	1.264138	10.180145
0.287304	1.40779	9.902418
0.737414	7.249642	9.567229
3.390189	7.249642	10.189722
1.1971	4.252102	9.931148
0.268151	2.633621	10.084377
-0.553902	2.413355	10.706869
0.881067	2.145204	9.519345
0.296881	0.938527	9.165003
0.497993	0.105344	9.998186
0.565031	0.612915	9.710881
1.082179	0.363918	9.155427
0.603338	0.306457	9.998186
0.287305	0.699107	11.032481
0.756568	0.450109	7.144297
0.210689	0.210689	9.155427
0.229843	0.373495	10.036493
0.134075	0.038307	10.065223
0.497994	0.143652	9.739612
0.727838	0.39265	10.151415
0.938528	0.316035	10.563217
0.287305	0.440534	10.400412
0.124498	0.373496	10.342951
0.335188	0.488418	10.601524
0.229843	0.038308	10.984597
0.26815	0.277727	10.965443
0.373495	0.699106	11.137826
0.622492	0.632069	11.42513
0.842758	0.622492	11.980585
0.756567	0.766144	11.990161
0.526724	0.976834	11.980585
0.574608	1.312022	11.865663
0.699106	1.532289	11.90397
0.603338	1.88663	11.281478
0.909796	2.834734	10.390835
1.666364	3.888183	9.854534
1.580173	4.204218	9.490615
0.794874	4.050989	8.877699
0.316034	4.050989	8.839392
0.287304	3.945644	9.184157
0.50757	3.457227	9.069235
0.526724	2.595314	9.040505
0.517147	1.924938	9.38527
0.756567	1.43652	9.758765
1.024718	1.273715	10.256759
1.340752	1.072602	10.831368
1.359906	1.063025	11.147402
1.331176	1.082179	11.396399
1.177947	1.120486	11.291055
0.794874	1.340752	11.271901
0.316034	1.800439	11.051634
0.172383	2.250549	10.76433
0.229844	2.806004	10.323797
0.076615	3.227383	10.007762
0.047885	3.409343	9.902418
0.028731	3.380612	10.055646
0.086191	3.399766	9.988609
0.153228	3.246537	9.844957
0.248996	3.112462	9.615113
0.402225	2.882618	9.509768
0.497993	2.595314	9.35654
0.68953	2.231395	9.088389
0.900219	2.288856	8.93516
0.995987	2.240972	8.762778
1.091755	2.106897	8.66701
1.072602	1.972822	8.552088
1.101332	1.896207	8.427589
0.967257	2.049436	8.379705
0.861912	2.288856	8.408436
0.823605	2.30801	8.389282
0.823605	2.221819	8.465897
0.967257	1.982398	8.820238
1.034295	1.819593	8.983044
1.053448	1.742978	9.222464
0.919373	1.810016	9.327809
0.794874	1.819593	9.270348
0.775721	1.82917	9.279925
0.833182	1.666364	9.126696
1.177947	1.541865	8.925583
1.312022	1.426944	8.542511
1.302445	1.350329	8.312668
1.110909	1.292868	7.987056
0.900219	0.976834	7.613561
0.775721	0.71826	7.354987
0.909796	0.306457	7.34541
0.948103	0.105344	7.374141
1.005564	0.095768	7.335833
0.967257	0.258573	7.479485
1.015141	0.287304	7.5561
1.005564	0.306457	7.603984
0.852335	0.258573	7.623138
0.766144	0.05746	7.709329
0.651222	0.095769	7.939172
0.670376	0.114922	8.082824
0.622492	0.076614	8.063671
0.536301	0.316034	8.082824
0.229843	0.68953	7.920019
0.201113	1.177947	7.920019
0.584186	1.541865	7.929595
0.718261	1.905784	8.121132
0.833183	2.145204	8.283937
0.976835	2.269703	8.418013
0.995988	2.30801	8.619125
0.948104	2.193088	8.676586
0.794875	2.078167	8.714894
0.775722	1.944091	8.829815
0.756568	1.915361	8.858546
0.727838	1.848323	8.858546
0.689531	1.848323	8.896853
0.976835	1.714248	7.34541
0.316035	1.800439	8.523357
0.287305	1.905784	8.475473
0.268151	1.944091	8.130708
0.172383	2.078167	8.72447
0.201113	2.231395	8.66701
0.363919	2.298433	8.868122
0.42138	2.260126	8.532934
0.651223	2.250549	8.475473
0.746991	2.183511	8.379705
0.6608	2.011129	8.331821
0.565032	1.82917	8.2169
0.344766	1.675941	8.341398
0.220267	1.532289	8.283937
0.220267	1.350329	8.283937
0.277728	1.216254	8.264784
0.335189	1.110909	8.130708
0.344766	0.967257	7.967903
0.344766	0.74699	7.79552
0.335189	0.545877	7.728482
0.258574	0.450109	7.929595
0.18196	0.47884	8.111555
0.143652	0.651222	8.149862
0.306457	0.890643	8.149862
0.383072	1.149216	8.101978
0.517147	1.225831	8.350975
0.555454	1.340752	8.370129
1.082179	1.656787	8.810662
1.369483	2.250549	9.289502
1.503558	2.738966	9.83538
1.695094	2.748543	10.371681
2.001552	2.643198	11.63582
2.087743	2.317587	13.158532
1.82917	2.09732	14.930241
1.503558	1.944091	16.405069
0.95768	1.896207	17.774553
0.47884	1.8579	18.837578
0.201113	1.944091	19.776106
0.699107	2.126051	20.101717
0.986412	2.173935	19.891027
0.746991	2.164358	19.182343
0.402226	2.30801	17.554287
0.095769	2.202665	16.22311
0.181959	2.116474	14.595053
0.344765	2.059013	12.83292
0.660799	2.173935	11.224017
1.082179	2.087743	9.500192
1.225831	2.451662	8.2169
1.331176	2.365471	6.924031
1.149216	2.260126	5.928043
0.976834	2.106897	4.673481
1.005564	2.030283	3.754108
1.216254	2.078167	2.815581
1.388636	2.164358	2.164358
1.599326	2.384624	2.020706
1.8579	2.834734	2.240972
2.020706	3.284844	2.882618
2.020706	3.371035	3.581725
2.06859	3.591302	4.3766
2.183511	3.830722	4.912901
2.154781	3.907337	5.51624
2.183511	3.811569	6.253654
2.173935	3.610456	7.058106
2.059013	3.495534	7.843404
1.924938	3.418919	8.839392
1.742978	3.275267	9.615113
1.532289	3.361459	10.505756
1.455674	3.505111	11.099518
1.369483	3.648763	11.540052
1.321599	3.754108	11.750741
1.187524	3.744531	12.066776
1.149216	3.620032	12.296619
1.254561	3.869029	12.440271
1.359906	4.213794	12.392387
1.321599	4.481945	12.14339
1.216254	4.453215	11.932701
1.120486	4.481945	11.444283
1.063025	4.58729	10.907982
0.833182	4.692635	10.400412
0.545877	4.836287	9.950302
0.287304	4.951209	9.576806
0.162805	4.989516	9.212887
0.316034	4.922478	9.126696
0.277727	4.903325	8.810662
0.335188	4.778826	8.619125
0.440533	4.865017	8.504204
0.497993	4.702212	8.197746
0.459686	4.539406	8.159439
0.74699	4.596867	8.140285
1.043871	4.673481	8.24563
1.005564	4.740519	8.283937
1.063025	4.903325	8.283937
0.919373	4.922478	8.00621
0.622492	4.82671	7.920019
0.584185	4.750096	7.690175
0.74699	4.932055	7.680598
0.881066	5.114014	7.79552
1.063025	5.219359	8.054094
1.110909	5.401318	8.082824
1.110909	5.746083	7.824251
0.938527	6.129156	7.603984
0.852335	6.253654	7.469909
0.737414	6.301538	7.479485
0.660799	6.339845	7.441178
0.526724	6.397306	7.5561
0.641646	6.521805	7.613561
0.852335	6.694187	7.671022
0.823605	6.943184	7.594407
0.593762	6.952761	7.479485
0.450109	6.924031	7.383717
0.306457	7.010222	7.422025
0.383072	7.364564	7.249642
0.814028	7.536946	7.010222
0.881066	7.690175	6.751648
0.842758	7.718906	6.550535
0.68953	7.785943	6.291961
0.593762	7.709329	6.196193
0.756567	7.671022	5.956773
0.804451	7.776366	5.669469
0.871489	7.891288	5.315127
0.909796	7.776366	5.24809
1.082179	7.709329	5.171475
1.015141	7.699752	5.0374
0.95768	7.623138	4.903325
0.775721	7.594407	4.740519
0.766144	7.460332	4.596867
0.584185	7.498639	4.510675
0.622492	7.536946	4.3766
0.651222	7.805097	4.261678
0.727837	8.293514	4.232948
0.469263	8.552088	4.146757
0.229843	8.437166	4.16591
0.421379	8.341398	4.204218
0.74699	8.178592	4.242525
0.881066	8.159439	4.070142
0.890643	8.159439	3.936067
0.890643	8.427589	3.773261
0.794874	8.638279	3.610456
0.74699	8.619125	3.648763
0.708683	8.513781	3.782838
0.603338	8.341398	3.801992
0.450109	8.341398	3.955221
0.47884	8.561665	3.955221
0.565031	9.088389	4.031835
0.574608	9.423577	4.050989
0.363918	9.279925	3.869029
0.26815	9.050082	3.869029
0.210689	8.868122	3.878606
0.373495	8.925583	3.68707
0.363918	9.14585	3.600879
0.411802	9.289502	3.859453
0.402225	9.289502	3.878606
0.296881	9.17458	3.849876
0.306457	9.040505	3.811569
0.316034	8.848969	3.859453
0.440533	8.72447	3.974374
0.71826	8.69574	4.127603
1.015141	8.954314	4.070142
1.1971	9.193734	4.204218
1.244984	9.050082	4.290409
1.273715	8.590395	4.252102
1.417367	8.370129	4.434061
1.656787	8.312668	4.807556
1.838746	8.523357	5.133168
1.685517	8.590395	5.142745
1.580173	9.002198	4.730942
1.570596	9.538499	4.606443
1.455674	9.318232	4.548983
1.312022	8.848969	4.367023
1.235408	8.398859	4.271255
1.331176	8.398859	4.271255
1.484405	8.475473	4.204218
1.474828	8.494627	4.13718
1.158793	8.494627	3.945644
0.814028	8.504204	3.840299
0.794874	8.283937	3.964797
0.986411	8.054094	4.089296
1.359906	7.757213	4.175487
1.695094	7.5561	4.213794
1.982398	7.958326	4.003105
1.972822	8.207323	3.840299
1.61848	7.872135	3.840299
1.340752	7.441178	3.734954
1.321599	7.220912	3.524264
1.532289	7.067683	3.256114
1.16837	7.10599	4.280832
1.896207	7.038952	2.978386
1.800439	7.517793	2.75812
2.001552	8.101978	2.815581
2.173935	8.427589	2.806004
2.365471	8.446743	2.738966
2.317587	8.226476	2.691082
2.365471	7.910442	2.480392
2.604891	7.718906	2.643198
2.729389	7.814674	2.681505
2.595314	7.814674	2.949656
2.537853	7.843404	3.380612
2.403778	8.092401	4.232948
2.260126	8.044517	4.845864
2.030283	7.718906	5.085284
1.877054	7.230489	5.133168
1.838746	6.991068	4.989516
2.164358	6.876147	4.874594
2.442085	6.722918	4.817133
2.911349	6.493074	4.750096
3.275267	6.339845	4.845864
3.514688	5.889736	4.941632
3.409343	5.209782	5.06613
3.275267	4.817133	5.114014
3.313575	4.625597	5.257666
3.620032	4.501099	5.439626
3.936067	4.510675	5.746083
4.022258	4.16591	5.975927
3.878606	3.44765	6.914454
3.801992	2.681505	8.092401
4.13718	2.202665	9.289502
4.434061	2.087743	9.988609
4.61602	1.982398	10.228029
4.683058	1.742978	10.218452
4.721365	1.493981	10.295067
4.807556	1.608903	10.639832
4.548983	2.126051	11.176133
4.443638	2.767697	11.69328
4.683058	3.198653	11.894393
4.711788	3.438073	11.808202
4.472368	3.572148	11.444283
4.232948	3.533841	10.97502
4.175487	3.323151	10.419565
4.204218	3.016694	9.873687
4.261678	2.652775	9.35654
4.434061	2.260126	8.954314
4.654328	1.838746	8.513781
4.884171	1.331176	7.910442
4.951209	1.139639	7.450755
5.104437	0.976834	6.991068
5.018246	0.938527	6.86657
4.807556	0.871489	6.924031
4.635174	0.699106	6.952761
4.644751	0.402225	6.991068
4.82671	0.191536	7.000645
4.951209	0.009576	6.876147
4.960785	0.296882	6.65588
4.970362	0.842759	6.339845
5.152321	-0.687977	6.033388
5.075707	-0.400673	5.592855
5.171475	-0.592209	5.679046
5.200206	-0.936974	6.196193
4.979939	-0.755015	6.799532
4.903325	-0.755015	6.770802
4.501099	-0.726284	6.512228
4.127603	-0.783745	6.41646
3.754108	0.919374	6.751648
3.342305	0.756568	7.479485
2.987963	0.718261	8.03494
2.796427	-0.936974	8.264784
2.633621	-0.362366	8.255207
2.700659	-1.835641	8.121132
2.691082	-1.53876	8.121132
2.451662	-1.644105	8.552088
2.422932	-1.77818	9.452308
2.614468	-1.74945	10.31422
2.652775	-1.634528	10.390835
2.442085	-1.423839	9.940725
2.193088	-1.193995	9.318232
2.06859	-2.954575	8.848969
2.193088	-2.830077	8.494627
2.30801	-2.63854	7.977479
2.279279	-2.351236	7.76679
2.5187	-2.092662	7.757213
2.959233	-3.872396	7.996633
3.294421	-3.575515	8.063671
3.294421	-3.431863	7.58483
3.035847	-3.115828	7.182604
2.566584	-4.981753	6.502651
2.288856	-4.78064	6.157886
2.355894	-4.838101	6.167463
2.738966	-4.54122	6.579266
3.323151	-5.698461	7.31668
3.849876	-5.066391	8.188169
4.10845	-5.075968	9.86411
4.453215	-5.210044	10.946289
3.830722	-6.846125	11.559205
2.825157	-6.376861	12.229582
2.729389	-6.127864	12.861651
3.150769	-6.606705	13.570335
3.23696	-5.449464	14.326902
2.691082	-4.244339	14.068328
2.039859	-3.182866	13.484143
1.503558	-2.351236	12.765883
1.177947	-1.519607	12.124237
0.814028	-0.43898	11.568782
0.555454	-0.86036	11.051634
0.814028	-0.86036	10.639832
1.053448	-0.611363	9.883264
0.900219	-0.161253	8.580818
0.699106	-1.835641	7.546523
0.526724	-1.998447	7.144297
0.497993	-0.103792	7.211335
0.785298	-1.883525	7.479485
1.244984	-1.624951	7.757213
1.551442	-1.462146	8.015787
1.532289	-1.586644	7.967903
1.283292	-1.96014	8.255207
0.995987	-0.161253	8.734047
0.938527	-0.371942	9.299079
1.158793	-0.46771	10.093954
1.417367	-0.534748	10.668562
1.455674	-0.400673	11.070788
1.570596	-0.898667	11.405976
1.608903	0.009576	11.808202
1.16837	0.440533	11.980585
0.622492	0.076614	11.923124
0.823605	0.248997	11.951854
1.312022	0.746991	12.14339
1.522712	-0.994435	11.884817
1.465251	0.881067	11.501744
1.235408	0.21069	10.946289
0.737414	0.545877	10.630255
0.363918	1.130063	10.601524
0.162805	1.082179	10.429142
0.162806	0.967257	10.093954
0.229844	1.130063	11.271901
0.181959	1.225831	9.720458
0.220267	1.465251	8.523357
0.565032	1.781286	8.360552
0.440534	2.087743	8.130708
0.038308	2.269703	8.149862
0.057461	2.145204	8.054094
0.363919	1.924938	7.651868
0.794875	1.561019	7.623138
0.814029	1.292868	7.603984
0.603339	1.771709	7.728482
0.469264	2.413355	7.843404
0.708684	3.007117	7.747636
-0.908244	3.821145	7.52737
-0.237867	4.405331	7.690175
-1.931409	4.884171	7.441178
-1.893102	5.238513	7.967903
-1.835641	5.880159	8.69574
-0.036754	6.378153	8.188169
-0.065485	6.943184	7.814674
-1.969716	7.402871	7.738059
-1.519607	6.971915	8.169016
-1.883525	6.110002	8.207323
-0.142099	5.707776	8.092401
-0.448557	5.583278	8.24563
-0.304905	5.880159	7.738059
-1.96014	6.062118	7.479485
-1.797334	6.042964	7.259219
-1.72072	6.004657	7.10599
-1.98887	6.157886	7.364564
-0.142099	6.100425	7.201758
-1.624951	6.148309	7.07726
-1.318494	5.908889	6.952761
-1.155688	5.841852	6.675034
-1.012036	6.052541	6.263231
-2.954575	6.914454	5.889736
-1.012036	7.019799	5.746083
-2.964152	6.751648	5.659892
-1.27061	6.244077	5.535394
-1.433415	6.138733	5.458779
-1.739873	6.196193	5.497087
-1.816488	6.483498	5.573701
-1.586644	6.579266	5.621585
-1.395108	6.550535	5.564124
-1.29934	6.502651	5.544971
-2.887537	6.272808	5.506663
-2.992882	6.234501	5.353434
-1.490876	6.282385	5.420472
-1.797334	6.263231	5.592855
-1.797334	6.330269	5.592855
-1.730296	6.493074	5.497087
-1.596221	6.799532	5.583278
-1.567491	6.780379	5.803544
-1.672835	6.426037	6.014234
-1.921832	6.263231	6.282385
-0.285751	6.291961	6.397306
-0.563479	6.44519	6.320692
-0.592209	6.44519	6.129156
-0.525171	6.349422	6.033388
-0.668823	6.234501	5.947196
-0.879513	6.004657	6.186617
0.948104	5.564124	6.263231
0.670377	5.391742	6.339845
0.555455	5.420472	6.320692
0.296882	5.707776	6.493074
0.220267	5.75566	6.607996
0.316035	5.430049	6.722918
0.42138	5.171475	6.924031
0.277728	5.30555	7.220912
0.172383	5.506663	7.58483
0.201113	5.449202	7.747636
0.316035	5.267243	7.881711
0.335189	5.152321	7.776366
0.277728	5.142745	7.728482
0.239421	5.123591	7.565677
0.440534	5.181052	7.489062
0.689531	5.123591	7.34541
0.574609	4.912901	7.278373
0.287305	4.654328	7.220912
0.172383	4.261678	7.07726
0.105344	3.964797	6.991068
0.421379	3.811569	7.144297
0.641646	3.543418	7.307103
0.794874	2.873041	7.536946
1.177947	2.059013	8.149862
1.733402	1.331176	8.963891
2.212242	1.16837	9.548076
2.30801	1.244984	9.902418
2.231395	1.465251	10.093954
2.09732	1.61848	10.055646
1.82917	1.656787	10.017339
1.675941	1.465251	10.026916
1.695094	1.37906	10.132261
1.963245	1.37906	10.275913
2.09732	1.331176	10.093954
1.991975	1.513135	9.653421
1.8579	1.685517	9.279925
1.675941	1.474828	9.088389
1.666364	1.072602	9.117119
1.991975	0.823605	9.289502
2.126051	0.440533	9.461884
2.346317	0.296881	9.576806
2.422932	0.306457	9.404424
2.202665	0.181959	9.17458
2.011129	0.038307	9.136273
2.087743	0.047885	9.289502
2.269703	0.201113	9.634267
2.365471	0.565032	9.710881
2.250549	0.766145	9.720458
2.269703	0.852336	9.576806
2.509123	-0.956128	9.394847
2.624045	-0.850783	9.414
2.911349	-0.620939	9.643844
3.246537	-0.333635	10.237606
3.083731	-0.257021	10.007762
3.035847	-0.218713	10.189722
3.371035	-0.218713	9.931148
3.122038	-0.486864	9.83538
2.700659	-0.563479	9.825803
2.403778	-0.898667	9.988609
2.327164	0.995988	10.103531
2.470816	-0.774168	10.026916
2.748543	-0.553902	10.103531
2.911349	-0.553902	10.084377
2.54743	-0.946551	10.036493
2.078167	0.430957	9.979032
1.771709	0.067038	9.83538
1.790862	0.067038	9.911994
1.963245	0.191537	9.998186
2.298433	0.287305	9.950302
2.633621	0.383072	9.768342
2.126051	1.091755	9.59596
1.292868	1.149216	9.375693
1.034295	0.833182	9.251195
1.474828	0.335188	9.461884
2.135627	0.086192	9.83538
2.643198	0.42138	10.007762
2.681505	0.497994	10.084377
2.346317	0.268151	9.921571
2.011129	0.287305	9.730035
2.126051	0.172383	9.749189
2.059013	0.411802	10.04607
1.608903	1.321599	10.362104
1.043871	2.135627	10.534487
0.469263	2.595314	10.448296
0.210689	3.02627	10.381258
0.134075	3.457227	10.323797
0.143652	3.782838	10.28549
0.105345	4.070142	10.151415
0.746991	4.271255	9.854534
-0.946551	4.386177	9.710881
0.957681	4.424484	9.662997
0.775722	4.194641	9.615113
0.363919	3.916913	9.701305
0.0	3.543418	9.710881
0.114921	3.351882	9.567229
0.0	3.256114	9.35654
0.134076	3.303998	9.136273
0.057461	3.428496	9.097966
0.153229	3.495534	8.983044
0.172383	2.940079	14.269441
0.881066	4.050989	9.059659
0.593763	4.395754	8.638279
-0.601786	4.999093	7.977479
-0.247444	5.104437	9.35654
-0.189983	5.238513	8.561665
-0.189983	5.267243	7.881711
-0.151676	5.497087	7.929595
-0.237867	5.286397	8.073247
-0.304905	5.123591	8.130708
-0.496441	5.200206	7.967903
-0.563479	5.497087	7.79552
-0.391096	5.650315	7.718906
-0.142099	5.430049	7.642291
-0.362366	5.114014	7.671022
-0.592209	5.190629	8.513781
0.574609	4.845864	8.025363
0.727838	4.82671	8.207323
-0.956128	4.951209	8.188169
-0.400673	5.0374	7.958326
-0.247444	5.286397	7.862558
-0.247444	5.506663	7.785943
-0.400673	5.544971	7.747636
-0.496441	5.420472	7.862558
-0.563479	5.324704	7.747636
-0.563479	5.621585	7.603984
-0.209137	5.947196	7.498639
-1.864372	6.426037	7.230489
-1.529183	6.761225	6.86657
-1.308917	6.694187	6.780379
-1.404685	6.588842	6.617573
-1.557914	6.521805	6.502651
-1.711143	6.579266	6.38773
-1.797334	6.933608	6.17704
-1.442992	7.738059	5.947196
-2.906691	8.00621	5.870582
-2.753462	7.824251	5.765237
-2.935421	7.489062	5.841852
-1.193995	7.115567	5.851428
-1.423839	6.924031	5.918466
-1.337647	6.952761	5.640739
-1.222726	7.374141	5.24809
-1.012036	7.412448	5.0374
-2.858807	7.220912	4.625597
-2.801346	7.010222	4.414907
-2.830077	6.694187	4.223371
-2.983305	6.426037	4.070142
-1.021613	6.38773	3.821145
-2.810923	6.598419	3.428496
-2.456581	6.780379	2.920926
-2.140546	7.000645	2.442085
-3.834089	7.220912	2.116474
-3.767051	7.374141	1.944091
-3.843665	7.489062	1.810016
-2.044778	7.690175	1.896207
-3.843665	7.987056	1.905784
-3.623399	8.475473	1.867477
-3.134982	8.686163	1.8579
-3.125405	8.839392	1.742978
-3.211596	8.954314	1.790862
-3.269057	9.097966	1.944091
-3.02006	8.896853	2.202665
-4.857254	8.523357	2.221819
-4.818947	8.418013	2.269703
-4.99133	8.446743	2.375048
-3.202019	8.427589	2.212242
-3.364825	8.331821	1.953668
-3.585092	8.025363	1.982398
-3.661706	7.680598	2.202665
-3.604245	7.402871	2.202665
-3.44144	7.354987	2.059013
-3.154135	7.632714	1.781286
-4.933869	7.958326	1.388636
-4.694449	8.197746	1.053448
-4.455028	8.207323	0.919373
-4.35926	8.111555	0.74699
-4.426298	8.101978	0.823605
-4.474182	8.121132	0.775721
-4.368837	8.255207	0.68953
-4.158147	8.2169	0.459686
-5.985765	8.24563	0.009576
-5.918727	8.169016	0.335189
-5.803806	8.331821	0.507571
-5.813382	8.188169	0.6608
-5.90915	8.130708	0.679954
-5.995342	8.015787	0.622493
-4.110263	7.862558	0.689531
-4.148571	7.718906	0.794875
-4.110263	7.546523	0.909797
-4.11984	7.546523	-0.879513
-4.09111	7.441178	-0.812475
-4.167724	7.393294	-0.735861
-4.110263	7.335833	-0.745438
-4.09111	7.383717	-0.745438
-5.995342	7.546523	0.986412
-5.918727	7.718906	0.727838
-5.765498	7.967903	0.651223
-5.593116	8.140285	0.584186
-5.449464	8.27436	0.593763
-5.344119	8.427589	0.593763
-5.286658	8.504204	0.507571
-5.296235	8.590395	0.363919
-5.095122	8.571241	0.134076
-5.123852	8.475473	0.095769
-5.277081	8.571241	0.162806
-5.277081	8.609549	0.277728
-5.21962	8.532934	0.287305
-5.305812	8.408436	0.363919
-5.363272	8.169016	0.459687
-5.449464	8.044517	0.641647
-5.535655	7.757213	0.804452
-5.698461	7.613561	0.919374
-5.85169	7.441178	0.976835
-5.90915	7.259219	-0.850783
-4.004919	7.029376	-0.697554
-5.899574	6.770802	-0.46771
-5.822959	6.722918	-0.19956
-5.727191	6.694187	-1.854795
-5.554809	6.818686	-1.596221
-5.200467	6.971915	-1.375954
-5.008931	7.067683	-1.318494
-6.9802	7.230489	-1.251456
-6.913163	7.34541	-1.414262
-6.922739	7.326257	-1.557914
-5.018507	7.431601	-1.72072
-5.075968	7.642291	-1.768604
-6.826971	7.852981	-1.998447
-6.74078	8.197746	-0.276174
-6.817395	8.475473	-0.419826
-6.692896	8.599972	-0.697554
-6.645012	8.619125	-0.793322
-6.625858	8.45632	-0.793322
-6.779087	8.48505	-0.755015
-6.798241	8.159439	-0.668823
-5.018507	7.872135	-0.687977
-5.267504	7.747636	-0.486864
-5.420733	7.508216	-0.391096
-5.516501	7.287949	-0.266597
-5.535655	6.971915	-0.103792
-5.621846	6.809109	-1.950563
-5.708038	6.675034	-0.017601
-5.755922	6.607996	-1.797334
-5.746345	6.569689	-1.644105
-5.727191	6.540958	-1.462146
-5.631423	6.598419	-1.433415
-5.641	6.579266	-1.51003
-5.535655	6.789955	-1.548337
-5.382426	6.924031	-1.605798
-5.143006	7.000645	-1.462146
-5.171736	7.000645	-1.586644
-5.305812	7.010222	-1.74945
-5.526078	6.904877	-1.854795
-5.564385	6.876147	-1.940986
-5.516501	6.876147	-1.739873
-5.372849	6.828263	-1.634528
-5.344119	6.924031	-1.452569
-5.238774	6.847416	-1.433415
-5.305812	6.818686	-1.529183
-5.324965	6.809109	-1.586644
-5.277081	6.780379	-1.452569
-5.344119	6.837839	-1.519607
-5.296235	6.885723	-1.691989
-5.21962	6.904877	-1.634528
-5.095122	6.904877	-1.663259
-5.143006	6.943184	-1.500453
-5.008931	6.924031	-1.519607
-5.047238	6.971915	-1.27061
-5.028084	6.86657	-1.165265
-5.028084	6.780379	-1.069497
-5.143006	6.742071	-1.184418
-5.133429	6.607996	-1.050343
-5.181313	6.473921	-2.935421
-5.152583	6.502651	-2.868384
-5.104699	6.579266	-2.858807
-5.066391	6.502651	-2.858807
-5.075968	6.473921	-2.916268
-5.114276	6.358999	-2.944998
-5.181313	6.330269	-2.964152
-5.267504	6.426037	-2.839653
-5.277081	6.550535	-2.858807
-5.16216	6.646303	-2.743885
-5.066391	6.483498	-2.839653
-5.018507	6.493074	-2.8205
-5.238774	6.464344	-2.858807
-5.439887	6.464344	-2.84923
-5.487771	6.521805	-2.772616
-5.353696	6.569689	-2.60981
-5.382426	6.540958	-2.60981
-5.353696	6.44519	-2.533195
-5.344119	6.301538	-2.447004
-5.372849	6.186617	-2.37039
-5.545232	6.138733	-2.293775
-5.688884	6.052541	-2.39912
-5.717614	5.918466	-2.427851
-5.832536	5.908889	-2.312929
-5.928304	5.774814	-2.312929
-5.870843	5.822698	-2.265045
-5.861266	5.784391	-2.121393
-5.966611	5.832275	-3.901126
-5.928304	5.96635	-3.776628
-5.842113	6.081272	-3.891549
-5.813382	6.100425	-2.054355
-5.755922	6.100425	-2.169277
-5.813382	6.062118	-2.226738
-5.727191	5.975927	-2.303352
-5.803806	5.832275	-2.178854
-5.85169	5.861005	-2.111816
-4.043226	5.947196	-2.083086
-4.138994	6.129156	-2.054355
-4.3018	6.100425	-3.929857
-4.340107	6.20577	-2.083086
-4.33053	6.110002	-2.274622
-4.263492	6.157886	-2.37039
-4.148571	6.349422	-2.523619
-5.957035	6.38773	-2.494888
-5.899574	6.41646	-2.504465
-5.947458	6.397306	-2.504465
-5.966611	6.358999	-2.447004
-5.870843	6.38773	-2.39912
-5.803806	6.397306	-2.236314
-5.746345	6.368576	-2.092662
-5.755922	6.339845	-2.054355
-5.803806	6.311115	-2.035202
-5.842113	6.358999	-2.054355
-5.832536	6.330269	-2.025625
-5.822959	6.196193	-2.044778
-5.899574	6.081272	-3.901126
-5.870843	5.841852	-3.795781
-5.947458	5.746083	-3.68086
-4.071956	5.640739	-3.585092
-4.11984	5.525817	-3.4989
-4.167724	5.621585	-3.460593
-4.129417	5.640739	-3.412709
-4.024072	5.679046	-3.479747
-5.957035	5.746083	-3.613822
-5.832536	5.784391	-3.68086
-5.832536	5.956773	-3.700013
-5.755922	6.071695	-3.747897
-5.717614	6.234501	-3.853242
-5.688884	6.38773	-3.939433
-5.688884	6.493074	-3.968164
-5.679307	6.502651	-3.901126
-5.641	6.521805	-3.862819
-5.621846	6.521805	-3.834089
-5.621846	6.493074	-3.891549
-5.708038	6.38773	-3.977741
-5.736768	6.349422	-2.006471
-5.88042	6.349422	-3.968164
-4.014495	6.358999	-3.977741
-4.263492	6.349422	-3.968164
-4.512489	6.263231	-2.054355
-4.014495	6.244077	-2.39912
-5.746345	6.368576	-2.590656
-5.803806	6.540958	-2.351236
-5.593116	6.837839	-2.265045
-5.363272	6.876147	-2.111816
-5.305812	6.876147	-3.987318
-5.344119	6.847416	-3.987318
-5.411157	6.828263	-3.92028
-5.468617	6.904877	-3.901126
-5.43031	7.029376	-3.94901
-5.257928	7.307103	-2.006471
-5.085545	7.450755	-2.083086
-6.989777	7.469909	-2.312929
-6.989777	7.441178	-2.408697
-5.286658	7.450755	-2.533195
-5.736768	7.536946	-2.810923
-5.775075	7.307103	-1.040766
-5.727191	7.34541	-1.519607
-5.861266	7.393294	-1.423839
-5.40158	7.536946	-1.337647
-5.066391	7.575254	-1.193995
-5.056815	7.52737	-2.964152
-6.836548	7.469909	-2.63854
-5.372849	7.393294	-2.523619
-5.478194	7.354987	-2.408697
-5.593116	7.220912	-2.312929
-5.889997	7.010222	-2.073509
-5.90915	6.828263	-3.767051
-4.129417	6.742071	-3.546784
-4.244339	6.607996	-3.336095
-4.253916	6.569689	-3.278634
-4.253916	6.560112	-3.383979
-4.3018	6.44519	-3.786205
-4.675295	6.330269	-3.508477
-4.828524	6.20577	-2.466158
-3.25948	6.224924	-2.341659
-3.307364	6.272808	-2.514042
-3.307364	6.339845	-2.494888
-3.058367	6.368576	-2.561926
-3.010483	6.330269	-2.734308
-4.885985	6.41646	-2.676848
-4.790217	6.607996	-2.734308
-3.039214	6.876147	-2.868384
-4.962599	7.019799	-1.012036
-3.000906	7.240065	-1.193995
-3.096675	7.536946	-1.126958
-3.039214	8.00621	-1.165265
-4.751909	8.552088	-1.241879
-4.407144	8.810662	-1.213149
-4.024072	8.93516	-1.146111
-5.755922	9.050082	-1.318494
-5.727191	9.097966	-1.691989
-5.88042	8.72447	-1.998447
-4.052803	8.69574	-1.902679
-4.196455	8.638279	-1.864372
-4.435875	8.465897	-1.653682
-4.818947	8.03494	-1.912256
-3.594668	7.814674	-1.998447
-3.719167	7.738059	-0.573055
-3.575515	7.833827	-0.984858
-3.508477	8.054094	0.718261
-3.652129	8.2169	0.63207
-2.035202	8.350975	0.651223
-2.303352	8.236053	0.919374
-2.39912	8.408436	0.976835
-2.37039	8.542511	-0.946551
-2.255468	8.90643	0.823606
-2.332083	9.260772	0.574609
-2.648117	9.691728	0.430957
-1.126958	11.022904	0.239421
-1.280186	12.248735	0.057461
-2.571503	12.516886	0.057461
-3.460593	12.095506	0.143653
-3.192443	11.712434	0.354342
-3.134982	11.473014	0.430957
-3.096675	11.549628	0.162806
-4.914715	11.654973	0.076615
-4.99133	11.511321	0.124499
-4.99133	11.061211	0.296882
-3.288211	10.649408	0.63207
-3.632976	10.084377	0.90022
-3.642552	9.366116	0.986412
-2.073509	8.992621	0.890644
-2.466158	8.647856	0.679954
-2.944998	8.303091	0.268151
-1.72072	7.996633	0.363918
-0.352789	7.747636	0.708683
-0.573055	7.469909	0.861912
-0.534748	7.307103	0.95768
-0.553902	7.613561	1.158793
-0.477287	7.910442	2.001552
-0.927397	8.322244	2.78685
0.699107	8.963891	3.361459
0.814029	9.442731	3.7158
-0.86036	9.86411	3.955221
-0.43898	10.438719	4.060566
-1.893102	11.338939	4.089296
-1.51003	11.607089	4.194641
-1.203572	11.511321	4.424484
-1.404685	11.281478	4.405331
-1.835641	10.879252	4.462791
-0.180406	10.362104	4.558559
-0.19956	9.86411	4.625597
-0.094215	9.519345	4.271255
-1.979293	9.346963	3.869029
-1.74945	8.983044	3.418919
-1.318494	9.107543	3.303998
-0.86036	7.728482	3.160346
0.545878	7.268796	2.853888
0.009576	6.780379	2.384624
0.277727	6.244077	2.288856
0.766144	5.784391	2.126051
0.804451	5.267243	2.461239
1.120486	4.596867	2.873041
1.704671	4.424484	3.44765
2.059013	4.625597	4.003105
2.250549	4.635174	4.702212
2.087743	5.0374	5.018246
1.781286	5.0374	5.343858
1.800439	4.778826	5.784391
2.059013	4.414907	6.320692
2.442085	4.070142	6.809109
2.54743	3.993528	7.058106
2.442085	4.16591	7.354987
2.480392	4.127603	7.632714
2.5187	3.849876	7.651868
2.509123	3.466804	7.920019
2.643198	3.141192	8.207323
2.777273	2.949656	7.996633
2.710236	2.806004	7.709329
2.930502	2.719813	7.680598
3.122038	2.710236	7.747636
3.112462	2.691082	7.738059
3.102885	2.461239	7.824251
3.150769	2.269703	7.833827
3.256114	1.819593	7.824251
3.552995	1.398213	7.833827
3.629609	1.139639	7.881711
3.65834	1.063025	7.987056
3.696647	1.16837	7.929595
3.68707	1.254561	7.958326
3.725377	1.005564	8.111555
4.13718	0.871489	8.446743
4.261678	0.651222	8.753201
4.414907	0.181959	9.117119
4.558559	0.459687	9.222464
4.635174	0.708684	9.442731
4.79798	0.785299	9.816226
4.730942	-0.927397	10.457872
4.79798	-0.841206	10.745177
4.711788	0.928951	10.754753
4.501099	0.316035	10.237606
4.290409	0.258573	9.691728
4.079719	0.316034	8.887276
4.089296	0.469264	8.69574
4.453215	-0.735861	8.437166
4.865017	-1.797334	8.207323
5.142745	-1.069497	7.824251
5.27682	-2.782192	7.230489
5.219359	-2.810923	6.914454
5.612008	-2.830077	6.799532
5.698199	-2.944998	6.876147
5.784391	-1.203572	6.904877
5.659892	-1.261033	7.354987
5.27682	-2.897114	7.374141
5.152321	-2.437427	7.354987
5.181052	-2.025625	7.575254
5.544971	-3.623399	7.536946
5.659892	-3.316941	7.364564
5.621585	-3.25948	6.885723
5.736507	-3.288211	6.809109
5.784391	-3.134982	6.751648
5.75566	-4.924292	6.636727
6.100425	-4.761486	6.588842
6.531382	-4.646565	6.550535
6.44519	-4.646565	6.311115
6.38773	-4.742333	6.081272
6.598419	-4.857254	5.880159
6.464344	-4.818947	5.832275
6.349422	-4.713602	5.832275
6.44519	-4.713602	5.679046
6.579266	-3.115828	5.401318
6.38773	-3.412709	5.219359
5.975927	-3.747897	4.999093
5.832275	-2.063932	5.094861
5.870582	-2.178854	5.209782
5.870582	-3.987318	5.24809
6.014234	-3.719167	5.104437
6.062118	-3.518054	4.932055
6.224924	-3.25948	4.606443
6.435614	-4.847678	4.299986
6.684611	-4.522066	4.204218
6.837839	-4.167724	3.993528
6.952761	-4.081533	3.916913
6.962338	-4.167724	3.68707
7.010222	-4.445452	3.399766
6.646303	-4.560373	3.533841
6.512228	-4.234762	3.859453
6.703764	-5.813382	4.012681
6.933608	-5.899574	4.223371
6.780379	-4.014495	4.204218
6.464344	-5.995342	3.936067
6.301538	-5.784652	3.581725
6.44519	-5.736768	3.399766
6.713341	-5.832536	3.351882
6.856993	-4.062379	3.265691
6.675034	-4.177301	3.131615
6.378153	-4.35926	2.844311
6.167463	-4.550797	2.681505
6.20577	-4.684872	2.557007
6.378153	-4.56995	2.633621
6.636727	-4.33053	2.729389
6.703764	-4.186878	2.729389
6.713341	-5.976188	2.499546
6.636727	-5.889997	2.240972
6.531382	-5.88042	2.279279
6.646303	-5.918727	2.624045
6.789955	-5.937881	2.920926
6.684611	-5.90915	2.959233
6.521805	-4.014495	2.853888
6.426037	-5.889997	2.75812
6.550535	-5.698461	2.509123
6.62715	-5.497348	2.442085
6.713341	-5.315388	2.432508
6.943184	-5.296235	2.585737
7.038952	-5.133429	2.643198
6.962338	-6.750357	2.57616
7.086836	-6.108711	2.5187
7.163451	-6.194902	2.509123
7.163451	-6.568398	2.557007
6.952761	-6.855702	2.595314
6.780379	-6.941893	2.489969
6.761225	-6.913163	2.643198
6.856993	-6.884432	2.614468
6.86657	-6.989777	2.537853
6.799532	-5.066391	2.451662
6.761225	-5.114276	2.317587
6.885723	-5.277081	2.327164
6.962338	-5.353696	2.298433
6.837839	-5.324965	2.240972
6.665457	-5.248351	1.991975
6.646303	-5.372849	1.82917
6.607996	-5.468617	1.695094
6.540958	-5.497348	1.608903
6.502651	-5.439887	1.503558
6.464344	-5.468617	1.493981
6.435614	-5.468617	1.426944
6.473921	-5.497348	1.43652
6.426037	-5.372849	1.417367
6.493074	-6.95147	1.446097
6.62715	-6.807818	1.532289
6.684611	-5.075968	1.628057
6.540958	-5.439887	1.88663
6.426037	-5.612269	2.039859
6.406883	-5.736768	2.173935
6.473921	-5.564385	2.327164
6.521805	-5.411157	2.279279
6.483498	-5.353696	2.154781
6.531382	-5.286658	1.915361
6.579266	-5.257928	1.723825
6.531382	-5.143006	1.580173
6.493074	-6.961047	1.340752
6.483498	-6.807818	1.101332
6.560112	-6.750357	1.024718
6.579266	-6.846125	0.92895
6.617573	-6.759934	0.92895
6.502651	-6.826971	0.871489
6.694187	-6.759934	0.909796
6.646303	-6.76951	0.833182
6.512228	-6.941893	0.833182
6.397306	-6.836548	0.737414
6.263231	-6.759934	0.74699
6.349422	-6.702473	0.708683
6.406883	-6.71205	0.593762
6.464344	-6.817395	0.593762
6.358999	-6.922739	0.555454
6.253654	-5.085545	0.526724
6.20577	-5.133429	0.50757
6.263231	-5.210044	0.469263
6.358999	-5.478194	0.50757
6.349422	-5.545232	0.584185
6.224924	-5.459041	0.756567
6.272808	-5.439887	0.919373
6.20577	-5.487771	0.900219
6.215347	-5.506925	0.986411
6.282385	-5.593116	1.043871
6.358999	-5.631423	1.015141
6.282385	-5.516501	1.091755
6.339845	-5.315388	1.053448
6.41646	-5.152583	1.120486
6.521805	-5.008931	1.235408
6.550535	-6.855702	1.1971
6.646303	-6.558821	1.139639
6.598419	-6.405592	1.130063
6.646303	-6.635435	1.187524
6.751648	-6.874855	1.283292
6.62715	-6.9802	1.321599
6.502651	-6.970623	1.254561
6.44519	-6.970623	1.312022
6.464344	-5.028084	1.302445
6.521805	-5.152583	1.254561
6.560112	-5.344119	1.283292
6.464344	-5.392003	1.177947
6.358999	-5.411157	1.158793
6.291961	-5.353696	0.967257
6.311115	-5.344119	0.833182
6.38773	-5.382426	0.68953
6.339845	-5.334542	0.612915
6.234501	-5.296235	0.440533
6.234501	-5.19089	0.402225
6.291961	-5.286658	0.440533
6.311115	-5.315388	0.555454
6.368576	-5.363272	0.545877
6.320692	-5.372849	0.565031
6.320692	-5.382426	0.632069
6.339845	-5.363272	0.497993
6.311115	-5.143006	0.488417
6.502651	-6.788664	0.517147
6.464344	-6.597128	0.584185
6.607996	-6.577974	0.641646
6.588842	-6.577974	0.679953
6.560112	-6.539667	0.737414
6.598419	-6.510937	0.919373
6.454767	-6.539667	0.967257
6.588842	-6.654589	0.909796
6.44519	-6.750357	0.871489
6.560112	-6.894009	0.919373
6.607996	-5.114276	0.948103
6.550535	-5.21962	1.082179
6.502651	-5.171736	1.120486
6.406883	-5.075968	1.072602
6.44519	-5.066391	1.015141
6.435614	-5.018507	0.919373
6.607996	-5.085545	0.766144
6.531382	-5.104699	0.71826
6.464344	-6.9802	0.68953
6.512228	-6.865279	0.775721
6.579266	-6.855702	0.74699
6.435614	-6.913163	0.727837
6.320692	-6.95147	0.584185
6.253654	-5.018507	0.459686
6.244077	-5.047238	0.430956
6.301538	-5.018507	0.411802
6.282385	-6.932316	0.325611
6.263231	-6.74078	0.23942
6.282385	-6.731203	0.210689
6.358999	-6.597128	0.134075
6.330269	-6.520514	0.076614
6.330269	-6.415169	0.201112
6.512228	-6.472629	0.047884
6.464344	-6.568398	0.02873
6.368576	-6.50136	0.019153
6.291961	-6.338554	0.047884
6.282385	-6.300247	0.009576
6.253654	-6.357708	0.019153
6.368576	-6.549244	0.067037
6.41646	-6.721626	0.124498
6.320692	-6.95147	0.210689
6.41646	-5.143006	0.354341
6.435614	-5.229197	0.392649
6.291961	-5.143006	0.402225
6.138733	-5.238774	0.181959
6.062118	-5.382426	0.02873
6.042964	-5.487771	0.038308
6.062118	-5.506925	0.057461
5.975927	-5.439887	0.153229
6.052541	-5.344119	0.153229
6.157886	-5.114276	0.229844
6.272808	-6.826971	0.229844
6.148309	-6.654589	0.402226
6.062118	-6.558821	0.536302
6.100425	-6.539667	0.63207
6.052541	-6.606705	0.603339
6.129156	-6.71205	0.574609
6.196193	-6.798241	0.469264
6.148309	-6.673742	0.555455
6.071695	-6.510937	0.555455
6.110002	-6.367285	0.708684
6.081272	-6.396015	0.794875
6.100425	-6.453476	0.794875
6.071695	-6.520514	0.6608
6.033388	-6.491783	0.63207
6.023811	-6.367285	0.584186
6.004657	-6.29067	0.507571
5.956773	-6.214056	0.497994
5.832275	-6.300247	0.478841
5.899312	-6.386438	0.440534
5.918466	-6.510937	0.45011
5.93762	-6.606705	0.354342
5.93762	-6.74078	0.248997
5.784391	-6.587551	0.114922
5.918466	-6.386438	0.114922
5.918466	-6.233209	0.114922
5.880159	-6.108711	0.220267
5.688623	-6.137441	0.363919
5.793968	-6.166172	0.21069
6.014234	-6.281093	0.172383
6.20577	-6.443899	0.095769
6.081272	-6.424745	0.105345
5.899312	-6.338554	0.325612
5.918466	-6.29067	0.430957
5.93762	-6.233209	0.507571
5.918466	-6.204479	0.603339
5.956773	-6.309824	0.622493
6.052541	-6.405592	0.497994
6.042964	-6.453476	0.507571
5.93762	-6.443899	0.507571
5.928043	-6.348131	0.517148
5.880159	-6.271517	0.574609
5.784391	-6.338554	0.612916
5.746083	-6.376861	0.584186
5.688623	-6.443899	0.593763
5.612008	-6.50136	0.536302
5.602431	-6.453476	0.45011
5.707776	-6.453476	0.42138
5.698199	-6.577974	0.469264
5.650315	-6.597128	0.497994
5.621585	-6.568398	0.612916
5.602431	-6.50136	0.6608
5.631162	-6.434322	0.842759
5.602431	-6.319401	0.814029
5.688623	-6.348131	0.90022
5.765237	-6.328977	0.919374
5.707776	-6.415169	0.852336
5.746083	-6.472629	0.890644
5.707776	-6.50136	0.948104
5.72693	-6.443899	0.986412
5.679046	-6.376861	-0.88909
5.573701	-6.376861	-0.908244
5.48751	-6.376861	-0.88909
5.592855	-6.491783	-0.91782
5.640739	-6.539667	0.881067
5.602431	-6.568398	0.833183
5.583278	-6.53009	0.804452
5.612008	-6.539667	0.756568
5.612008	-6.482206	0.775722
5.592855	-6.443899	0.823606
5.650315	-6.520514	0.842759
5.621585	-6.472629	0.775722
5.602431	-6.549244	0.794875
5.612008	-6.510937	0.746991
5.640739	-6.453476	0.603339
5.621585	-6.376861	0.622493
5.621585	-6.348131	0.746991
5.640739	-6.405592	0.814029
5.602431	-6.434322	0.756568
5.592855	-6.405592	0.87149
5.650315	-6.50136	0.881067
5.736507	-6.577974	0.785299
5.765237	-6.683319	0.756568
5.659892	-6.750357	0.718261
5.602431	-6.750357	0.852336
5.612008	-6.635435	0.861913
5.573701	-6.683319	0.881067
5.564124	-6.616282	0.87149
5.506663	-6.558821	0.881067
5.573701	-6.434322	0.861913
5.612008	-6.396015	0.814029
5.621585	-6.348131	0.87149
5.592855	-6.319401	0.881067
5.612008	-6.319401	0.852336
5.669469	-6.223633	0.814029
5.698199	-6.060827	0.87149
5.707776	-7.984212	0.861913
5.640739	-6.05125	0.861913
5.659892	-6.26194	0.852336
5.573701	-6.405592	0.814029
5.458779	-6.443899	0.708684
5.554547	-6.367285	0.756568
5.621585	-6.309824	0.775722
5.688623	-6.137441	0.890644
5.631162	-6.156595	-0.956128
5.602431	-6.214056	-0.822052
5.602431	-6.29067	-0.755015
5.621585	-6.194902	-0.755015
5.640739	-6.147018	-0.745438
5.621585	-6.137441	-0.783745
5.631162	-6.156595	-0.86036
5.592855	-6.319401	-0.879513
5.430049	-6.386438	-0.898667
5.324704	-6.453476	-0.946551
5.295974	-6.50136	-0.946551
5.401318	-6.348131	-0.812475
5.612008	-6.214056	-0.793322
5.602431	-6.175748	-0.687977
5.535394	-6.271517	-0.687977
5.51624	-6.242786	-0.620939
5.48751	-6.300247	-0.6784
5.544971	-6.300247	-0.668823
5.573701	-6.204479	-0.755015
5.554547	-6.147018	-0.793322
5.525817	-6.223633	-0.783745
5.583278	-6.463053	-0.898667
5.793968	-6.702473	-0.936974
5.688623	-6.894009	0.957681
5.640739	-6.865279	0.881067
5.640739	-6.587551	0.890644
5.583278	-6.376861	0.995988
5.621585	-6.328977	-0.879513
5.621585	-6.26194	-0.793322
5.535394	-6.319401	-0.755015
5.48751	-6.367285	-0.716707
5.583278	-6.396015	-0.755015
5.602431	-6.50136	-0.774168
5.631162	-6.558821	-0.802899
5.573701	-6.558821	-0.783745
5.420472	-6.53009	-0.783745
5.458779	-6.53009	-0.783745
5.544971	-6.443899	-0.774168
5.544971	-6.338554	-0.783745
5.535394	-6.185325	-0.735861
5.525817	-6.185325	-0.620939
5.573701	-6.108711	-0.620939
5.535394	-6.05125	-0.640093
5.535394	-6.05125	-0.601786
5.468356	-6.108711	-0.64967
5.525817	-6.204479	-0.640093
5.544971	-6.185325	-0.611363
5.420472	-6.214056	-0.563479
5.458779	-6.271517	-0.515594
5.449202	-6.29067	-0.553902
5.477933	-6.338554	-0.477287
5.48751	-6.405592	-0.515594
5.48751	-6.338554	-0.582632
5.477933	-6.319401	-0.697554
5.477933	-6.376861	-0.707131
5.449202	-6.443899	-0.774168
5.477933	-6.376861	-0.879513
5.497087	-6.367285	-0.86036
5.554547	-6.319401	-0.755015
5.477933	-6.26194	-0.764591
5.592855	-6.137441	-0.726284
5.535394	-6.185325	-0.6784
5.564124	-6.166172	-0.735861
5.573701	-6.29067	-0.64967
5.707776	-6.300247	-0.802899
5.612008	-6.319401	-0.86036
5.506663	-6.233209	-0.946551
5.506663	-6.185325	-0.850783
5.602431	-6.252363	-0.774168
5.631162	-6.357708	-0.774168
5.621585	-6.367285	-0.64967
5.544971	-6.367285	-0.668823
5.497087	-6.328977	-0.611363
5.583278	-6.319401	-0.611363
5.612008	-6.348131	-0.592209
5.573701	-6.348131	-0.707131
5.602431	-6.300247	-0.640093
5.583278	-6.309824	-0.592209
5.564124	-6.309824	-0.668823
5.602431	-6.309824	-0.601786
5.554547	-6.376861	-0.640093
5.573701	-6.348131	-0.553902
5.564124	-6.491783	-0.573055
5.497087	-6.491783	-0.659247
5.564124	-6.510937	-0.707131
5.535394	-6.443899	-0.707131
5.525817	-6.386438	-0.755015
5.525817	-6.357708	-0.697554
5.583278	-6.472629	-0.735861
5.573701	-6.482206	-0.726284
5.592855	-6.558821	-0.764591
5.525817	-6.491783	-0.735861
5.612008	-6.453476	-0.707131
5.564124	-6.424745	-0.6784
5.621585	-6.386438	-0.697554
5.669469	-6.386438	-0.668823
5.621585	-6.415169	-0.630516
5.631162	-6.434322	-0.640093
5.592855	-6.367285	-0.630516
5.592855	-6.29067	-0.630516
5.592855	-6.194902	-0.620939
5.544971	-6.089557	-0.6784
5.497087	-6.012943	-0.611363
5.544971	-6.060827	-0.620939
5.573701	-6.156595	-0.611363
5.602431	-6.233209	-0.553902
5.554547	-6.252363	-0.582632
5.688623	-6.319401	-0.697554
5.736507	-6.348131	-0.774168
5.612008	-6.386438	-0.783745
5.592855	-6.328977	-0.774168
5.525817	-6.348131	-0.745438
5.573701	-6.309824	-0.668823
5.621585	-6.300247	-0.687977
5.612008	-6.300247	-0.697554
5.612008	-6.376861	-0.620939
5.659892	-6.376861	-0.573055
5.583278	-6.328977	-0.534748
5.573701	-6.175748	-0.534748
5.583278	-6.07998	-0.486864
5.688623	-6.137441	-0.611363
5.698199	-6.281093	-0.592209
5.573701	-6.328977	-0.659247
5.544971	-6.319401	-0.64967
5.535394	-6.338554	-0.726284
5.573701	-6.357708	-0.735861
5.631162	-6.386438	-0.745438
5.573701	-6.453476	-0.774168
5.592855	-6.463053	-0.697554
5.583278	-6.482206	-0.6784
5.621585	-6.424745	-0.6784
5.650315	-6.319401	-0.697554
5.669469	-6.281093	-0.64967
5.669469	-6.319401	-0.620939
5.602431	-6.386438	-0.707131
5.592855	-6.309824	-0.716707
5.592855	-6.309824	-0.764591
5.640739	-6.328977	-0.735861
5.602431	-6.424745	-0.697554
5.602431	-6.510937	-0.630516
5.554547	-6.625858	-0.6784
5.525817	-6.683319	-0.687977
5.525817	-6.692896	-0.755015
5.439626	-6.664166	-0.659247
5.583278	-6.606705	-0.735861
5.583278	-6.491783	-0.735861
5.612008	-6.453476	-0.735861
5.602431	-6.319401	-0.697554
5.592855	-6.26194	-0.6784
5.621585	-6.175748	-0.687977
5.707776	-6.214056	-0.659247
5.640739	-6.214056	-0.707131
5.650315	-6.309824	-0.668823
5.631162	-6.328977	-0.64967
5.640739	-6.175748	-0.630516
5.592855	-6.175748	-0.573055
5.564124	-6.223633	-0.553902
5.592855	-6.271517	-0.553902
5.602431	-6.367285	-0.582632
5.650315	-6.367285	-0.601786
5.564124	-6.29067	-0.573055
5.592855	-6.29067	-0.534748
5.535394	-6.281093	-0.553902
5.573701	-6.281093	-0.477287
5.525817	-6.309824	-0.400673
5.573701	-6.328977	-0.371942
5.612008	-6.328977	-0.391096
5.612008	-6.405592	-0.448557
5.72693	-6.472629	-0.544325
5.640739	-6.434322	-0.534748
5.583278	-6.386438	-0.515594
5.573701	-6.367285	-0.43898
5.602431	-6.367285	-0.486864
5.564124	-6.396015	-0.496441
5.564124	-6.482206	-0.64967
5.621585	-6.510937	-0.745438
5.592855	-6.491783	-0.735861
5.583278	-6.415169	-0.764591
5.583278	-6.405592	-0.707131
5.602431	-6.386438	-0.726284
5.525817	-6.348131	-0.6784
5.573701	-6.357708	-0.620939
5.583278	-6.376861	-0.582632
5.583278	-6.338554	-0.582632
5.573701	-6.376861	-0.573055
5.554547	-6.386438	-0.611363
5.564124	-6.443899	-0.553902
5.612008	-6.415169	-0.573055
5.554547	-6.396015	-0.448557
5.621585	-6.396015	-0.563479
5.544971	-6.443899	-0.43898
5.573701	-6.367285	-0.391096
5.525817	-6.396015	-0.486864
5.51624	-6.338554	-0.43898
5.48751	-6.271517	-0.486864
5.48751	-6.300247	-0.506018
5.535394	-6.338554	-0.563479
5.506663	-6.319401	-0.486864
5.535394	-6.357708	-0.563479
5.535394	-6.424745	-0.515594
5.497087	-6.50136	-0.496441
5.544971	-6.520514	-0.477287
5.544971	-6.577974	-0.582632
5.535394	-6.577974	-0.592209
5.535394	-6.482206	-0.573055
5.506663	-6.568398	-0.611363
5.430049	-6.50136	-0.515594
5.468356	-6.443899	-0.582632
5.564124	-6.357708	-0.573055
5.506663	-6.357708	-0.429403
5.506663	-6.357708	-0.429403
5.477933	-6.29067	-0.381519
5.48751	-6.300247	-0.429403
5.51624	-6.357708	-0.486864
5.602431	-6.367285	-0.477287
5.573701	-6.338554	-0.496441
5.621585	-6.386438	-0.553902
5.525817	-6.376861	-0.448557
5.497087	-6.415169	-0.544325
5.506663	-6.443899	-0.611363
5.48751	-6.415169	-0.553902
5.458779	-6.376861	-0.563479
5.525817	-6.367285	-0.486864
5.564124	-6.434322	-0.544325
5.51624	-6.424745	-0.582632
5.51624	-6.415169	-0.573055
5.544971	-6.415169	-0.496441
5.468356	-6.367285	-0.41025
5.48751	-6.376861	-0.400673
5.51624	-6.424745	-0.324058
5.544971	-6.424745	-0.237867
5.544971	-6.424745	-0.295328
5.535394	-6.396015	-0.189983
5.497087	-6.281093	-0.189983
5.535394	-6.252363	-0.189983
5.506663	-6.26194	-0.237867
5.506663	-6.29067	-0.257021
5.554547	-6.281093	-0.371942
5.554547	-6.29067	-0.41025
5.573701	-6.252363	-0.477287
5.612008	-6.281093	-0.534748
5.583278	-6.348131	-0.515594
5.573701	-6.376861	-0.563479
5.535394	-6.453476	-0.534748
5.506663	-6.443899	-0.630516
5.544971	-6.443899	-0.640093
5.612008	-6.453476	-0.611363
5.621585	-6.405592	-0.563479
5.554547	-6.328977	-0.506018
5.401318	-6.338554	-0.419826
5.401318	-6.338554	-0.324058
5.420472	-6.338554	-0.314482
5.506663	-6.271517	-0.266597
5.51624	-6.405592	-0.247444
5.554547	-6.434322	-0.266597
5.554547	-6.491783	-0.237867
5.554547	-6.520514	-0.257021
5.544971	-6.463053	-0.237867
5.51624	-6.510937	-0.247444
5.497087	-6.510937	-0.247444
5.497087	-6.482206	-0.276174
5.477933	-6.434322	-0.257021
5.477933	-6.587551	-0.22829
5.51624	-6.587551	-0.266597
5.477933	-6.549244	-0.314482
5.497087	-6.520514	-0.419826
5.51624	-6.549244	-0.41025
5.458779	-6.549244	-0.381519
5.420472	-6.568398	-0.391096
5.51624	-6.587551	-0.381519
5.468356	-6.53009	-0.324058
5.449202	-6.491783	-0.266597
5.48751	-6.424745	-0.276174
5.554547	-6.386438	-0.333635
5.573701	-6.386438	-0.257021
5.535394	-6.367285	-0.257021
5.48751	-6.328977	-0.189983
5.477933	-6.357708	-0.266597
5.544971	-6.338554	-0.22829
5.468356	-6.328977	-0.257021
5.468356	-6.376861	-0.295328
5.439626	-6.405592	-0.237867
5.535394	-6.491783	-0.257021
5.544971	-6.53009	-0.247444
5.564124	-6.434322	-0.237867
5.449202	-6.405592	-0.189983
5.535394	-6.367285	-0.22829
5.583278	-6.405592	-0.189983
5.583278	-6.386438	-0.22829
5.535394	-6.396015	-0.295328
5.420472	-6.376861	-0.343212
5.51624	-6.348131	-0.362366
5.564124	-6.300247	-0.343212
5.573701	-6.29067	-0.362366
5.544971	-6.300247	-0.343212
5.497087	-6.26194	-0.276174
5.554547	-6.348131	-0.352789
5.573701	-6.376861	-0.324058
5.544971	-6.463053	-0.391096
5.583278	-6.386438	-0.333635
5.583278	-6.367285	-0.343212
5.535394	-6.328977	-0.304905
5.544971	-6.319401	-0.266597
5.583278	-6.328977	-0.362366
5.525817	-6.376861	-0.333635
5.497087	-6.328977	-0.314482
5.554547	-6.338554	-0.266597
5.621585	-6.357708	-0.276174
5.612008	-6.396015	-0.247444
5.468356	-6.434322	-0.209137
5.468356	-6.415169	-0.027177
5.51624	-6.443899	-0.036754
5.583278	-6.453476	-0.065485
5.583278	-6.424745	-0.055908
5.564124	-6.463053	-0.046331
5.583278	-6.520514	-0.065485
5.535394	-6.50136	-0.046331
5.564124	-6.510937	-1.950563
5.583278	-6.443899	-1.98887
5.564124	-6.443899	-1.98887
5.612008	-6.482206	-1.969716
5.525817	-6.463053	-0.036754
5.506663	-6.386438	-0.103792
5.573701	-6.405592	-0.142099
5.602431	-6.405592	-0.237867
5.592855	-6.386438	-0.285751
5.51624	-6.386438	-0.352789
5.592855	-6.415169	-0.266597
5.592855	-6.396015	-0.237867
5.554547	-6.348131	-0.132522
5.602431	-6.357708	-0.19956
5.592855	-6.271517	-0.122945
5.583278	-6.300247	-0.122945
5.621585	-6.29067	-0.170829
5.612008	-6.328977	-0.151676
5.621585	-6.405592	-0.151676
5.602431	-6.453476	-0.180406
5.583278	-6.415169	-0.142099
5.602431	-6.491783	-0.189983
5.525817	-6.453476	-0.189983
5.602431	-6.443899	-0.170829
5.640739	-6.539667	-0.247444
5.602431	-6.463053	-0.304905
5.544971	-6.415169	-0.295328
5.583278	-6.348131	-0.257021
5.554547	-6.463053	-0.218713
5.573701	-6.434322	-0.151676
5.583278	-6.405592	-0.094215
5.612008	-6.367285	-0.180406
5.612008	-6.271517	-0.142099
5.631162	-6.26194	-0.170829
5.659892	-6.319401	-0.094215
5.669469	-6.376861	-0.103792
5.583278	-6.357708	-0.084638
5.544971	-6.386438	-0.046331
5.564124	-6.415169	-0.036754
5.573701	-6.463053	-0.008024
5.544971	-6.367285	-0.027177
5.554547	-6.376861	-1.998447
5.612008	-6.386438	-0.084638
5.592855	-6.367285	-0.113369
5.573701	-6.386438	-0.036754
5.544971	-6.424745	-0.008024
5.51624	-6.396015	-0.055908
5.525817	-6.415169	-0.008024
5.506663	-6.424745	-0.017601
5.535394	-6.386438	-0.075061
5.573701	-6.405592	-0.046331
5.525817	-6.376861	-0.142099
5.573701	-6.367285	-0.113369
5.51624	-6.328977	-0.075061
5.48751	-6.376861	-0.075061
5.554547	-6.386438	-0.008024
5.583278	-6.482206	-0.036754
5.564124	-6.53009	-0.122945
5.612008	-6.558821	-0.170829
5.554547	-6.616282	-0.151676
5.506663	-6.587551	-0.209137
5.439626	-6.577974	-0.161253
5.535394	-6.520514	-0.170829
5.573701	-6.520514	-0.151676
5.51624	-6.491783	-0.046331
5.573701	-6.463053	-0.161253
5.564124	-6.443899	-0.151676
5.544971	-6.453476	-0.170829
5.439626	-6.50136	-0.122945
5.506663	-6.472629	-0.132522
5.410895	-6.348131	-0.075061
5.497087	-6.348131	-0.055908
5.583278	-6.472629	-0.084638
5.564124	-6.491783	-0.170829
5.51624	-6.453476	-0.122945
5.506663	-6.53009	-0.151676
5.477933	-6.510937	-0.170829
5.401318	-6.396015	-0.19956
5.468356	-6.386438	-0.22829
5.506663	-6.348131	-0.122945
5.573701	-6.405592	-0.19956
5.631162	-6.443899	-0.180406
5.592855	-6.367285	-0.170829
5.564124	-6.367285	-0.151676
5.506663	-6.300247	-0.161253
5.564124	-6.319401	-0.142099
5.592855	-6.558821	-0.22829
5.554547	-6.731203	-0.276174
5.315127	-6.568398	-0.46771
5.592855	-6.884432	-0.525171
5.592855	-5.114276	-0.707131
5.391742	-5.363272	-0.91782
5.382165	-5.43031	-0.965704
5.401318	-5.583539	-0.975281
5.27682	-5.717614	0.976835
5.286397	-5.755922	0.948104
5.324704	-5.870843	-0.956128
5.161898	-5.765498	-0.869936
5.123591	-5.573962	-0.755015
4.999093	-5.468617	-0.6784
4.721365	-5.459041	-0.391096
-2.379967	-5.650577	-2.705578
5.075707	-5.171736	-1.826064
7.776366	-6.558821	0.823606
8.025363	-7.917175	-0.687977
7.048529	-7.792676	-0.898667
6.263231	-6.185325	-0.975281
5.765237	-6.328977	0.87149
5.669469	-6.348131	0.785299
5.72693	-7.850137	0.727838
5.861005	-7.131877	0.459687
6.033388	-8.787112	0.086192
6.014234	-8.94034	0.344765
5.746083	-7.380874	0.74699
5.51624	-7.869291	1.541865
5.506663	-6.012943	2.221819
5.228936	-7.84056	2.212242
5.027823	-7.869291	2.116474
4.999093	-7.965059	2.087743
4.951209	-7.993789	2.06859
5.401318	-6.194902	2.260126
5.75566	-6.453476	2.710236
5.803544	-6.357708	3.007117
5.621585	-6.281093	3.227383
5.190629	-6.156595	3.227383
4.999093	-6.415169	3.169922
5.152321	-6.673742	3.399766
5.200206	-6.826971	3.533841
5.06613	-6.9802	3.763685
4.912901	-5.104699	3.89776
4.884171	-5.123852	3.993528
5.008669	-6.913163	4.194641
5.075707	-6.865279	4.242525
4.932055	-5.066391	4.338293
4.788403	-5.334542	4.61602
4.61602	-5.526078	4.82671
4.625597	-5.765498	5.200206
4.912901	-5.870843	5.468356
4.970362	-5.88042	5.832275
4.884171	-5.937881	6.023811
4.625597	-4.387991	6.119579
4.146757	-4.742333	6.368576
3.983951	-4.78064	6.684611
3.89776	-4.656141	7.153874
3.945644	-4.608257	7.718906
3.907337	-4.723179	8.111555
3.849876	-3.058367	8.523357
3.648763	-3.585092	8.772354
3.23696	-2.284199	8.973467
2.853888	-2.925845	9.241618
2.806004	-1.079073	9.758765
2.892195	-2.782192	10.04607
2.920926	-2.533195	10.28549
2.882618	-2.523619	10.467449
2.671929	-2.734308	10.247183
2.355894	-1.222726	10.113107
2.059013	-1.519607	10.199299
2.164358	-1.605798	10.247183
2.288856	-1.912256	10.467449
2.260126	-0.362366	10.55364
2.193088	0.90022	10.754753
2.011129	0.220267	10.716446
1.551442	0.708683	10.620678
1.1971	0.976834	10.793061
1.264138	0.699106	11.128249
1.225831	0.517147	11.252747
1.244984	0.50757	11.271901
1.034295	0.861912	11.329362
0.842758	1.225831	11.061211
0.593762	1.762132	10.726023
0.593762	1.838746	10.419565
0.861912	1.570596	10.400412
1.139639	1.398213	10.208875
1.1971	1.264138	9.825803
1.130063	1.426944	9.337386
0.976834	1.742978	8.465897
0.861912	2.221819	7.987056
0.861912	2.806004	7.987056
1.149216	3.093308	8.121132
1.015141	3.466804	8.370129
0.670376	3.945644	8.389282
0.392649	4.405331	8.303091
0.124498	5.046977	7.881711
0.153229	5.564124	7.565677
0.383073	6.148309	7.460332
0.699107	6.435614	7.460332
0.584186	6.435614	7.785943
0.268151	6.272808	8.054094
0.201113	6.148309	8.188169
0.153229	6.224924	8.226476
0.220267	6.368576	8.073247
0.287305	6.540958	7.76679
0.507571	6.550535	7.603984
0.39265	6.588842	7.680598
0.296882	6.588842	7.76679
0.287305	6.636727	7.738059
0.497994	6.684611	7.498639
0.679954	6.607996	6.933608
0.833183	6.435614	6.148309
0.90022	6.598419	5.449202
0.833183	6.751648	4.845864
0.6608	6.770802	4.558559
0.440534	6.65588	4.625597
0.191537	6.65588	4.788403
0.019153	6.943184	4.740519
0.229844	7.594407	4.232948
0.679954	7.948749	3.65834
0.995988	8.27436	3.064578
-0.793322	8.331821	3.02627
0.957681	8.111555	3.44765
0.976835	8.111555	3.428496
-0.601786	8.178592	3.667916
-0.687977	8.169016	3.677493
-0.640093	8.24563	3.428496
-0.515594	8.427589	3.648763
-0.611363	8.542511	3.543418
-0.496441	8.523357	3.47638
-0.640093	8.66701	3.44765
-0.6784	8.734047	3.303998
-0.592209	8.791508	2.987963
-0.553902	8.810662	2.384624
-0.707131	8.916006	1.963245
-0.812475	8.810662	1.896207
0.90022	8.513781	1.963245
0.603339	8.408436	2.020706
0.440534	8.418013	1.800439
0.986412	8.2169	1.254561
-0.6784	8.082824	1.072602
-0.745438	7.891288	0.651222
-0.534748	8.03494	0.651222
-0.64967	8.130708	0.95768
-0.879513	8.044517	1.177947
0.928951	7.920019	1.312022
-0.659247	7.613561	0.603338
-0.22829	7.546523	0.124498
-1.586644	7.709329	0.890644
-1.098227	8.293514	-0.084638
-2.657694	8.676586	-1.72072
-2.303352	9.069235	-3.613822
-1.126958	8.705317	-1.203572
-2.427851	8.925583	-1.079073
-2.63854	8.561665	-1.193995
-2.667271	8.743624	-1.050343
-2.523619	8.820238	-2.916268
-2.58108	8.72447	-2.944998
-2.868384	8.619125	-1.107804
-1.002459	8.523357	-1.730296
-1.031189	8.48505	-0.161253
-1.079073	8.542511	-0.247444
-1.08865	8.628702	-1.912256
-2.753462	8.494627	-1.529183
-2.418274	8.331821	-1.261033
-2.332083	8.331821	-1.318494
-2.226738	8.418013	-1.107804
-2.236314	8.66701	-2.763039
-2.178854	8.753201	-2.198007
-2.121393	8.743624	-3.68086
-3.987318	8.609549	-3.460593
-3.92028	8.389282	-3.374402
-3.968164	8.00621	-3.460593
-2.226738	7.785943	-3.556361
-2.293775	7.690175	-3.44144
-2.408697	7.594407	-3.44144
-2.485311	7.565677	-3.431863
-2.648117	7.498639	-3.403132
-2.791769	7.536946	-3.249903
-2.763039	7.364564	-3.039214
-2.619387	7.354987	-3.202019
-2.533195	7.594407	-3.355248
-2.303352	7.671022	-3.422286
-3.939433	7.613561	-3.403132
-3.929857	7.603984	-3.316941
-3.70959	7.642291	-3.221173
-3.652129	7.680598	-3.144559
-3.652129	7.757213	-3.221173
-3.546784	8.073247	-3.211596
-3.374402	8.27436	-3.288211
-3.364825	8.494627	-3.451016
-3.240327	8.72447	-3.613822
-3.202019	8.72447	-3.4989
-3.307364	8.762778	-3.613822
-3.221173	8.628702	-3.585092
-3.221173	8.389282	-3.632976
-3.173289	8.207323	-3.604245
-3.546784	7.891288	-3.297787
-3.776628	7.690175	-3.451016
-3.94901	7.34541	-3.556361
-2.006471	7.086836	-3.518054
-2.245891	6.924031	-3.345671
-2.39912	6.914454	-3.269057
-2.485311	6.847416	-3.067944
-2.686424	6.981492	-3.067944
-2.648117	6.933608	-3.04879
-2.485311	6.981492	-4.924292
-2.379967	7.010222	-4.704025
-2.322506	7.182604	-4.732756
-2.217161	7.412448	-4.847678
-3.977741	7.594407	-3.125405
-3.977741	7.565677	-3.154135
-3.891549	7.594407	-3.211596
-3.901126	7.623138	-3.278634
-3.891549	7.690175	-3.23075
-3.891549	7.738059	-3.25948
-3.824512	7.881711	-3.412709
-3.757474	7.900865	-3.68086
-3.834089	8.063671	-3.881973
-3.910703	8.188169	-3.929857
-3.814935	8.111555	-3.987318
-3.738321	7.920019	-2.016048
-3.843665	7.872135	-2.006471
-3.968164	7.805097	-3.987318
-2.016048	7.862558	-3.968164
-3.94901	7.881711	-3.92028
-3.862819	7.814674	-3.92028
-3.901126	7.891288	-3.824512
-3.814935	7.709329	-3.757474
-3.747897	7.661445	-3.690437
-3.843665	7.776366	-3.632976
-3.929857	7.843404	-3.508477
-3.910703	7.920019	-3.44144
-3.910703	7.910442	-3.345671
-3.862819	7.814674	-3.163712
-3.843665	7.79552	-3.249903
-3.929857	7.718906	-3.25948
-3.881973	7.709329	-3.355248
-3.834089	7.718906	-3.355248
-3.853242	7.776366	-3.44144
-3.814935	7.824251	-3.451016
-3.881973	7.76679	-3.518054
-3.901126	7.738059	-3.412709
-3.92028	8.044517	-3.556361
-3.834089	8.159439	-3.671283
-3.728744	8.159439	-3.613822
-3.690437	8.130708	-3.671283
-3.623399	8.159439	-3.565938
-3.68086	8.092401	-3.431863
-3.776628	8.03494	-3.403132
-3.862819	7.891288	-3.537208
-3.872396	7.718906	-3.632976
-3.862819	7.699752	-3.585092
-3.891549	7.651868	-3.632976
-3.929857	7.680598	-3.546784
-3.987318	7.613561	-3.518054
-3.92028	7.757213	-3.565938
-3.872396	7.872135	-3.527631
-3.719167	7.900865	-3.4989
-3.70959	7.948749	-3.546784
-3.70959	8.025363	-3.604245
-3.68086	8.054094	-3.613822
-3.700013	8.063671	-3.623399
-3.690437	8.140285	-3.719167
-3.767051	8.149862	-3.738321
-3.747897	8.178592	-3.747897
-3.728744	8.111555	-3.795781
-3.786205	8.101978	-3.843665
-3.767051	8.092401	-3.881973
-3.767051	8.025363	-3.891549
-3.805358	7.881711	-3.824512
-3.910703	7.929595	-3.805358
-2.025625	7.79552	-3.747897
-2.102239	7.699752	-3.728744
-2.178854	7.671022	-3.642552
-2.245891	7.575254	-3.594668
-2.274622	7.575254	-3.518054
-2.245891	7.422025	-3.345671
-2.312929	7.326257	-3.383979
-2.274622	7.335833	-3.307364
-2.341659	7.268796	-3.163712
-2.379967	7.10599	-3.125405
-2.351236	7.029376	-3.058367
-2.341659	7.000645	-3.02006
-2.360813	7.058106	-3.096675
-2.322506	7.125144	-3.154135
-2.284199	7.220912	-3.278634
-2.226738	7.431601	-3.316941
-2.083086	7.517793	-3.326518
-2.035202	7.58483	-3.326518
-3.987318	7.690175	-3.431863
-3.910703	7.680598	-3.44144
-3.910703	7.680598	-3.47017
-3.824512	7.728482	-3.585092
-3.795781	7.776366	-3.585092
-3.805358	7.843404	-3.738321
-3.767051	7.805097	-3.757474
-3.757474	7.76679	-3.757474
-3.738321	7.79552	-3.747897
-3.814935	7.757213	-3.671283
-3.891549	7.747636	-3.642552
-3.987318	7.747636	-3.767051
-2.13097	7.709329	-3.747897
-2.226738	7.594407	-3.747897
-2.18843	7.565677	-3.767051
-2.18843	7.517793	-3.68086
-2.198007	7.412448	-3.585092
-2.236314	7.307103	-3.47017
-2.284199	7.326257	-3.47017
-2.303352	7.31668	-3.403132
-2.312929	7.354987	-3.403132
-2.284199	7.460332	-3.326518
-2.226738	7.431601	-3.269057
-3.996894	7.546523	-3.249903
-3.872396	7.58483	-3.221173
-3.824512	7.613561	-3.326518
-3.795781	7.623138	-3.355248
-3.814935	7.536946	-3.202019
-3.881973	7.498639	-3.144559
-2.035202	7.565677	-3.288211
-2.016048	7.58483	-3.182866
-3.94901	7.575254	-3.144559
-3.996894	7.441178	-4.895562
-3.824512	7.536946	-3.240327
-3.795781	7.508216	-3.067944
-3.843665	7.422025	-3.039214
-3.843665	7.307103	-3.144559
-3.805358	7.268796	-3.029637
-3.786205	7.163451	-3.039214
-3.786205	7.144297	-4.857254
-3.719167	7.230489	-4.895562
-3.805358	7.326257	-4.885985
-3.747897	7.326257	-4.876408
-3.747897	7.335833	-4.953022
-3.795781	7.307103	-4.876408
-3.805358	7.393294	-3.115828
-3.834089	7.374141	-3.058367
-3.824512	7.354987	-3.192443
-3.881973	7.307103	-3.211596
-3.881973	7.412448	-3.269057
-3.901126	7.489062	-3.336095
-3.862819	7.469909	-3.431863
-3.881973	7.460332	-3.460593
-3.872396	7.498639	-3.431863
-3.843665	7.460332	-3.479747
-3.92028	7.469909	-3.326518
-3.805358	7.479485	-3.288211
-3.795781	7.498639	-3.316941
-3.728744	7.498639	-3.25948
-3.642552	7.489062	-3.173289
-3.700013	7.383717	-3.067944
-3.891549	7.31668	-4.972176
-3.891549	7.297526	-3.058367
-3.910703	7.192181	-4.953022
-3.929857	7.163451	-4.818947
-3.996894	7.153874	-4.857254
-2.073509	7.096413	-4.943446
-2.13097	7.163451	-3.029637
-2.121393	7.058106	-3.134982
-3.94901	7.010222	-3.125405
-3.968164	7.163451	-3.269057
-2.121393	7.182604	-3.23075
-3.987318	7.259219	-3.211596
-3.872396	7.431601	-3.240327
-3.814935	7.536946	-3.326518
-3.719167	7.680598	-3.403132
-3.632976	7.814674	-3.460593
-3.604245	7.805097	-3.460593
-3.652129	7.843404	-3.479747
-3.671283	7.776366	-3.479747
-3.68086	7.680598	-3.383979
-3.747897	7.603984	-3.47017
-3.834089	7.613561	-3.489324
-3.872396	7.623138	-3.44144
-3.92028	7.603984	-3.355248
-3.795781	7.508216	-3.316941
-3.805358	7.412448	-3.269057
-3.814935	7.31668	-3.249903
-3.824512	7.326257	-3.202019
-3.881973	7.326257	-3.125405
-3.853242	7.220912	-4.981753
-3.929857	7.115567	-4.953022
-3.958587	7.067683	-4.914715
-2.006471	7.048529	-4.933869
-2.092662	7.125144	-4.885985
-3.929857	7.125144	-4.838101
-3.929857	7.173028	-4.799793
-3.901126	7.10599	-4.790217
-3.94901	7.096413	-4.723179
-3.891549	7.029376	-4.751909
-3.901126	7.048529	-4.665718
-3.891549	7.10599	-4.838101
-3.843665	7.192181	-3.02006
-3.795781	7.307103	-3.096675
-3.776628	7.383717	-3.134982
-3.700013	7.402871	-3.087098
-3.661706	7.412448	-4.895562
-3.661706	7.422025	-4.99133
-3.68086	7.479485	-4.924292
-3.623399	7.374141	-4.885985
-3.70959	7.402871	-4.876408
-3.661706	7.34541	-4.80937
-3.700013	7.268796	-4.799793
-3.805358	7.163451	-4.732756
-3.834089	7.048529	-4.675295
-3.862819	7.000645	-4.742333
-3.977741	6.8953	-4.742333
-3.987318	6.847416	-4.751909
-3.958587	6.876147	-4.732756
-3.910703	6.885723	-4.80937
-3.94901	6.991068	-4.828524
-3.92028	7.07726	-4.847678
-3.824512	7.115567	-4.828524
-3.776628	7.201758	-4.866831
-3.786205	7.278373	-4.828524
-3.814935	7.192181	-4.866831
-3.814935	7.192181	-4.838101
-3.814935	7.144297	-4.914715
-3.843665	7.268796	-3.039214
-3.843665	7.287949	-3.077521
-3.795781	7.326257	-3.087098
-3.738321	7.326257	-3.115828
-3.738321	7.31668	-3.039214
-3.767051	7.287949	-3.115828
-3.786205	7.163451	-4.981753
-3.767051	7.192181	-3.039214
-3.795781	7.230489	-3.106251
-3.776628	7.144297	-3.010483
-3.786205	7.019799	-4.972176
-3.805358	7.07726	-4.905138
-3.901126	7.144297	-4.885985
-3.814935	7.173028	-4.885985
-3.834089	7.230489	-4.933869
-3.795781	7.326257	-3.087098
-3.719167	7.431601	-3.04879
-3.757474	7.498639	-3.115828
-3.738321	7.536946	-3.125405
-3.719167	7.52737	-3.202019
-3.661706	7.594407	-3.23075
-3.613822	7.575254	-3.25948
-3.556361	7.594407	-3.23075
-3.585092	7.594407	-3.202019
-3.556361	7.58483	-3.173289
-3.632976	7.536946	-3.144559
-3.546784	7.546523	-4.924292
-3.594668	7.52737	-4.943446
-3.642552	7.489062	-4.981753
-3.690437	7.441178	-4.962599
-3.700013	7.431601	-4.857254
-3.671283	7.31668	-4.885985
-3.585092	7.144297	-4.78064
-3.613822	7.163451	-4.80937
-3.661706	7.163451	-4.857254
-3.68086	7.086836	-4.790217
-3.805358	7.144297	-4.847678
-3.747897	7.144297	-4.818947
-3.805358	7.163451	-4.790217
-3.795781	7.182604	-4.895562
-3.843665	7.153874	-4.838101
-3.795781	7.297526	-4.953022
-3.843665	7.230489	-4.99133
-3.795781	7.326257	-3.029637
-3.814935	7.287949	-4.99133
-3.834089	7.297526	-3.04879
-3.853242	7.287949	-3.096675
-3.843665	7.335833	-4.99133
-3.814935	7.297526	-3.115828
-3.862819	7.307103	-3.192443
-3.92028	7.086836	-3.096675
-3.901126	7.220912	-3.125405
-3.92028	7.34541	-3.240327
-3.843665	7.354987	-3.211596
-3.757474	7.335833	-3.144559
-3.814935	7.230489	-3.04879
-3.824512	7.192181	-3.010483
-3.891549	7.192181	-3.02006
-3.977741	7.125144	-4.933869
-3.862819	7.096413	-4.905138
-3.958587	7.000645	-4.761486
-3.872396	6.971915	-4.790217
-3.843665	6.933608	-4.771063
-3.843665	6.904877	-4.742333
-3.814935	6.943184	-4.656141
-3.795781	6.847416	-4.646565
-3.843665	6.86657	-4.665718
-3.881973	6.876147	-4.579527
-3.881973	6.924031	-4.550797
-3.872396	6.971915	-4.550797
-3.843665	6.952761	-4.589104
-3.834089	6.991068	-4.646565
-3.814935	6.981492	-4.751909
-3.786205	6.991068	-4.771063
-3.719167	7.144297	-4.78064
-3.613822	7.268796	-4.866831
-3.623399	7.163451	-4.818947
-3.68086	7.115567	-4.866831
-3.747897	7.10599	-4.818947
-3.786205	7.058106	-4.818947
-3.853242	7.038952	-4.713602
-3.881973	6.971915	-4.751909
-3.901126	6.981492	-4.732756
-3.747897	6.981492	-4.761486
-3.776628	6.981492	-4.627411
-3.690437	6.943184	-4.694449
-3.786205	6.943184	-4.713602
-3.824512	6.991068	-4.761486
-3.843665	6.971915	-4.742333
-3.843665	6.904877	-4.761486
-3.901126	6.933608	-4.761486
-3.939433	6.943184	-4.751909
-3.862819	6.971915	-4.742333
-3.814935	7.000645	-4.771063
-3.786205	6.991068	-4.713602
-3.786205	6.962338	-4.694449
-3.805358	7.029376	-4.771063
-3.843665	7.086836	-4.828524
-3.814935	7.13472	-4.924292
-3.814935	7.019799	-4.943446
-3.767051	7.019799	-4.857254
-3.738321	7.029376	-4.799793
-3.700013	6.943184	-4.857254
-3.719167	6.943184	-4.771063
-3.757474	6.943184	-4.742333
-3.776628	6.991068	-4.790217
-3.719167	7.010222	-4.742333
-3.661706	6.981492	-4.704025
-3.68086	7.000645	-4.732756
-3.757474	7.000645	-4.704025
-3.671283	7.029376	-4.665718
-3.642552	7.019799	-4.713602
-3.623399	6.933608	-4.684872
-3.700013	6.933608	-4.665718
-3.767051	6.8953	-4.694449
-3.68086	6.904877	-4.627411
-3.690437	6.885723	-4.608257
-3.719167	6.943184	-4.646565
-3.671283	6.991068	-4.684872
-3.632976	7.019799	-4.713602
-3.671283	6.991068	-4.675295
-3.585092	7.019799	-4.723179
-3.613822	7.048529	-4.80937
-3.632976	7.038952	-4.828524
-3.671283	7.13472	-4.751909
-3.738321	6.991068	-4.838101
-3.728744	6.943184	-4.953022
-3.728744	6.914454	-4.924292
-3.719167	6.962338	-4.953022
-3.776628	6.971915	-4.972176
-3.776628	6.8953	-4.876408
-3.70959	6.924031	-4.866831
-3.747897	7.058106	-4.924292
-3.719167	7.010222	-4.828524
-3.652129	7.000645	-4.771063
-3.642552	6.971915	-4.713602
-3.652129	6.904877	-4.732756
-3.671283	6.952761	-4.675295
-3.700013	6.837839	-4.617834
-3.728744	6.828263	-4.550797
-3.747897	6.809109	-4.502912
-3.767051	6.837839	-4.512489
-3.805358	6.885723	-4.560373
-3.738321	6.770802	-4.665718
-3.719167	6.751648	-4.598681
-3.719167	6.837839	-4.54122
-3.671283	6.904877	-4.522066
-3.700013	6.856993	-4.512489
-3.642552	6.828263	-4.560373
-3.690437	6.799532	-4.502912
-3.70959	6.856993	-4.483759
-3.700013	6.86657	-4.512489
-3.700013	6.837839	-4.464605
-3.747897	6.8953	-4.550797
-3.661706	6.828263	-4.502912
-3.632976	6.847416	-4.502912
-3.671283	6.86657	-4.589104
-3.661706	6.924031	-4.646565
-3.70959	6.828263	-4.684872
-3.652129	6.828263	-4.723179
-3.767051	6.818686	-4.656141
-3.795781	6.847416	-4.617834
-3.747897	6.885723	-4.617834
-3.728744	6.962338	-4.723179
-3.652129	6.933608	-4.751909
-3.671283	6.885723	-4.732756
-3.661706	6.914454	-4.684872
-3.642552	6.86657	-4.598681
-3.690437	6.876147	-4.598681
-3.747897	6.847416	-4.54122
-3.652129	6.914454	-4.579527
-3.623399	6.856993	-4.502912
-3.642552	6.876147	-4.474182
-3.632976	6.809109	-4.512489
-3.642552	6.770802	-4.512489
-3.652129	6.742071	-4.455028
-3.738321	6.713341	-4.397568
-3.719167	6.770802	-4.311376
-3.700013	6.646303	-4.368837
-3.70959	6.607996	-4.340107
-3.747897	6.665457	-4.368837
-3.786205	6.665457	-4.368837
-3.757474	6.694187	-4.349684
-3.70959	6.713341	-4.340107
-3.575515	6.751648	-4.311376
-3.527631	6.856993	-4.445452
-3.518054	6.924031	-4.464605
-3.489324	6.952761	-4.579527
-3.546784	6.991068	-4.617834
-3.537208	6.991068	-4.665718
-3.613822	6.943184	-4.665718
-3.661706	6.885723	-4.684872
-3.757474	6.876147	-4.704025
-3.776628	6.780379	-4.656141
-3.719167	6.751648	-4.665718
-3.786205	6.780379	-4.713602
-3.719167	6.742071	-4.656141
-3.690437	6.751648	-4.665718
-3.68086	6.818686	-4.608257
-3.623399	6.809109	-4.56995
-3.642552	6.904877	-4.483759
-3.68086	6.924031	-4.550797
-3.642552	6.818686	-4.627411
-3.68086	6.789955	-4.598681
-3.661706	6.789955	-4.589104
-3.690437	6.885723	-4.502912
-3.757474	6.799532	-4.493336
-3.786205	6.837839	-4.512489
-3.795781	6.742071	-4.522066
-3.805358	6.65588	-4.445452
-3.795781	6.65588	-4.502912
-3.738321	6.742071	-4.56995
-3.604245	6.885723	-4.627411
-3.565938	6.86657	-4.636988
-3.556361	6.904877	-4.742333
-3.604245	6.952761	-4.790217
-3.652129	7.000645	-4.656141
-3.700013	7.000645	-4.54122
-3.700013	7.048529	-4.608257
-3.652129	7.173028	-4.694449
-3.613822	7.201758	-4.742333
-3.585092	7.029376	-4.675295
-3.527631	7.010222	-4.704025
-3.604245	6.971915	-4.713602
-3.632976	6.962338	-4.646565
-3.671283	6.952761	-4.531643
-3.690437	6.933608	-4.445452
-3.652129	6.876147	-4.445452
-3.700013	6.828263	-4.407144
-3.690437	6.770802	-4.387991
-3.690437	6.636727	-4.416721
-3.805358	6.636727	-4.349684
-3.824512	6.540958	-4.311376
-3.939433	6.588842	-4.311376
-3.996894	6.847416	-4.416721
-2.150123	7.374141	-4.713602
-2.236314	7.34541	-4.828524
-2.207584	7.326257	-3.096675
-2.198007	7.393294	-3.364825
-2.255468	7.383717	-3.786205
-2.245891	7.364564	-3.862819
-2.150123	7.326257	-3.94901
-3.843665	7.096413	-3.996894
-3.527631	6.770802	-2.1597
-3.249903	6.607996	-2.016048
-3.345671	5.813121	-3.374402
-3.451016	6.981492	-2.858807
-2.245891	6.799532	-2.054355
-2.274622	6.789955	-2.408697
-3.881973	6.521805	-2.533195
-3.786205	6.579266	-2.332083
-2.102239	6.540958	-3.872396
-3.977741	6.617573	-3.862819
-2.217161	6.569689	-3.843665
-2.542772	6.512228	-3.843665
-1.289763	4.836287	-5.372849
-2.293775	6.330269	-1.08865
-2.140546	7.211335	-1.385531
-1.203572	8.944737	-0.122945
-0.381519	11.128249	0.488418
0.919374	12.631807	0.124499
-0.898667	12.785036	0.459687
-0.266597	12.306196	0.45011
-1.873948	11.817779	0.967258
-1.490876	11.147402	-0.6784
-1.222726	9.797073	-0.343212
-1.098227	9.165003	-0.458134
-1.136534	8.781931	-0.936974
-1.481299	8.887276	0.153229
-1.864372	9.318232	0.967257
-1.883525	9.710881	1.656787
-1.624951	9.816226	1.944091
-1.155688	9.739612	1.934514
-2.887537	9.442731	1.723825
-2.696001	9.136273	1.580173
-2.753462	9.030928	1.685517
-2.772616	8.839392	1.991975
-2.830077	8.801085	2.33674
-2.992882	8.753201	2.509123
-1.05992	8.523357	2.432508
-1.32807	8.437166	2.422932
-1.548337	8.446743	2.499546
-1.787757	8.418013	2.624045
-1.682412	8.532934	2.604891
-1.462146	8.781931	2.298433
-2.944998	9.088389	2.413355
-2.724732	9.203311	2.78685
-2.667271	9.318232	3.47638
-2.705578	9.327809	4.127603
-2.992882	9.241618	4.271255
-1.232302	9.097966	4.185064
-1.29934	9.088389	4.194641
-1.356801	9.069235	4.424484
-1.395108	8.887276	4.673481
-1.375954	8.532934	4.654328
-1.615375	8.513781	4.740519
-1.768604	8.820238	4.481945
-1.759027	8.858546	4.194641
-1.577067	8.657433	3.792415
-1.529183	8.590395	3.629609
-1.701566	8.839392	3.840299
-1.730296	8.925583	4.003105
-1.759027	8.714894	4.089296
-1.730296	8.513781	4.003105
-1.567491	8.341398	3.859453
-1.53876	8.226476	3.936067
-1.557914	8.111555	4.079719
-1.644105	8.03494	4.194641
-1.845218	8.025363	4.280832
-0.075061	8.149862	4.338293
-0.122945	8.121132	4.290409
-0.055908	7.967903	4.290409
-0.017601	7.910442	4.414907
-0.132522	8.025363	4.472368
-0.362366	7.776366	4.13718
-0.43898	7.115567	3.888183
-0.448557	6.579266	3.869029
-0.553902	6.397306	4.271255
-0.563479	6.20577	5.497087
-0.687977	5.889736	6.41646
-0.707131	5.612008	6.86657
-0.553902	5.736507	7.287949
-0.22829	5.975927	7.5561
-0.075061	6.215347	7.977479
-0.065485	6.215347	8.2169
-0.132522	5.889736	8.159439
-0.237867	5.631162	8.063671
-0.381519	5.650315	7.967903
-0.534748	5.659892	8.283937
-0.64967	5.410895	8.513781
-0.601786	5.219359	8.408436
-0.620939	5.24809	8.513781
-0.515594	5.497087	8.293514
-0.544325	5.72693	8.350975
-0.563479	5.612008	8.408436
-0.659247	5.324704	8.130708
-0.745438	5.094861	7.776366
-0.841206	4.960785	7.603984
0.919374	4.711788	7.546523
0.593763	4.386177	7.718906
0.545878	4.012681	7.967903
0.593763	3.754108	8.054094
0.565032	3.552995	8.24563
0.488418	3.390189	8.619125
0.248997	3.045424	8.69574
0.153229	2.681505	8.772354
0.019154	2.499546	8.772354
0.086192	2.5187	8.944737
0.172383	2.585737	9.404424
0.354342	2.671929	9.883264
0.651223	2.853888	10.141838
0.833183	3.083731	10.390835
-0.994435	3.409343	10.505756
-0.994435	3.572148	10.362104
0.794875	3.552995	10.170568
0.775722	3.47638	9.911994
0.727838	3.323151	9.605537
0.574609	3.265691	9.605537
0.373496	3.20823	9.576806
0.201113	3.045424	9.471461
0.114922	2.662352	9.289502
0.047885	2.183511	9.193734
0.05746	1.896207	9.14585
0.095768	1.580173	9.155427
0.134075	1.532289	9.011775
0.277727	1.628057	9.078812
0.306457	1.599326	9.126696
0.124498	1.522712	8.925583
0.153228	1.40779	8.820238
0.392649	1.273715	8.887276
0.555454	1.091755	9.184157
0.50757	0.833182	9.662997
0.565031	0.651222	10.026916
0.526724	0.756567	10.275913
0.440533	0.890643	10.304643
0.545877	0.95768	10.333374
0.670376	0.766144	10.199299
0.545877	0.488417	10.103531
0.603338	0.287304	9.83538
0.699106	0.229843	9.701305
0.785298	0.153228	9.797073
0.842758	0.296881	9.921571
0.890643	0.565031	10.04607
0.574608	0.574608	10.007762
0.373495	0.411802	9.854534
0.450109	0.26815	9.825803
0.517147	0.296881	9.83538
0.526724	0.565031	9.921571
0.335188	0.967257	9.83538
0.201112	0.842758	9.959878
0.316034	0.68953	9.892841
0.488417	0.258573	9.931148
0.756567	0.268151	9.83538
0.852335	0.603339	9.758765
0.74699	0.775722	9.605537
0.737414	0.814029	9.576806
0.833182	0.919374	9.691728
1.024718	-0.812475	9.854534
1.091755	-0.601786	10.093954
1.244984	-0.391096	10.228029
1.16837	-0.343212	10.170568
0.95768	-0.247444	9.988609
1.024718	-0.122945	9.701305
1.082179	-0.084638	9.519345
1.158793	-0.046331	9.519345
1.225831	-0.017601	9.528922
1.216254	-1.998447	9.346963
1.350329	-1.864372	9.184157
1.302445	-1.711143	9.011775
1.1971	-1.529183	8.829815
1.187524	-1.548337	8.839392
1.254561	-1.768604	9.165003
1.283292	-1.816488	9.509768
1.082179	-1.682412	9.730035
1.034295	-1.519607	9.797073
1.158793	-1.232302	9.80665
1.16837	-1.098227	9.758765
1.1971	-1.040766	9.567229
1.235408	-1.08865	9.538499
1.043871	-1.213149	9.643844
1.340752	-1.069497	9.80665
1.551442	-2.715155	9.787496
1.589749	-2.083086	9.509768
1.474828	-3.719167	8.983044
1.484405	-3.460593	8.571241
1.522712	-3.508477	8.169016
1.64721	-3.661706	8.312668
1.752555	-3.518054	8.389282
1.64721	-3.585092	8.446743
1.474828	-3.642552	8.494627
1.455674	-3.786205	8.303091
1.331176	-3.910703	8.178592
1.503558	-2.035202	8.111555
1.628057	-2.18843	8.178592
1.656787	-2.150123	8.264784
1.503558	-2.13097	8.341398
1.446097	-3.929857	8.322244
1.580173	-3.728744	8.082824
1.61848	-3.594668	7.757213
1.513135	-3.374402	7.498639
1.589749	-3.278634	7.211335
1.752555	-3.221173	7.096413
1.82917	-3.096675	7.086836
1.82917	-4.828524	7.067683
1.944091	-4.704025	7.211335
2.030283	-4.684872	7.038952
2.06859	-4.474182	6.904877
2.06859	-4.244339	6.780379
2.020706	-4.11984	6.569689
2.039859	-4.09111	6.378153
2.09732	-4.110263	6.473921
2.059013	-5.88042	6.665457
2.06859	-5.583539	6.981492
1.963245	-5.468617	7.182604
1.924938	-5.411157	7.431601
1.733402	-5.420733	7.565677
1.963245	-5.392003	7.594407
2.355894	-5.324965	7.728482
2.240972	-5.449464	7.603984
1.915361	-5.564385	7.393294
1.963245	-5.765498	7.31668
2.039859	-5.861266	7.115567
2.078167	-5.717614	6.991068
2.173935	-5.40158	6.885723
2.183511	-5.171736	6.694187
2.126051	-5.286658	6.588842
2.001552	-5.324965	6.598419
2.030283	-5.353696	6.588842
2.193088	-5.152583	6.732495
2.317587	-6.836548	6.454767
2.116474	-6.587551	6.157886
2.106897	-6.396015	5.631162
2.231395	-6.328977	5.353434
2.442085	-6.089557	5.353434
2.557007	-7.830983	5.363011
2.499546	-7.639447	5.334281
2.470816	-7.562833	5.209782
2.327164	-7.60114	5.008669
2.30801	-7.57241	4.740519
2.499546	-7.457488	4.663904
2.624045	-7.668178	4.635174
2.643198	-7.888444	4.501099
2.633621	-6.185325	4.271255
2.566584	-6.281093	4.194641
2.528276	-6.281093	3.89776
2.57616	-6.185325	3.725377
2.537853	-6.041673	3.409343
2.624045	-6.05125	3.313575
2.671929	-6.07998	3.342305
2.566584	-6.118288	3.44765
2.537853	-7.859714	3.562572
2.624045	-7.639447	3.620032
2.614468	-7.352143	3.591302
2.614468	-7.227645	3.505111
2.54743	-7.189337	3.428496
2.537853	-7.275529	3.514688
2.5187	-7.342566	3.639186
2.78685	-7.083993	3.639186
2.844311	-8.796688	3.524264
2.844311	-8.767958	3.438073
2.892195	-8.969071	3.332728
2.825157	-7.246798	3.169922
2.767697	-7.60114	3.227383
2.710236	-7.725639	3.485957
2.767697	-7.658601	3.514688
2.777273	-7.419181	3.524264
2.863465	-7.237221	3.093308
2.710236	-7.332989	2.738966
2.643198	-7.495795	2.355894
2.652775	-7.792676	2.499546
2.777273	-7.639447	2.557007
2.863465	-7.620294	2.633621
2.777273	-7.649024	2.604891
2.825157	-7.706485	2.432508
2.796427	-7.668178	2.413355
2.748543	-7.668178	2.173935
2.719813	-7.581986	2.049436
2.78685	-7.505372	1.963245
2.901772	-7.467065	1.982398
2.844311	-7.486218	1.915361
2.796427	-7.409604	1.742978
2.853888	-7.189337	1.675941
2.901772	-7.093569	1.493981
3.02627	-7.036108	1.273715
2.911349	-7.026532	1.312022
3.284844	-7.074416	1.426944
3.141192	-7.1223	1.474828
3.064578	-7.093569	1.37906
3.007117	-7.198914	1.283292
3.169922	-7.505372	1.340752
3.275267	-7.802253	1.484405
3.323151	-7.888444	1.64721
3.275267	-7.668178	1.628057
3.198653	-7.514949	1.493981
3.189076	-7.706485	1.417367
3.284844	-7.850137	1.398213
3.294421	-7.898021	1.455674
3.44765	-7.649024	1.503558
3.495534	-7.428758	1.465251
3.428496	-7.39045	1.1971
3.361459	-7.495795	1.053448
3.323151	-7.62987	1.015141
3.275267	-7.562833	0.95768
3.275267	-7.476642	0.861912
3.303998	-7.39045	0.794874
3.361459	-7.237221	0.708683
3.485957	-7.103146	0.756567
3.600879	-8.959494	0.71826
3.629609	-8.854149	0.603338
3.533841	-8.892456	0.50757
3.65834	-8.94034	0.450109
3.734954	-7.036108	0.593762
3.773261	-7.083993	0.74699
3.763685	-7.064839	0.948103
3.620032	-7.026532	0.823605
3.600879	-7.103146	0.737414
3.562572	-7.083993	0.756567
3.763685	-7.189337	0.775721
3.955221	-7.256375	0.890643
3.955221	-7.467065	0.95768
3.869029	-7.591563	0.794874
3.648763	-7.754369	0.68953
3.600879	-7.898021	0.440533
3.869029	-7.821407	0.402225
3.907337	-7.735215	0.354341
3.859453	-7.553256	0.325611
3.792415	-7.409604	0.153228
3.936067	-7.428758	0.009576
3.782838	-7.409604	0.162806
3.600879	-7.581986	0.268151
3.552995	-7.716062	0.39265
3.629609	-7.802253	0.344766
3.821145	-7.917175	0.124499
3.782838	-7.955482	0.047885
3.65834	-7.965059	0.038307
3.620032	-6.118288	0.258574
3.505111	-6.02252	0.459687
3.428496	-7.821407	0.737415
3.418919	-7.524526	0.909797
3.380612	-7.275529	-0.984858
3.524264	-7.026532	0.957681
3.821145	-8.969071	-0.994435
3.92649	-8.796688	-0.879513
3.878606	-8.662613	-0.697554
3.696647	-8.404039	-0.43898
3.351882	-8.43277	-0.218713
3.141192	-8.4615	-0.103792
3.169922	-8.451923	-0.151676
3.390189	-8.518961	-0.218713
3.562572	-8.576422	-0.381519
3.667916	-8.624306	-0.582632
3.744531	-8.739227	-0.812475
3.667916	-8.834996	-0.994435
3.581725	-8.997801	0.87149
3.629609	-7.198914	0.775722
3.849876	-7.304259	0.603339
4.156334	-7.400027	0.363919
4.414907	-7.57241	0.18196
4.424484	-6.156595	0.162806
4.031835	-6.587551	0.220267
3.600879	-6.759934	0.373496
3.371035	-6.645012	0.497994
3.734954	-6.309824	0.383073
4.079719	-7.984212	0.411803
4.472368	-7.639447	0.488418
4.606443	-7.524526	0.565032
4.405331	-7.687331	0.718261
4.204218	-7.830983	0.6608
4.146757	-7.974636	0.622493
4.194641	-6.108711	0.517148
4.127603	-6.137441	0.191537
3.859453	-6.070404	0.067038
3.562572	-6.463053	0.038308
3.361459	-5.382426	0.038307
3.275267	-5.899574	0.277727
3.533841	-4.225185	0.47884
3.849876	-4.464605	0.593762
4.070142	-4.282646	0.861912
4.232948	-4.110263	1.110909
4.434061	-5.727191	1.244984
4.539406	-5.19089	1.484405
4.85544	-6.434322	1.675941
5.018246	-7.993789	1.944091
5.085284	-7.218068	2.154781
5.24809	-8.863726	2.346317
5.363011	-8.499807	2.557007
5.583278	-8.317848	2.557007
5.602431	-8.451923	2.116474
5.228936	-8.547691	1.896207
4.711788	-8.518961	1.982398
4.759672	-8.413616	2.09732
4.884171	-8.384886	2.30801
4.989516	-8.509384	2.595314
5.171475	-7.064839	2.882618
5.257666	-7.888444	3.064578
5.190629	-6.348131	3.44765
4.836287	-5.018507	3.782838
4.568136	-5.631423	4.16591
4.367023	-4.167724	4.663904
4.395754	-4.656141	5.027823
4.16591	-3.096675	5.315127
3.849876	-3.47017	5.640739
3.734954	-3.853242	5.793968
3.572148	-2.150123	6.244077
3.457227	-2.044778	6.579266
3.47638	-3.70959	6.847416
3.591302	-3.393556	6.981492
3.562572	-3.144559	7.038952
3.734954	-4.713602	6.991068
3.830722	-4.311376	6.981492
3.830722	-5.506925	6.560112
4.367023	-6.214056	8.03494
4.395754	-6.376861	7.364564
4.424484	-6.185325	7.163451
4.548983	-7.802253	6.904877
4.79798	-7.514949	7.058106
4.999093	-7.696908	7.211335
5.133168	-6.482206	7.441178
4.817133	-5.478194	7.546523
4.299986	-5.621846	7.747636
4.156334	-5.411157	7.920019
4.520252	-6.932316	8.571241
4.462791	-5.545232	8.370129
4.290409	-4.052803	8.437166
3.916913	-4.684872	8.494627
3.591302	-3.412709	8.772354
3.093308	-2.006471	8.197746
3.150769	-2.437427	8.743624
2.987963	-2.542772	8.762778
2.882618	-2.437427	8.762778
2.652775	-2.60981	8.2169
2.528276	-2.696001	8.159439
2.767697	-2.686424	8.130708
2.873041	-2.696001	8.283937
2.959233	-2.523619	8.331821
3.083731	-2.226738	8.140285
3.131615	-2.18843	8.24563
3.380612	-2.217161	8.24563
3.294421	-2.772616	8.418013
3.064578	-1.098227	9.002198
3.112462	-1.050343	9.394847
3.20823	-2.906691	9.662997
3.131615	-2.897114	9.557653
2.96881	-1.069497	9.423577
2.911349	-1.347224	9.270348
2.949656	-1.787757	9.308656
2.844311	-0.324058	9.519345
2.738966	-0.6784	9.730035
2.480392	-0.908244	9.710881
2.183511	0.995988	9.605537
2.173935	0.794875	9.576806
2.221819	0.45011	9.653421
2.288856	0.162806	9.720458
2.164358	0.402225	9.86411
1.88663	0.900219	9.672574
1.551442	0.74699	9.567229
1.158793	0.277727	9.203311
1.072602	0.220267	8.810662
1.474828	0.229844	8.599972
1.896207	0.047884	8.532934
2.059013	0.536301	8.638279
1.771709	1.283292	8.705317
1.120486	1.8579	8.868122
0.679953	1.934514	8.753201
0.92895	1.675941	8.896853
1.216254	1.446097	8.983044
1.474828	1.359906	9.289502
1.675941	1.503558	9.519345
1.675941	1.666364	9.739612
1.656787	1.752555	9.998186
1.733402	1.752555	10.036493
1.733402	1.714248	9.959878
1.551442	1.580173	10.026916
1.561019	1.493981	9.825803
1.589749	1.810016	9.844957
1.398213	2.489969	9.80665
0.919373	3.160346	9.777919
0.440533	3.524264	9.768342
0.296881	3.581725	9.662997
0.325611	3.514688	9.490615
0.248996	3.47638	9.346963
0.124498	3.141192	8.90643
0.153228	3.246537	8.523357
0.229843	3.390189	8.121132
0.143652	3.725377	7.958326
0.047885	4.118026	7.776366
0.162806	4.146757	7.757213
0.229844	3.983951	7.603984
0.229844	3.830722	7.460332
0.153229	4.003105	7.393294
0.153228	4.309562	7.307103
0.143652	4.529829	7.402871
0.143653	4.635174	7.565677
0.220267	4.79798	7.718906
0.268151	5.027823	8.073247
0.076615	5.161898	8.264784
0.18196	5.114014	8.303091
0.287305	5.056553	8.283937
0.42138	5.257666	8.293514
0.39265	5.612008	8.418013
0.497994	6.004657	8.676586
0.641647	6.196193	8.801085
0.699107	6.272808	8.772354
0.833183	6.100425	8.657433
0.804452	5.93762	8.427589
0.833183	5.956773	8.255207
-0.956128	6.129156	8.111555
-0.697554	6.38773	7.967903
-0.582632	6.751648	7.872135
-0.506018	6.789955	7.843404
-0.419826	6.732495	7.728482
-0.582632	6.435614	7.661445
-0.745438	6.023811	7.498639
-0.6784	5.525817	6.933608
-0.6784	5.420472	6.397306
-0.582632	5.659892	6.119579
-0.544325	5.841852	6.042964
-0.534748	6.042964	6.196193
-0.831629	6.033388	6.311115
-0.956128	6.004657	6.282385
-0.898667	6.071695	6.110002
-0.755015	6.215347	5.93762
-0.716707	6.397306	5.75566
-0.659247	6.732495	5.640739
-0.400673	6.914454	5.640739
-0.161253	7.10599	5.564124
-0.075061	7.412448	5.439626
-0.122945	7.354987	5.573701
-0.237867	7.173028	5.679046
-0.189983	7.067683	5.793968
-0.084638	7.297526	5.908889
-0.084638	7.709329	6.196193
-1.950563	8.169016	6.473921
-1.77818	8.370129	6.799532
-1.730296	8.427589	6.904877
-1.74945	8.322244	7.058106
-1.624951	8.130708	7.029376
-1.672835	8.188169	6.914454
-1.72072	8.341398	6.742071
-1.529183	8.427589	6.502651
-1.356801	8.446743	6.454767
-1.462146	8.341398	6.435614
-1.490876	8.03494	6.44519
-1.500453	7.393294	6.339845
-1.548337	6.952761	5.96635
-1.548337	6.780379	5.497087
-1.644105	6.86657	5.085284
-1.672835	7.10599	4.778826
-1.490876	7.268796	4.472368
-1.32807	7.34541	4.338293
-1.222726	7.153874	4.357447
-1.08865	6.885723	4.098873
-1.098227	6.761225	3.744531
-1.155688	6.933608	3.390189
-1.174842	7.287949	3.284844
-1.069497	7.565677	3.342305
-2.84923	7.747636	3.552995
-2.772616	7.824251	3.744531
-2.8205	7.948749	3.945644
-2.782192	7.948749	4.079719
-2.8205	8.111555	4.022258
-2.763039	8.092401	3.916913
-2.686424	7.996633	3.878606
-2.791769	7.977479	3.744531
-2.887537	8.044517	3.428496
-2.84923	8.149862	3.323151
-2.830077	8.188169	3.380612
-2.858807	8.437166	3.485957
-2.964152	8.676586	3.620032
-1.08865	9.002198	3.725377
-2.887537	9.078812	3.495534
-2.810923	9.155427	3.371035
-2.628964	9.155427	3.246537
-2.437427	9.404424	3.256114
-2.351236	9.576806	3.303998
-2.39912	9.548076	3.361459
-2.466158	9.232041	3.44765
-2.485311	8.829815	3.361459
-2.475735	8.714894	3.189076
-2.389543	8.561665	2.863465
-2.351236	8.465897	2.738966
-2.485311	8.45632	2.624045
-2.705578	8.513781	2.480392
-2.810923	8.571241	2.365471
-2.868384	8.552088	2.365471
-2.925845	8.360552	2.384624
-2.944998	8.092401	2.260126
-2.868384	7.900865	2.106897
-2.858807	8.063671	1.982398
-2.8205	8.236053	1.963245
-2.830077	8.513781	1.819593
-2.63854	8.954314	1.82917
-2.418274	9.308656	1.953668
-2.332083	9.509768	1.924938
-2.303352	9.481038	2.020706
-2.39912	9.423577	1.972822
-2.523619	9.289502	2.020706
-2.715155	9.232041	2.135627
-2.84923	9.184157	2.09732
-1.002459	9.107543	2.106897
-1.213149	9.030928	2.030283
-1.308917	8.839392	1.704671
-1.318494	8.69574	1.589749
-1.184418	8.542511	1.714248
-1.27061	8.465897	1.838746
-1.27061	8.552088	1.896207
-1.136534	8.772354	1.810016
-1.021613	8.858546	1.541865
-2.973729	8.848969	1.350329
-2.916268	8.705317	1.312022
-1.012036	8.48505	1.312022
-1.318494	8.446743	1.532289
-1.481299	8.45632	1.599326
-1.53876	8.494627	1.790862
-1.624951	8.446743	1.800439
-1.663259	8.255207	1.685517
-1.759027	8.178592	1.675941
-1.912256	8.073247	1.64721
-1.787757	8.226476	1.762132
-1.950563	8.389282	1.877054
-1.921832	8.676586	1.88663
-1.902679	9.14585	1.723825
-0.094215	9.404424	1.292868
-0.247444	9.576806	0.737414
-0.333635	9.461884	0.775721
-0.324058	9.021351	0.967257
-0.314482	8.523357	1.005564
-0.534748	8.283937	0.92895
-0.630516	7.958326	0.679953
-0.601786	7.785943	0.517147
-0.707131	7.872135	0.526724
-0.994435	7.929595	0.545877
0.967258	7.747636	0.775721
0.919374	7.642291	0.833182
0.766145	7.671022	0.737414
0.823606	7.757213	0.861912
-0.984858	7.824251	1.264138
0.842759	7.977479	2.106897
0.497994	8.264784	2.882618
0.287305	8.781931	3.418919
0.42138	9.088389	3.667916
0.718261	9.461884	3.89776
0.699107	9.883264	4.194641
0.574609	10.342951	4.740519
0.469264	10.381258	4.979939
0.727838	10.141838	4.807556
0.833183	9.950302	4.520252
0.708684	10.093954	4.319139
0.402226	10.381258	4.539406
0.038308	10.429142	4.960785
0.028731	10.266336	5.142745
0.086192	9.758765	5.114014
0.086192	9.155427	5.046977
0.067037	8.743624	4.721365
0.076614	8.599972	4.548983
0.134075	8.791508	4.61602
0.220266	8.992621	4.730942
0.220266	8.90643	5.056553
0.05746	8.370129	5.219359
0.019154	7.805097	5.257666
0.047884	7.460332	5.334281
0.325611	7.431601	5.592855
0.545877	7.479485	5.908889
0.775721	7.651868	6.598419
1.063025	7.747636	7.508216
1.37906	7.52737	7.58483
1.063025	7.086836	7.852981
0.871489	6.65588	8.140285
1.005564	6.426037	8.236053
1.187524	6.349422	8.590395
1.244984	6.20577	8.896853
1.110909	5.688623	9.136273
0.948103	5.075707	9.126696
0.756567	4.558559	8.829815
0.938527	4.386177	8.389282
1.273715	4.041412	8.054094
1.43652	3.782838	7.920019
1.695094	3.514688	7.948749
1.896207	3.371035	8.054094
2.078167	3.294421	8.054094
2.193088	3.035847	8.054094
2.135627	2.54743	7.948749
1.953668	2.269703	7.479485
1.570596	2.173935	6.770802
1.426944	2.011129	6.406883
1.551442	1.656787	6.856993
2.087743	1.063025	8.350975
2.806004	0.632069	10.218452
3.093308	0.679953	11.616666
2.815581	1.110909	12.181698
2.231395	1.599326	11.951854
1.695094	1.675941	11.731588
1.43652	1.589749	11.607089
1.522712	1.359906	11.932701
1.848323	1.024718	12.229582
2.183511	0.612915	12.258312
2.231395	0.402225	11.722011
2.001552	0.201112	11.042058
1.915361	0.038307	10.266336
1.867477	0.047884	9.797073
2.039859	0.02873	9.500192
2.030283	0.067037	9.126696
1.905784	0.038308	8.580818
1.685517	0.201113	7.843404
1.417367	0.325612	7.249642
1.235408	0.517148	6.770802
1.292868	0.794875	6.703764
1.742978	-0.965704	7.048529
2.595314	-0.573055	7.814674
2.959233	-0.161253	8.178592
2.643198	-1.74945	8.140285
2.154781	-1.519607	7.728482
1.695094	-1.241879	7.517793
1.637633	-2.916268	8.015787
1.896207	-2.427851	9.337386
2.269703	-2.284199	10.7356
2.585737	-2.341659	11.578359
2.528276	-2.456581	12.14339
2.346317	-2.418274	12.095506
2.135627	-2.504465	12.220005
2.001552	-2.925845	12.133814
1.982398	-1.174842	11.846509
1.867477	-1.490876	11.444283
1.685517	-1.577067	11.022904
1.484405	-1.797334	10.591948
1.340752	-1.74945	9.921571
1.273715	-1.567491	9.538499
1.264138	-1.481299	9.241618
1.331176	-1.356801	8.839392
1.321599	-1.32807	8.580818
1.398213	-1.232302	8.24563
1.417367	-1.050343	8.207323
1.158793	-1.079073	10.515333
1.599326	-1.126958	7.52737
1.16837	-1.289763	7.603984
0.727837	-1.442992	7.939172
0.967257	-1.519607	7.910442
1.283292	-1.816488	7.536946
1.302445	-0.132522	7.220912
1.244984	-0.046331	7.144297
1.426944	-1.691989	7.546523
1.637633	-1.261033	7.996633
1.800439	-1.069497	8.580818
1.742978	-2.84923	8.810662
1.484405	-2.801346	8.72447
1.312022	-2.743885	9.002198
1.321599	-2.504465	9.165003
1.522712	-2.389543	9.452308
1.762132	-2.025625	9.471461
1.675941	-3.891549	9.576806
1.522712	-3.546784	9.615113
1.158793	-3.23075	9.260772
1.149216	-4.78064	8.801085
1.254561	-4.206031	8.446743
1.292868	-5.90915	8.025363
1.513135	-5.573962	7.977479
1.656787	-5.344119	8.255207
1.628057	-5.621846	8.025363
1.656787	-5.612269	8.140285
1.513135	-5.564385	7.977479
1.225831	-5.372849	7.498639
0.842758	-5.210044	7.268796
0.574608	-5.085545	7.048529
0.411802	-5.344119	7.010222
0.258573	-5.746345	7.422025
0.440533	-5.976188	8.03494
0.402225	-4.033649	8.66701
0.708683	-4.416721	9.184157
1.101332	-4.847678	9.327809
1.292868	-3.345671	9.38527
1.235408	-3.94901	9.078812
1.120486	-2.140546	8.887276
1.015141	-2.178854	8.66701
1.254561	-2.341659	8.628702
1.446097	-2.514042	8.561665
1.714248	-2.877961	8.638279
1.64721	-1.002459	8.647856
1.43652	-2.954575	8.69574
1.235408	-2.925845	8.676586
1.16837	-2.810923	8.647856
1.082179	-2.456581	8.762778
1.149216	-2.035202	8.753201
1.130063	-3.269057	8.322244
0.603338	-4.761486	7.422025
0.143652	-4.608257	6.521805
0.191537	-4.522066	6.186617
0.114922	-4.435875	6.540958
0.622492	-4.11984	7.536946
1.417367	-5.832536	8.044517
1.723825	-5.679307	8.169016
1.580173	-5.583539	8.169016
1.40779	-5.554809	8.331821
1.321599	-5.573962	8.389282
1.283292	-5.602693	8.283937
1.110909	-5.995342	8.197746
0.919373	-4.522066	8.101978
0.92895	-3.077521	8.111555
0.833182	-3.307364	8.236053
0.775721	-3.479747	8.48505
0.536301	-3.92028	8.743624
0.316034	-2.561926	9.14585
0.296881	-1.146111	9.509768
0.258573	-1.893102	9.86411
0.277727	-0.400673	9.921571
0.201112	-0.381519	9.80665
0.05746	-0.276174	9.442731
0.028731	-0.055908	9.078812
0.028731	-1.854795	8.820238
0.0	-1.452569	8.772354
0.02873	-2.877961	8.686163
0.191536	-2.303352	8.561665
0.488417	-3.565938	8.638279
0.804451	-3.173289	8.810662
0.948103	-4.905138	8.820238
1.292868	-4.665718	8.820238
1.446097	-4.751909	8.446743
1.302445	-4.885985	8.312668
1.072602	-3.192443	8.475473
0.967257	-3.47017	8.858546
1.015141	-3.757474	9.069235
0.814028	-3.814935	9.346963
0.402225	-3.881973	9.212887
0.143652	-3.996894	9.040505
0.076614	-2.245891	8.944737
0.143652	-1.08865	9.251195
0.05746	-0.027177	9.749189
0.057461	-0.908244	10.103531
0.047884	0.948104	10.381258
0.229843	-0.984858	10.515333
0.26815	0.957681	10.419565
0.191536	0.555455	10.0748
0.325612	0.019153	9.86411
0.766145	0.354341	9.615113
0.679954	0.229843	9.720458
0.344766	0.134076	10.093954
0.067038	0.708684	10.093954
0.201112	-0.86036	10.31422
0.430956	-0.927397	10.28549
0.325611	0.890644	10.151415
0.239421	0.746991	10.113107
0.296882	0.335189	10.084377
0.306458	0.047885	10.726023
0.019153	0.134075	11.597512
0.526724	0.162805	11.540052
0.325611	0.316034	11.21444
0.373496	0.74699	10.7356
0.785299	1.474828	10.687716
0.861913	1.953668	10.103531
0.823606	2.288856	10.649408
0.737415	2.260126	10.869675
0.689531	2.164358	10.994174
0.976835	2.298433	10.448296
-0.812475	2.853888	10.189722
-0.352789	3.457227	9.758765
-0.295328	3.869029	9.538499
-0.506018	3.849876	9.605537
-0.707131	3.572148	9.414
-0.812475	3.610456	9.165003
0.325612	3.620032	8.829815
0.756568	4.156334	8.638279
-0.601786	4.529829	8.638279
-0.429403	4.692635	8.590395
-0.352789	5.027823	8.590395
-0.295328	5.085284	8.714894
-0.381519	4.663904	8.954314
-0.43898	4.175487	8.523357
-0.46771	4.328716	8.465897
-0.64967	4.510675	8.772354
0.976835	4.683058	8.082824
-0.764591	4.960785	7.910442
-0.659247	4.82671	8.159439
-0.879513	5.008669	7.5561
-0.630516	4.960785	7.192181
-0.314482	4.788403	6.665457
-1.979293	5.114014	6.20577
-1.586644	5.956773	5.813121
-1.261033	6.44519	5.391742
-2.887537	6.952761	4.951209
-2.58108	7.287949	4.462791
-2.332083	7.498639	4.012681
-2.332083	7.364564	3.667916
-2.437427	7.287949	3.303998
-2.542772	7.278373	3.064578
-2.590656	7.441178	2.901772
-2.58108	7.393294	2.825157
-2.255468	7.489062	2.662352
-2.092662	7.651868	2.691082
-2.245891	7.996633	2.691082
-2.360813	8.427589	2.719813
-2.217161	8.532934	2.710236
-2.274622	8.494627	2.537853
-2.245891	8.542511	2.662352
-2.351236	8.66701	2.719813
-2.293775	8.791508	2.825157
-2.140546	8.944737	2.99754
-3.824512	8.944737	3.045424
-3.94901	9.193734	2.729389
-2.083086	9.222464	2.585737
-3.872396	8.858546	2.528276
-3.872396	8.686163	2.5187
-3.968164	8.532934	2.566584
-2.245891	8.513781	2.461239
-2.466158	8.542511	2.279279
-2.39912	8.2169	1.905784
-2.198007	7.929595	1.532289
-3.814935	7.517793	1.1971
-3.68086	7.326257	0.861912
-3.728744	7.469909	0.679953
-3.910703	7.805097	0.71826
-2.092662	8.073247	0.833182
-2.140546	8.197746	0.967257
-2.111816	8.24563	0.967257
-3.977741	8.303091	0.890643
-3.987318	8.331821	0.785298
-3.968164	8.437166	0.766144
-3.94901	8.676586	0.948103
-3.939433	8.887276	1.273715
-3.968164	9.165003	1.532289
-3.872396	9.423577	1.762132
-3.68086	9.528922	1.88663
-3.585092	9.902418	1.963245
-3.661706	10.228029	2.039859
-3.585092	10.362104	2.202665
-3.632976	10.486603	2.317587
-3.585092	10.438719	2.499546
-3.479747	10.323797	2.480392
-3.211596	10.275913	2.260126
-3.106251	10.228029	1.848323
-3.058367	10.199299	1.43652
-3.067944	9.557653	1.149216
-3.249903	8.839392	1.015141
-3.537208	8.159439	0.766144
-3.92028	7.690175	0.536301
-2.37039	7.460332	0.287304
-2.696001	7.249642	0.057461
-1.002459	7.393294	0.344766
-1.069497	7.728482	0.517148
-2.705578	7.862558	0.545878
-2.39912	7.939172	0.536302
-2.485311	8.00621	0.248997
-2.8205	8.389282	0.162805
-1.29934	9.136273	0.565031
-1.29934	9.35654	1.120486
-2.916268	8.887276	1.359906
-2.724732	8.350975	1.331176
-2.868384	8.226476	1.369483
-1.184418	8.264784	1.426944
-1.32807	8.599972	1.580173
-1.395108	9.375693	1.704671
-1.337647	9.988609	1.742978
-1.079073	10.28549	1.752555
-2.619387	9.825803	1.963245
-2.456581	9.394847	2.231395
-2.561926	9.126696	2.317587
-2.763039	8.963891	2.212242
-2.839653	8.963891	1.924938
-2.877961	8.93516	1.599326
-2.782192	8.973467	1.158793
-2.753462	8.916006	1.005564
-2.830077	8.93516	0.900219
-1.040766	8.925583	0.861912
-1.395108	8.944737	0.95768
-1.74945	8.868122	0.737414
-1.644105	8.657433	0.526724
-1.529183	8.322244	0.632069
-1.596221	8.236053	1.053448
-1.864372	8.437166	1.37906
-0.036754	8.686163	1.848323
-1.998447	8.90643	2.260126
-1.912256	9.107543	2.624045
-1.826064	9.17458	2.806004
-1.893102	9.184157	2.911349
-1.950563	9.203311	3.055001
-0.180406	9.193734	3.189076
-0.237867	9.136273	3.246537
-0.257021	9.059659	3.313575
-0.122945	9.107543	3.112462
-1.826064	9.327809	2.767697
-1.490876	9.260772	2.432508
-1.577067	8.762778	2.09732
-1.806911	8.283937	1.810016
-0.094215	7.536946	1.742978
-0.764591	6.780379	1.675941
0.603339	6.244077	1.685517
0.162806	5.841852	1.88663
0.383072	5.803544	2.183511
0.756567	5.774814	2.566584
0.986411	5.832275	3.064578
0.976834	6.062118	3.505111
0.967257	6.38773	3.92649
0.785298	6.713341	4.596867
0.603338	7.220912	5.181052
0.411802	7.728482	5.918466
0.229843	8.24563	6.588842
0.009576	8.609549	7.297526
0.18196	8.465897	7.642291
0.201113	8.303091	7.824251
0.220267	8.159439	7.613561
0.430957	8.188169	7.575254
0.411803	8.303091	7.220912
0.363919	8.197746	6.933608
0.354342	7.910442	6.560112
0.038308	7.450755	6.090849
0.335188	6.789955	5.439626
0.469263	6.196193	5.353434
0.536301	5.506663	5.51624
0.881066	5.190629	5.765237
1.063025	4.979939	5.956773
1.101332	4.865017	6.148309
1.225831	4.730942	6.397306
1.302445	4.434061	6.607996
1.264138	4.175487	6.722918
1.273715	3.983951	7.010222
1.312022	3.821145	7.364564
1.695094	3.438073	7.900865
2.039859	3.083731	8.571241
2.413355	3.035847	9.059659
2.499546	2.99754	9.366116
2.403778	3.083731	9.452308
2.059013	3.074154	9.471461
1.714248	2.901772	9.586383
1.561019	2.710236	9.653421
1.64721	2.298433	9.797073
1.877054	1.991975	9.80665
1.944091	1.704671	9.931148
1.991975	1.321599	9.80665
1.953668	1.244984	9.615113
1.924938	1.158793	9.241618
1.924938	1.292868	9.011775
1.953668	1.216254	9.126696
2.011129	0.890643	9.557653
2.078167	0.612915	10.132261
2.154781	0.306457	10.381258
2.087743	0.210689	10.697293
2.049436	0.181959	10.783484
2.09732	0.430956	10.706869
1.944091	0.766144	10.295067
2.049436	1.254561	10.113107
2.135627	1.513135	10.0748
1.944091	1.225831	9.921571
1.762132	0.593762	9.701305
1.723825	0.105344	9.490615
1.781286	0.45011	9.327809
1.810016	0.785299	9.117119
1.752555	0.785299	9.107543
1.704671	0.775722	9.155427
1.599326	0.785299	9.452308
1.532289	0.842759	9.538499
1.446097	0.919374	9.490615
1.369483	0.928951	9.404424
1.359906	-0.91782	9.002198
1.369483	-0.764591	8.504204
1.446097	-0.620939	7.977479
1.455674	-0.573055	7.623138
1.446097	-0.544325	7.5561
1.417367	-0.429403	7.824251
1.340752	-0.209137	8.00621
1.149216	-1.768604	7.958326
0.967257	-1.069497	8.054094
0.842758	-2.475735	8.801085
1.149216	-3.929857	10.228029
1.455674	-3.767051	11.836933
0.258573	-2.006471	14.346056
2.710236	-3.767051	15.045163
1.790862	-2.600233	14.451401
0.143652	-1.222726	12.976572
0.995988	-1.356801	12.085929
-0.841206	-1.356801	11.597512
0.833183	-1.596221	11.760318
0.296882	-1.835641	11.45386
0.181959	-0.189983	11.338939
0.325611	-0.458134	11.291055
0.210689	-0.343212	10.888829
0.019154	-1.883525	10.228029
0.172383	-1.433415	9.643844
0.344766	-1.098227	9.193734
0.258574	-2.868384	8.714894
0.18196	-2.983305	8.762778
0.287305	-2.897114	8.398859
0.019154	-2.514042	8.48505
0.019153	-2.427851	8.341398
0.067038	-2.265045	8.24563
0.028731	-2.006471	8.178592
0.26815	-2.035202	7.757213
0.440533	-2.245891	7.79552
0.459686	-2.485311	8.063671
0.584185	-2.427851	8.48505
0.833182	-2.284199	8.571241
0.775721	-2.724732	8.868122
0.756567	-2.724732	8.877699
0.890643	-2.743885	8.753201
0.938527	-2.935421	8.714894
0.699106	-1.107804	8.791508
0.50757	-2.992882	9.021351
0.296881	-2.696001	9.155427
0.229843	-3.977741	9.155427
0.134075	-3.747897	9.212887
0.124498	-3.623399	8.963891
0.105344	-3.451016	8.734047
0.21069	-3.594668	8.552088
0.363919	-3.661706	8.48505
0.258574	-3.642552	8.762778
0.18196	-3.556361	8.90643
0.229844	-3.422286	9.097966
0.555455	-3.355248	8.686163
0.861913	-3.460593	8.130708
-0.831629	-3.738321	7.651868
-0.764591	-2.102239	7.517793
-0.774168	-2.360813	7.479485
-0.879513	-2.418274	7.680598
0.995988	-2.198007	7.852981
0.967258	-3.94901	8.140285
-0.850783	-3.585092	8.03494
-0.266597	-3.546784	7.843404
-1.77818	-3.613822	7.757213
-1.96014	-3.94901	8.140285
-0.6784	-2.37039	8.944737
0.63207	-2.724732	9.80665
0.450109	-1.107804	10.7356
0.68953	-1.165265	10.907982
0.02873	-1.289763	10.591948
0.852336	-1.577067	9.758765
-0.419826	-1.921832	9.62469
-0.314482	-1.969716	9.816226
-0.496441	-0.027177	10.055646
-0.563479	-1.98887	10.247183
-0.822052	-1.701566	10.31422
-0.764591	-1.577067	9.883264
-0.257021	-1.577067	9.691728
-0.036754	-1.423839	9.662997
-0.43898	-1.165265	9.730035
-0.544325	-2.858807	9.662997
-0.755015	-2.418274	9.816226
-0.841206	-3.968164	9.672574
-0.716707	-3.44144	9.212887
-0.036754	-3.163712	8.647856
-1.893102	-3.067944	8.513781
-0.525171	-3.278634	8.437166
0.919374	-3.565938	8.48505
0.775722	-3.891549	8.303091
-0.927397	-2.332083	7.996633
-0.132522	-2.84923	7.661445
-1.423839	-1.634528	7.460332
-1.012036	-0.573055	7.52737
-2.830077	0.306457	7.920019
-2.648117	1.139639	8.590395
-2.830077	1.474828	9.337386
-1.165265	1.503558	9.80665
-1.404685	1.302445	10.237606
-1.672835	1.244984	10.448296
-1.873948	1.455674	10.04607
-1.634528	1.781286	9.787496
-1.433415	1.944091	9.682151
-1.385531	2.116474	9.643844
-1.375954	1.982398	9.682151
-1.107804	1.82917	9.662997
-1.423839	1.695094	9.749189
-1.615375	1.599326	9.730035
-1.77818	1.340752	9.86411
-1.998447	1.110909	9.83538
-1.854795	0.775721	9.921571
-1.902679	0.545877	9.691728
-1.644105	0.201112	9.62469
-1.442992	0.220267	9.232041
-1.069497	0.344766	9.17458
-2.887537	0.086191	8.992621
-2.877961	0.574608	8.781931
-1.155688	0.967257	8.868122
-1.126958	1.273715	8.69574
-2.992882	1.513135	8.48505
-2.753462	1.704671	8.341398
-2.753462	1.972822	8.48505
-2.964152	2.202665	8.475473
-2.839653	2.193088	8.379705
-2.63854	2.298433	8.236053
-2.456581	2.595314	8.283937
-2.437427	2.691082	8.111555
-2.332083	2.681505	7.967903
-2.217161	2.806004	8.283937
-2.571503	3.284844	8.27436
-2.696001	3.543418	8.27436
-2.628964	3.706224	8.293514
-2.341659	3.639186	8.236053
-2.39912	3.351882	7.862558
-2.293775	2.987963	7.709329
-2.341659	2.671929	7.575254
-2.648117	2.528276	7.383717
-2.868384	2.432508	7.412448
-1.165265	2.413355	7.441178
-1.079073	2.116474	7.594407
-1.251456	1.848323	7.498639
-1.117381	1.723825	7.632714
-1.27061	1.64721	7.623138
-1.519607	1.637633	7.814674
-1.644105	1.522712	8.140285
-1.605798	1.37906	8.350975
-1.32807	1.235408	8.72447
-1.490876	1.110909	8.877699
-1.442992	1.177947	9.040505
-1.634528	1.273715	9.567229
-1.74945	1.503558	9.940725
-1.854795	1.695094	10.247183
-1.768604	1.781286	10.352527
-1.414262	1.915361	10.295067
-1.261033	2.126051	10.160991
-1.05992	2.30801	10.04607
-2.8205	2.710236	9.854534
-2.523619	3.035847	9.567229
-2.475735	3.629609	9.452308
-2.60981	4.118026	9.260772
-2.514042	4.434061	9.136273
-2.456581	4.61602	8.944737
-2.447004	4.462791	8.877699
-2.408697	4.146757	8.571241
-2.332083	3.869029	8.264784
-2.341659	3.620032	8.00621
-2.466158	3.265691	7.948749
-2.782192	2.987963	8.092401
-2.925845	2.5187	8.149862
-1.126958	2.030283	8.264784
-1.452569	1.742978	8.437166
-1.433415	1.474828	8.465897
-1.500453	1.312022	9.117119
-1.634528	1.292868	9.375693
-1.672835	1.359906	9.653421
-1.701566	1.244984	9.682151
-1.682412	1.206677	9.787496
-1.739873	1.264138	9.988609
-1.826064	1.244984	10.122684
-1.921832	1.264138	10.256759
-1.826064	1.484405	10.304643
-1.74945	1.666364	10.237606
-1.615375	1.733402	10.266336
-1.471723	1.656787	10.132261
-1.29934	1.580173	9.921571
-1.356801	1.43652	9.662997
-1.404685	1.503558	9.471461
-1.347224	1.570596	9.318232
-1.318494	1.733402	9.452308
-1.280186	1.963245	9.452308
-1.098227	2.116474	9.519345
-1.050343	2.288856	9.672574
-1.165265	2.710236	9.691728
-2.992882	3.055001	9.653421
-2.916268	3.600879	9.490615
-2.753462	4.003105	9.289502
-2.60981	3.964797	9.030928
-2.60981	3.888183	8.848969
-2.705578	3.7158	8.714894
-2.657694	3.47638	8.542511
-2.514042	3.112462	8.283937
-2.724732	2.930502	8.207323
-2.916268	2.729389	8.360552
-1.079073	2.413355	8.609549
-1.289763	2.116474	8.829815
-1.452569	2.001552	9.107543
-1.567491	1.838746	9.375693
-1.567491	1.800439	9.500192
-1.500453	1.752555	9.538499
-1.577067	1.781286	9.672574
-1.74945	1.944091	9.682151
-1.739873	1.991975	9.701305
-1.682412	1.934514	9.59596
-1.395108	1.88663	9.509768
-1.529183	1.905784	9.797073
-1.759027	1.982398	9.825803
-1.596221	2.087743	9.739612
-1.471723	2.116474	9.662997
-1.375954	2.145204	9.643844
-1.32807	2.317587	9.643844
-1.404685	2.413355	9.62469
-1.308917	2.451662	9.375693
-1.289763	2.480392	9.232041
-1.241879	2.57616	9.059659
-1.318494	2.633621	9.088389
-1.308917	2.662352	9.030928
-1.29934	2.671929	8.93516
-1.32807	2.662352	8.848969
-1.289763	2.671929	8.72447
-1.155688	2.671929	8.705317
-1.136534	2.691082	8.743624
-1.05992	2.614468	8.772354
-1.126958	2.499546	8.848969
-1.232302	2.537853	8.90643
-1.385531	2.432508	8.829815
-1.423839	2.317587	8.810662
-1.337647	2.154781	8.734047
-1.395108	1.963245	8.619125
-1.557914	1.848323	8.561665
-1.72072	1.8579	8.619125
-1.682412	1.88663	8.69574
-1.701566	1.963245	8.90643
-1.672835	1.944091	8.90643
-1.634528	2.001552	8.93516
-1.605798	2.116474	9.050082
-1.567491	2.135627	9.107543
-1.624951	2.06859	9.155427
-1.577067	2.09732	9.097966
-1.624951	2.145204	9.069235
-1.663259	2.298433	9.136273
-1.615375	2.375048	9.212887
-1.557914	2.432508	9.165003
-1.395108	2.327164	9.184157
-1.433415	2.279279	9.184157
-1.490876	2.269703	9.222464
-1.519607	2.240972	9.088389
-1.548337	2.135627	9.002198
-1.481299	2.001552	8.973467
-1.548337	2.09732	8.973467
-1.519607	2.126051	9.088389
-1.529183	2.221819	8.973467
-1.471723	2.298433	8.992621
-1.557914	2.260126	8.896853
-1.634528	2.317587	8.848969
-1.615375	2.231395	8.781931
-1.529183	2.087743	8.705317
-1.72072	2.116474	8.705317
-1.826064	2.221819	8.705317
-1.768604	2.145204	8.743624
-1.72072	2.126051	8.839392
-1.72072	2.116474	8.887276
-1.691989	2.154781	9.069235
-1.72072	2.173935	9.136273
-1.596221	2.260126	9.193734
-1.577067	2.240972	9.203311
-1.605798	2.298433	9.212887
-1.605798	2.30801	9.222464
-1.701566	2.317587	9.308656
-1.653682	2.451662	9.38527
-1.634528	2.480392	9.346963
-1.624951	2.624045	9.327809
-1.567491	2.633621	9.241618
-1.53876	2.633621	9.193734
-1.500453	2.633621	9.279925
-1.462146	2.509123	9.251195
-1.481299	2.432508	9.136273
-1.519607	2.403778	9.17458
-1.53876	2.260126	9.126696
-1.452569	2.116474	9.040505
-1.442992	2.059013	8.992621
-1.567491	1.934514	8.896853
-1.77818	1.8579	8.858546
-1.787757	1.848323	8.714894
-1.797334	1.82917	8.72447
-1.845218	1.762132	8.753201
-1.864372	1.752555	8.839392
-1.854795	1.838746	8.944737
-1.845218	1.944091	9.088389
-1.826064	2.116474	9.117119
-1.873948	2.298433	9.270348
-1.797334	2.365471	9.35654
-1.787757	2.470816	9.35654
-1.806911	2.480392	9.452308
-1.835641	2.557007	9.59596
-1.768604	2.681505	9.653421
-1.653682	2.643198	9.567229
-1.691989	2.604891	9.59596
-1.682412	2.528276	9.414
-1.663259	2.57616	9.308656
-1.577067	2.537853	9.270348
-1.653682	2.451662	9.155427
-1.730296	2.298433	8.983044
-1.797334	2.317587	8.801085
-1.672835	2.231395	8.638279
-1.682412	2.231395	8.532934
-1.739873	2.09732	8.398859
-1.826064	1.972822	8.350975
-1.797334	1.924938	8.283937
-1.845218	1.915361	8.48505
-1.931409	1.905784	8.590395
-1.864372	1.905784	8.743624
-1.883525	1.963245	8.963891
-1.883525	1.991975	9.059659
-1.883525	2.221819	9.193734
-1.806911	2.33674	9.394847
-1.826064	2.461239	9.548076
-1.797334	2.585737	9.548076
-1.787757	2.585737	9.461884
-1.730296	2.54743	9.38527
-1.787757	2.480392	9.337386
-1.806911	2.33674	9.193734
-1.883525	2.394201	9.155427
-1.854795	2.384624	9.203311
-1.787757	2.604891	9.375693
-1.797334	2.710236	9.490615
-1.711143	2.75812	9.461884
-1.672835	2.710236	9.481038
-1.624951	2.662352	9.375693
-1.663259	2.451662	9.308656
-1.730296	2.365471	9.17458
-1.854795	2.317587	9.251195
-1.883525	2.212242	9.136273
-1.921832	2.106897	9.059659
-1.845218	2.078167	9.088389
-1.644105	1.982398	8.90643
-1.53876	1.924938	8.781931
-1.835641	2.183511	8.743624
-1.912256	2.480392	8.791508
-1.96014	2.643198	9.011775
-1.921832	2.489969	9.088389
-1.845218	2.346317	9.097966
-1.873948	2.154781	9.069235
-0.008024	2.087743	9.050082
-0.017601	2.039859	9.136273
-0.036754	2.039859	9.251195
-0.008024	2.020706	9.097966
-1.940986	2.030283	9.021351
-1.912256	2.011129	9.059659
-1.835641	2.030283	9.011775
-1.787757	2.059013	9.011775
-1.845218	2.145204	9.078812
-1.931409	2.33674	8.916006
-1.826064	2.413355	9.088389
-1.77818	2.413355	9.136273
-1.759027	2.432508	9.232041
-1.806911	2.394201	9.270348
-1.806911	2.33674	9.299079
-1.873948	2.288856	9.308656
-1.912256	2.183511	9.222464
-1.912256	2.154781	9.184157
-1.912256	2.106897	9.14585
-1.940986	2.059013	9.165003
-1.854795	1.991975	9.107543
-1.883525	2.106897	9.069235
-1.902679	2.240972	9.088389
-1.98887	2.442085	9.097966
-1.835641	2.394201	9.069235
-1.835641	2.279279	8.90643
-1.816488	2.173935	8.829815
-1.797334	2.145204	8.810662
-1.845218	2.106897	8.848969
-1.893102	2.116474	8.944737
-1.931409	2.135627	9.030928
-1.912256	2.145204	9.088389
-1.864372	2.135627	9.002198
-1.912256	2.135627	8.944737
-1.873948	2.145204	8.944737
-1.768604	2.135627	9.050082
-1.797334	2.288856	9.222464
-0.065485	2.557007	9.481038
-0.027177	2.777273	9.509768
-1.816488	2.681505	9.500192
-1.826064	2.633621	9.461884
-1.826064	2.633621	9.375693
-1.854795	2.557007	9.366116
-1.902679	2.585737	9.279925
-1.883525	2.499546	9.14585
-1.873948	2.394201	9.088389
-1.845218	2.346317	8.925583
-1.797334	2.461239	8.983044
-1.835641	2.470816	9.011775
-1.835641	2.499546	9.069235
-1.931409	2.461239	9.069235
-1.950563	2.489969	9.107543
-1.931409	2.614468	9.002198
-0.008024	2.489969	9.136273
-1.969716	2.470816	9.097966
-0.008024	2.461239	9.165003
-0.017601	2.451662	9.251195
-1.96014	2.461239	9.193734
-1.921832	2.432508	9.097966
-1.902679	2.489969	9.126696
-1.902679	2.403778	9.117119
-1.940986	2.365471	9.193734
-1.912256	2.346317	9.289502
-1.883525	2.298433	9.251195
-1.931409	2.260126	9.222464
-1.96014	2.164358	9.203311
-1.96014	2.164358	9.107543
-1.998447	2.250549	9.184157
-0.036754	2.202665	9.17458
-0.055908	2.183511	9.279925
-0.027177	2.212242	9.375693
-1.998447	2.231395	9.327809
-0.027177	2.298433	9.279925
-1.969716	2.394201	9.337386
-1.873948	2.557007	9.366116
-1.883525	2.662352	9.442731
-1.979293	2.662352	9.375693
-1.854795	2.595314	9.346963
-1.893102	2.509123	9.289502
-1.950563	2.509123	9.232041
-1.96014	2.566584	9.126696
-1.979293	2.5187	9.193734
-1.979293	2.480392	9.17458
-1.921832	2.489969	9.126696
-1.921832	2.413355	9.136273
-1.96014	2.355894	9.193734
-0.075061	2.317587	9.318232
-0.132522	2.375048	9.260772
-0.008024	2.413355	9.030928
-1.854795	2.422932	9.107543
-1.950563	2.413355	9.126696
-1.979293	2.480392	9.155427
-1.998447	2.394201	9.222464
-0.008024	2.384624	9.14585
-1.96014	2.365471	9.097966
-1.979293	2.394201	9.107543
-0.055908	2.403778	9.14585
-0.046331	2.509123	9.126696
-1.998447	2.499546	9.078812
-1.931409	2.394201	9.002198
-0.036754	2.432508	8.93516
-0.017601	2.422932	8.93516
-0.046331	2.461239	9.059659
-1.969716	2.422932	9.030928
-1.96014	2.365471	9.069235
-1.998447	2.384624	9.078812
-1.998447	2.451662	9.107543
-1.998447	2.489969	9.097966
-1.931409	2.5187	9.14585
-1.98887	2.480392	9.136273
-1.969716	2.394201	9.203311
-1.998447	2.489969	9.14585
-0.036754	2.470816	9.17458
-1.998447	2.566584	9.17458
-1.883525	2.499546	9.193734
-1.883525	2.461239	9.241618
-1.893102	2.413355	9.232041
-1.921832	2.413355	9.251195
-1.969716	2.461239	9.212887
-1.912256	2.509123	9.184157
-1.864372	2.509123	9.088389
-1.98887	2.5187	9.088389
-1.969716	2.489969	9.059659
-1.912256	2.422932	9.030928
-1.873948	2.279279	8.944737
-1.873948	2.212242	8.925583
-1.998447	2.269703	9.088389
-0.055908	2.327164	9.165003
-0.065485	2.365471	9.193734
-1.998447	2.317587	9.270348
-1.950563	2.327164	9.279925
-1.921832	2.346317	9.251195
-1.96014	2.403778	9.308656
-1.979293	2.432508	9.414
-1.950563	2.480392	9.308656
-0.008024	2.480392	9.38527
-1.969716	2.461239	9.308656
-1.864372	2.5187	9.308656
-1.931409	2.489969	9.212887
-1.96014	2.5187	9.232041
-1.950563	2.480392	9.203311
-1.902679	2.5187	9.193734
-1.950563	2.652775	9.165003
-1.96014	2.633621	9.212887
-1.912256	2.499546	9.155427
-1.940986	2.489969	9.117119
-1.96014	2.355894	9.088389
-1.931409	2.346317	9.097966
-1.969716	2.317587	9.059659
-1.98887	2.30801	9.030928
-0.075061	2.33674	9.155427
-0.084638	2.375048	9.069235
-0.036754	2.384624	8.992621
-0.027177	2.375048	8.954314
-0.017601	2.394201	9.011775
-1.940986	2.451662	9.002198
-1.940986	2.528276	9.021351
-1.931409	2.566584	9.088389
-1.902679	2.480392	9.136273
-1.96014	2.451662	9.14585
-1.979293	2.509123	9.126696
-0.027177	2.499546	9.17458
-1.998447	2.489969	9.193734
-1.950563	2.451662	9.184157
-1.969716	2.489969	9.155427
-0.017601	2.5187	9.260772
-0.008024	2.662352	9.318232
-1.931409	2.604891	9.241618
-1.979293	2.652775	9.184157
-1.969716	2.633621	9.17458
-1.98887	2.57616	9.126696
-1.998447	2.509123	9.241618
-1.98887	2.595314	9.184157
-1.969716	2.566584	9.203311
-1.845218	2.509123	9.232041
-1.912256	2.499546	9.222464
-1.912256	2.537853	9.184157
-1.845218	2.5187	9.155427
-1.950563	2.489969	8.973467
-1.979293	2.413355	9.050082
-1.979293	2.327164	8.93516
-1.98887	2.260126	8.90643
-0.027177	2.250549	8.925583
-0.036754	2.355894	9.059659
-0.046331	2.346317	9.040505
-0.036754	2.470816	9.17458
-1.98887	2.557007	9.222464
-1.969716	2.585737	9.232041
-1.969716	2.57616	9.279925
-1.98887	2.595314	9.212887
-1.96014	2.470816	9.241618
-1.893102	2.375048	9.14585
-1.96014	2.355894	9.117119
-1.998447	2.33674	9.155427
-0.075061	2.317587	9.155427
-0.027177	2.384624	9.212887
-0.027177	2.384624	9.17458
-1.940986	2.394201	9.222464
-1.96014	2.480392	9.222464
-1.998447	2.595314	9.270348
-1.98887	2.57616	9.222464
-1.98887	2.595314	9.212887
-1.950563	2.509123	9.126696
-1.950563	2.537853	9.14585
-1.96014	2.470816	9.002198
-1.931409	2.470816	9.040505
-1.950563	2.432508	9.069235
-1.979293	2.413355	9.136273
-1.950563	2.461239	9.155427
-1.931409	2.489969	9.165003
-1.931409	2.499546	9.193734
-1.921832	2.57616	9.184157
-1.950563	2.461239	9.203311
-1.902679	2.461239	9.136273
-1.96014	2.432508	9.193734
-0.017601	2.375048	9.203311
-1.998447	2.375048	9.212887
-1.912256	2.317587	9.17458
-1.969716	2.317587	9.059659
-1.979293	2.279279	9.040505
-1.98887	2.279279	9.078812
-0.075061	2.327164	9.069235
-0.075061	2.33674	9.078812
-1.998447	2.298433	8.963891
-1.979293	2.384624	8.944737
-1.950563	2.317587	9.107543
-1.940986	2.33674	9.050082
-1.998447	2.451662	9.155427
-0.027177	2.691082	9.279925
-1.979293	2.834734	9.346963
-1.835641	2.844311	9.299079
-1.768604	2.78685	9.279925
-1.816488	2.738966	9.107543
-1.835641	2.681505	9.17458
-1.864372	2.595314	9.097966
-1.768604	2.604891	9.097966
-1.797334	2.557007	8.925583
-1.883525	2.604891	8.887276
-1.940986	2.595314	8.868122
-1.893102	2.54743	8.916006
-1.912256	2.557007	8.983044
-1.902679	2.509123	8.973467
-1.864372	2.557007	8.983044
-1.921832	2.470816	9.088389
-1.893102	2.432508	9.097966
-1.883525	2.451662	9.126696
-1.893102	2.489969	9.107543
-1.940986	2.57616	9.212887
-0.046331	2.729389	9.241618
-1.931409	2.671929	9.165003
-1.893102	2.537853	8.992621
-1.864372	2.509123	8.896853
-1.912256	2.528276	8.848969
-1.940986	2.489969	8.877699
-1.950563	2.432508	8.916006
-1.998447	2.509123	9.021351
-1.845218	2.442085	9.107543
-1.845218	2.499546	9.030928
-1.845218	2.470816	9.136273
-1.816488	2.432508	9.241618
-1.854795	2.432508	9.289502
-1.950563	2.480392	9.308656
-1.940986	2.470816	9.241618
-1.912256	2.557007	9.136273
-1.854795	2.509123	9.088389
-1.883525	2.566584	9.069235
-1.816488	2.614468	9.097966
-1.816488	2.624045	9.088389
-1.902679	2.75812	9.069235
-1.902679	2.700659	9.011775
-1.854795	2.643198	8.983044
-1.912256	2.624045	9.002198
-1.873948	2.528276	9.088389
-1.950563	2.528276	9.097966
-1.98887	2.54743	9.203311
-1.969716	2.54743	9.136273
-1.921832	2.585737	9.107543
-1.912256	2.442085	9.011775
-1.96014	2.509123	8.983044
-1.979293	2.57616	9.078812
-1.921832	2.489969	9.088389
-1.98887	2.557007	9.050082
-1.98887	2.595314	8.90643
-1.931409	2.595314	8.954314
-1.902679	2.489969	9.002198
-1.902679	2.499546	9.069235
-1.998447	2.470816	9.117119
-1.969716	2.5187	9.069235
-1.931409	2.585737	9.136273
-1.912256	2.738966	9.14585
-1.883525	2.719813	9.212887
-1.835641	2.719813	9.232041
-1.864372	2.643198	9.270348
-1.873948	2.604891	9.14585
-1.893102	2.499546	9.193734
-1.940986	2.470816	9.289502
-1.96014	2.451662	9.232041
-1.96014	2.57616	9.241618
-1.902679	2.499546	9.165003
-1.845218	2.451662	9.155427
-1.96014	2.317587	9.126696
-0.027177	2.346317	9.107543
-1.998447	2.30801	9.17458
-1.969716	2.384624	9.222464
-1.96014	2.432508	9.184157
-1.98887	2.451662	9.232041
-1.998447	2.604891	9.279925
-1.902679	2.671929	9.35654
-1.845218	2.652775	9.404424
-1.826064	2.681505	9.442731
-1.816488	2.806004	9.38527
-1.845218	2.748543	9.414
-1.615375	2.75812	9.452308
-1.921832	2.719813	9.59596
-1.969716	2.710236	9.509768
-1.873948	2.691082	9.289502
-1.826064	2.691082	9.193734
-1.931409	2.557007	9.212887
-1.883525	2.509123	9.222464
-1.912256	2.5187	9.107543
-1.912256	2.432508	9.011775
-1.998447	2.375048	9.011775
-1.979293	2.327164	8.868122
-1.931409	2.327164	8.93516
-1.98887	2.489969	8.93516
-0.017601	2.451662	9.088389
-1.998447	2.57616	9.078812
-1.950563	2.509123	9.097966
-1.950563	2.499546	9.165003
-1.969716	2.54743	9.050082
-0.027177	2.489969	9.203311
-0.055908	2.442085	9.136273
-0.046331	2.451662	9.040505
-1.969716	2.442085	8.983044
-1.950563	2.480392	8.944737
-0.008024	2.470816	8.963891
-0.055908	2.54743	8.992621
-0.008024	2.624045	8.877699
-1.931409	2.54743	8.848969
-1.950563	2.595314	8.829815
-0.017601	2.624045	8.983044
-1.931409	2.528276	9.088389
-1.969716	2.57616	9.078812
-0.008024	2.557007	9.14585
-1.98887	2.662352	9.136273
-1.921832	2.614468	9.193734
-1.940986	2.662352	9.078812
-1.98887	2.566584	9.14585
-1.969716	2.566584	9.136273
-1.940986	2.566584	9.155427
-1.940986	2.604891	9.203311
-1.979293	2.595314	9.222464
-1.940986	2.604891	9.165003
-1.902679	2.652775	9.136273
-1.902679	2.662352	9.097966
-1.912256	2.604891	9.088389
-1.921832	2.604891	8.963891
-1.931409	2.509123	8.925583
-1.950563	2.595314	8.973467
-1.98887	2.585737	8.954314
-1.950563	2.614468	9.050082
-1.98887	2.652775	9.097966
-1.979293	2.652775	9.14585
-1.912256	2.614468	8.973467
-1.969716	2.614468	9.078812
-1.979293	2.671929	9.069235
-0.008024	2.643198	9.059659
-1.98887	2.585737	9.260772
-1.979293	2.604891	9.165003
-1.979293	2.614468	9.193734
-1.931409	2.557007	9.117119
-1.921832	2.585737	9.14585
-1.950563	2.633621	9.155427
-1.98887	2.633621	9.232041
-0.008024	2.700659	9.126696
-1.931409	2.719813	9.088389
-1.950563	2.834734	9.14585
-1.816488	2.75812	9.165003
-1.873948	2.815581	9.184157
-1.940986	2.78685	9.155427
-1.873948	2.75812	9.212887
-1.845218	2.738966	9.203311
-1.845218	2.700659	9.193734
-1.854795	2.691082	9.155427
-1.883525	2.719813	9.17458
-1.873948	2.662352	9.117119
-1.902679	2.566584	8.983044
-1.921832	2.528276	8.896853
-1.969716	2.624045	8.944737
-1.864372	2.585737	8.925583
-1.931409	2.537853	8.868122
-1.950563	2.442085	8.839392
-1.893102	2.451662	8.896853
-0.055908	2.499546	8.848969
-0.017601	2.595314	8.925583
-1.979293	2.57616	9.002198
-1.96014	2.595314	9.021351
-1.883525	2.604891	9.030928
-1.96014	2.54743	9.117119
-1.998447	2.652775	9.165003
-0.036754	2.643198	9.212887
-1.96014	2.633621	9.17458
-1.98887	2.604891	9.117119
-1.98887	2.624045	9.136273
-0.036754	2.662352	9.17458
-0.008024	2.671929	9.002198
-1.864372	2.738966	8.992621
-1.806911	2.777273	9.021351
-1.787757	2.892195	8.916006
-1.768604	2.901772	8.868122
-1.816488	2.767697	8.887276
-1.883525	2.729389	8.887276
-1.902679	2.719813	8.944737
-1.931409	2.624045	8.90643
-1.902679	2.662352	8.916006
-1.893102	2.710236	9.136273
-1.950563	2.777273	9.097966
-1.835641	2.710236	9.155427
-1.826064	2.700659	9.136273
-1.816488	2.710236	9.155427
-1.873948	2.767697	9.165003
-1.912256	2.777273	9.117119
-1.883525	2.729389	9.021351
-1.845218	2.729389	8.983044
-1.873948	2.767697	8.992621
-1.864372	2.777273	8.992621
-1.883525	2.796427	9.040505
-1.845218	2.710236	9.069235
-1.893102	2.700659	8.954314
-1.883525	2.691082	9.107543
-1.921832	2.738966	9.117119
-1.845218	2.719813	9.165003
-1.854795	2.700659	9.14585
-1.854795	2.767697	9.117119
-1.883525	2.767697	9.126696
-1.893102	2.815581	9.050082
-1.873948	2.75812	9.069235
-1.854795	2.710236	9.078812
-1.845218	2.691082	9.059659
-1.864372	2.691082	8.983044
-1.902679	2.75812	9.050082
-1.806911	2.710236	9.088389
-1.835641	2.710236	9.097966
-1.854795	2.729389	9.040505
-1.912256	2.748543	8.858546
-1.912256	2.710236	8.791508
-1.931409	2.681505	8.810662
-1.921832	2.624045	8.801085
-0.008024	2.585737	8.810662
-1.98887	2.614468	8.781931
-1.998447	2.633621	8.753201
-1.98887	2.595314	8.810662
-1.96014	2.566584	8.801085
-1.979293	2.5187	8.829815
-1.940986	2.509123	8.781931
-1.950563	2.557007	8.868122
-1.98887	2.509123	8.916006
-0.055908	2.528276	8.839392
-1.921832	2.480392	8.72447
-1.950563	2.557007	8.839392
-1.998447	2.671929	8.753201
-0.017601	2.691082	8.72447
-1.950563	2.691082	8.647856
-1.998447	2.710236	8.619125
-1.98887	2.719813	8.599972
-1.969716	2.700659	8.580818
-1.883525	2.681505	8.532934
-1.98887	2.729389	8.370129
-1.864372	2.710236	8.322244
-1.864372	2.767697	8.255207
-1.940986	2.767697	8.293514
-1.912256	2.767697	8.255207
-1.912256	2.815581	8.178592
-1.883525	2.75812	8.101978
-1.864372	2.834734	8.111555
-1.902679	2.863465	8.044517
-1.98887	2.834734	7.948749
-1.902679	2.777273	7.910442
-1.845218	2.75812	7.891288
-1.921832	2.806004	8.121132
-0.027177	2.796427	8.2169
-0.122945	2.767697	7.958326
-1.873948	2.911349	7.958326
-0.122945	2.595314	7.939172
-1.950563	2.499546	7.58483
-1.759027	2.470816	7.479485
-1.979293	2.595314	7.565677
-0.46771	2.537853	7.862558
-0.563479	2.5187	7.79552
-0.458134	2.557007	7.671022
-0.257021	2.499546	7.603984
-0.237867	2.528276	7.517793
-0.22829	2.806004	7.718906
-0.477287	2.99754	7.671022
-0.41025	3.083731	7.690175
-0.371942	2.959233	7.805097
-0.506018	2.815581	7.699752
-0.41025	2.873041	7.5561
-0.448557	3.007117	7.498639
-0.458134	2.920926	7.297526
-0.266597	2.777273	7.249642
-0.544325	2.691082	7.144297
-0.659247	2.75812	7.431601
-0.687977	2.719813	7.182604
-0.486864	2.671929	7.31668
-0.122945	2.748543	7.019799
-0.142099	2.911349	7.192181
-1.98887	2.987963	6.675034
-1.979293	2.978386	6.502651
-1.998447	3.035847	6.86657
-0.008024	3.035847	7.326257
-1.96014	2.901772	7.383717
-1.998447	2.662352	7.517793
-0.19956	2.06859	8.2169
-0.142099	1.781286	8.341398
-0.448557	1.350329	8.427589
-0.515594	1.158793	8.580818
1.177947	-6.300247	39.600094
-0.075061	3.524264	19.048267
2.987963	1.944091	14.709975
4.817133	-2.466158	9.86411
0.574609	1.177947	11.741164
-0.008024	0.316035	8.90643
-2.226738	1.551442	10.860098
-0.22829	1.532289	10.295067
-0.956128	1.005564	9.892841
-0.640093	1.656787	9.337386
0.42138	1.723825	9.911994
0.39265	1.570596	10.840945
0.268151	1.149216	10.955866
0.814029	0.737414	16.654066
0.746991	-0.697554	23.989901
0.861913	0.306457	17.487247
0.114921	2.767697	15.753846
0.995988	4.472368	8.446743
0.402226	3.648763	8.552088
0.067038	2.537853	7.699752
0.861913	1.666364	6.014234
-0.582632	1.331176	6.167463
0.325612	1.800439	7.79552
1.484405	0.74699	14.202404
-1.797334	0.316034	8.169016
0.526724	0.890643	7.125144
0.737414	0.363918	8.465897
2.202665	-1.308917	9.366116
1.426944	-1.442992	10.697293
2.288856	-5.995342	26.968287
2.413355	0.756567	6.349422
1.225831	0.92895	9.873687
0.948103	1.867477	9.825803
0.124498	1.225831	11.626243
0.335188	1.905784	9.557653
0.086191	1.570596	9.902418
0.402225	1.312022	9.816226
0.622492	1.158793	9.155427
1.015141	1.120486	8.992621
1.015141	1.101332	9.567229
0.766144	1.1971	9.662997
0.794874	1.302445	9.327809
0.50757	1.580173	9.787496
0.593762	1.838746	10.0748
0.833182	1.819593	10.084377
1.177947	1.714248	9.576806
0.105345	1.905784	10.831368
0.842759	4.175487	10.850521
0.565031	3.217807	12.737152
7.230489	2.662352	6.330269
-3.451016	2.106897	2.815581
-0.161253	0.785299	6.129156
-8.030544	-1.462146	13.809755
0.191536	-0.22829	17.908628
3.955221	-4.397568	6.167463
-3.594668	0.296881	13.187262
1.551442	-1.280186	11.836933
0.708683	0.0	4.58729
0.526725	1.877054	6.521805
-0.984858	1.216254	12.076353
0.775722	0.74699	10.247183
0.622492	1.321599	8.370129
0.344765	0.632069	9.490615
0.134075	0.584185	9.155427
0.047885	1.16837	8.90643
0.497993	1.1971	10.151415
0.775721	0.900219	10.649408
0.584185	1.273715	9.548076
0.373495	1.254561	9.088389
0.201112	0.92895	9.62469
0.162805	0.881066	9.442731
0.105344	1.158793	9.050082
0.248996	0.976834	9.59596
0.383072	0.919373	10.036493
0.440533	1.120486	9.710881
0.440533	1.101332	9.519345
0.306457	0.909796	9.538499
0.181959	0.948103	9.509768
0.201112	0.948103	9.375693
0.287304	0.948103	9.490615
0.23942	0.833182	9.787496
0.229843	0.967257	9.672574
0.296881	0.986411	9.538499
0.363918	0.938527	9.672574
0.335188	0.948103	9.643844
0.392649	0.909796	9.500192
0.402225	0.976834	9.548076
0.354341	0.881066	9.634267
0.373495	0.900219	9.710881
0.402225	0.909796	9.615113
0.411802	0.852335	9.509768
0.287304	0.852335	9.528922
0.296881	0.775721	9.538499
0.306457	0.814028	9.653421
0.383072	0.766144	9.643844
0.383072	0.766144	9.490615
0.411802	0.823605	9.528922
0.344765	0.785298	9.643844
0.392649	0.794874	9.691728
0.411802	0.727837	9.59596
0.402225	0.756567	9.519345
0.363918	0.699106	9.519345
0.344765	0.708683	9.557653
0.363918	0.71826	9.662997
0.411802	0.71826	9.586383
0.383072	0.68953	9.461884
0.459686	0.679953	9.519345
0.373495	0.699106	9.682151
0.450109	0.660799	9.682151
0.459686	0.660799	9.634267
0.450109	0.699106	9.557653
0.411802	0.651222	9.538499
0.363918	0.670376	9.62469
0.430956	0.651222	9.634267
0.469263	0.651222	9.576806
0.411802	0.603338	9.528922
0.421379	0.603338	9.538499
0.402225	0.584185	9.653421
0.450109	0.622492	9.605537
0.469263	0.651222	9.557653
0.47884	0.622492	9.557653
0.411802	0.632069	9.605537
0.459686	0.593762	9.662997
0.488417	0.574608	9.605537
0.459686	0.632069	9.519345
0.488417	0.584185	9.643844
0.402225	0.603338	9.62469
0.469263	0.584185	9.615113
0.459686	0.574608	9.586383
0.430956	0.612915	9.519345
0.450109	0.584185	9.653421
0.459686	0.565031	9.615113
0.440533	0.565031	9.528922
0.497993	0.565031	9.557653
0.411802	0.574608	9.605537
0.459686	0.603338	9.605537
0.47884	0.584185	9.576806
0.469263	0.584185	9.59596
0.450109	0.574608	9.557653
0.383072	0.622492	9.62469
0.450109	0.603338	9.59596
0.392649	0.565031	9.59596
0.411802	0.632069	9.605537
0.440533	0.670376	9.567229
0.411802	0.641646	9.643844
0.469263	0.641646	9.62469
0.450109	0.603338	9.59596
0.440533	0.641646	9.567229
0.459686	0.651222	9.538499
0.411802	0.68953	9.605537
0.430956	0.651222	9.576806
0.411802	0.632069	9.586383
0.430956	0.651222	9.586383
0.459686	0.679953	9.567229
0.421379	0.641646	9.615113
0.411802	0.708683	9.548076
0.421379	0.670376	9.567229
0.440533	0.641646	9.615113
0.450109	0.660799	9.586383
0.440533	0.68953	9.538499
0.392649	0.68953	9.59596
0.354341	0.660799	9.62469
0.440533	0.68953	9.567229
0.392649	0.641646	9.586383
0.440533	0.679953	9.615113
0.411802	0.708683	9.62469
0.392649	0.68953	9.567229
0.430956	0.68953	9.643844
0.488417	0.660799	9.605537
0.411802	0.670376	9.557653
0.440533	0.660799	9.586383
0.392649	0.641646	9.567229
0.450109	0.660799	9.662997
0.469263	0.670376	9.576806
0.430956	0.641646	9.557653
0.383072	0.632069	9.59596
0.440533	0.708683	9.672574
0.421379	0.679953	9.59596
0.459686	0.660799	9.567229
0.421379	0.584185	9.557653
0.430956	0.622492	9.615113
0.459686	0.641646	9.605537
0.411802	0.670376	9.634267
0.459686	0.660799	9.605537
0.488417	0.622492	9.605537
0.363918	0.632069	9.59596
0.450109	0.622492	9.605537
0.440533	0.670376	9.586383
0.440533	0.612915	9.567229
0.450109	0.622492	9.62469
0.392649	0.632069	9.586383
0.469263	0.632069	9.605537
0.421379	0.612915	9.586383
0.469263	0.612915	9.576806
0.402225	0.612915	9.59596
0.469263	0.603338	9.576806
0.469263	0.574608	9.586383
0.430956	0.603338	9.62469
0.411802	0.651222	9.59596
0.459686	0.593762	9.672574
0.488417	0.603338	9.615113
0.469263	0.603338	9.605537
0.421379	0.603338	9.59596
0.459686	0.641646	9.538499
0.450109	0.660799	9.59596
0.430956	0.632069	9.615113
0.402225	0.641646	9.557653
0.430956	0.584185	9.586383
0.440533	0.603338	9.557653
0.440533	0.641646	9.567229
0.421379	0.612915	9.59596
0.440533	0.622492	9.586383
0.440533	0.651222	9.615113
0.47884	0.651222	9.59596
0.488417	0.612915	9.538499
0.459686	0.71826	9.519345
0.440533	0.651222	9.528922
0.411802	0.622492	9.605537
0.363918	0.651222	9.586383
0.421379	0.641646	9.576806
0.440533	0.68953	9.605537
0.47884	0.670376	9.643844
0.402225	0.612915	9.586383
0.421379	0.679953	9.519345
0.450109	0.660799	9.605537
0.47884	0.622492	9.615113
0.421379	0.622492	9.557653
0.450109	0.670376	9.615113
0.440533	0.670376	9.576806
0.411802	0.641646	9.605537
0.354341	0.670376	9.643844
0.440533	0.612915	9.634267
0.440533	0.622492	9.548076
0.430956	0.612915	9.557653
0.392649	0.612915	9.615113
0.411802	0.603338	9.586383
0.411802	0.622492	9.548076
0.450109	0.632069	9.643844
0.402225	0.651222	9.576806
0.47884	0.651222	9.615113
0.450109	0.632069	9.62469
0.421379	0.641646	9.538499
0.430956	0.622492	9.59596
0.459686	0.641646	9.557653
0.392649	0.641646	9.615113
0.488417	0.584185	9.653421
0.450109	0.679953	9.59596
0.440533	0.660799	9.605537
0.440533	0.651222	9.567229
0.430956	0.641646	9.59596
0.440533	0.670376	9.576806
0.450109	0.622492	9.62469
0.440533	0.612915	9.605537
0.440533	0.641646	9.567229
0.459686	0.632069	9.605537
0.459686	0.593762	9.586383
0.450109	0.612915	9.576806
0.47884	0.641646	9.605537
0.430956	0.622492	9.567229
0.469263	0.612915	9.576806
0.469263	0.622492	9.557653
0.440533	0.603338	9.519345
0.47884	0.651222	9.59596
0.440533	0.584185	9.605537
0.440533	0.641646	9.538499
0.430956	0.612915	9.557653
0.440533	0.622492	9.634267
0.450109	0.651222	9.605537
0.440533	0.651222	9.557653
0.450109	0.574608	9.576806
0.411802	0.632069	9.586383
0.430956	0.612915	9.615113
0.392649	0.641646	9.548076
0.421379	0.699106	9.59596
0.383072	0.641646	9.567229
0.402225	0.651222	9.586383
0.402225	0.708683	9.605537
0.450109	0.603338	9.605537
0.392649	0.68953	9.586383
0.402225	0.651222	9.586383
0.363918	0.641646	9.586383
0.411802	0.651222	9.615113
0.392649	0.660799	9.557653
0.411802	0.622492	9.567229
0.459686	0.584185	9.528922
0.450109	0.679953	9.605537
0.459686	0.708683	9.634267
0.440533	0.651222	9.557653
0.488417	0.612915	9.605537
0.430956	0.641646	9.576806
0.450109	0.622492	9.576806
0.488417	0.660799	9.605537
0.488417	0.632069	9.605537
0.488417	0.708683	9.576806
0.402225	0.651222	9.557653
0.459686	0.603338	9.528922
0.488417	0.641646	9.662997
0.440533	0.660799	9.576806
0.450109	0.651222	9.567229
0.459686	0.632069	9.634267
0.402225	0.632069	9.576806
0.440533	0.68953	9.586383
0.430956	0.593762	9.62469
0.411802	0.670376	9.615113
0.421379	0.603338	9.59596
0.440533	0.574608	9.576806
0.421379	0.651222	9.586383
0.459686	0.651222	9.567229
0.430956	0.612915	9.586383
0.402225	0.632069	9.576806
0.450109	0.641646	9.586383
0.450109	0.632069	9.576806
0.450109	0.651222	9.59596
0.469263	0.632069	9.605537
0.411802	0.632069	9.59596
0.440533	0.632069	9.682151
0.430956	0.651222	9.557653
0.421379	0.660799	9.519345
0.450109	0.603338	9.586383
0.392649	0.593762	9.710881
0.421379	0.632069	9.605537
0.459686	0.679953	9.490615
0.440533	0.632069	9.509768
0.392649	0.641646	9.62469
0.402225	0.593762	9.59596
0.459686	0.632069	9.586383
0.440533	0.622492	9.548076
0.421379	0.651222	9.662997
0.411802	0.632069	9.691728
0.47884	0.651222	9.59596
0.497993	0.660799	9.509768
0.430956	0.651222	9.576806
0.440533	0.660799	9.672574
0.450109	0.651222	9.548076
0.47884	0.670376	9.557653
0.488417	0.651222	9.643844
0.421379	0.641646	9.615113
0.459686	0.603338	9.605537
0.459686	0.651222	9.519345
0.469263	0.603338	9.615113
0.363918	0.632069	9.586383
0.459686	0.622492	9.567229
0.469263	0.622492	9.586383
0.459686	0.641646	9.557653
0.383072	0.651222	9.567229
0.469263	0.612915	9.615113
0.421379	0.641646	9.605537
0.459686	0.670376	9.557653
0.440533	0.651222	9.538499
0.430956	0.622492	9.605537
0.373495	0.641646	9.634267
0.430956	0.612915	9.557653
0.459686	0.641646	9.519345
0.440533	0.622492	9.586383
0.450109	0.651222	9.643844
0.450109	0.679953	9.567229
0.459686	0.632069	9.500192
0.459686	0.612915	9.634267
0.363918	0.612915	9.605537
0.469263	0.670376	9.528922
0.430956	0.632069	9.59596
0.392649	0.632069	9.548076
0.421379	0.632069	9.59596
0.440533	0.641646	9.59596
0.469263	0.612915	9.576806
0.430956	0.632069	9.615113
0.392649	0.632069	9.548076
0.421379	0.632069	9.557653
0.421379	0.632069	9.586383
0.440533	0.651222	9.59596
0.430956	0.632069	9.62469
0.402225	0.670376	9.59596
0.47884	0.660799	9.59596
0.440533	0.651222	9.59596
0.450109	0.641646	9.634267
0.469263	0.670376	9.615113
0.450109	0.632069	9.643844
0.450109	0.622492	9.548076
0.47884	0.632069	9.615113
0.450109	0.632069	9.586383
0.421379	0.651222	9.615113
0.450109	0.641646	9.567229
0.459686	0.632069	9.576806
0.383072	0.584185	9.567229
0.421379	0.603338	9.62469
0.450109	0.603338	9.557653
0.421379	0.584185	9.586383
0.411802	0.641646	9.567229
0.450109	0.632069	9.538499
0.459686	0.622492	9.567229
0.450109	0.641646	9.548076
0.402225	0.651222	9.567229
0.421379	0.651222	9.567229
0.440533	0.651222	9.605537
0.450109	0.632069	9.605537
0.430956	0.603338	9.62469
0.392649	0.612915	9.548076
0.469263	0.622492	9.586383
0.440533	0.603338	9.567229
0.440533	0.679953	9.519345
0.450109	0.612915	9.557653
0.488417	0.632069	9.567229
0.440533	0.622492	9.576806
0.402225	0.68953	9.586383
0.450109	0.603338	9.586383
0.459686	0.603338	9.548076
0.469263	0.670376	9.586383
0.450109	0.641646	9.586383
0.344765	0.641646	9.615113
0.450109	0.632069	9.59596
0.402225	0.641646	9.576806
0.411802	0.603338	9.576806
0.421379	0.679953	9.548076
0.440533	0.641646	9.59596
0.440533	0.651222	9.634267
0.450109	0.632069	9.615113
0.392649	0.679953	9.586383
0.440533	0.651222	9.567229
0.440533	0.641646	9.586383
0.459686	0.593762	9.567229
0.450109	0.612915	9.567229
0.440533	0.603338	9.615113
0.421379	0.622492	9.576806
0.440533	0.660799	9.586383
0.411802	0.651222	9.615113
0.459686	0.622492	9.62469
0.421379	0.593762	9.59596
0.411802	0.622492	9.643844
0.440533	0.632069	9.62469
0.392649	0.641646	9.586383
0.430956	0.641646	9.643844
0.373495	0.622492	9.576806
0.373495	0.651222	9.586383
0.430956	0.574608	9.586383
0.459686	0.612915	9.59596
0.421379	0.651222	9.500192
0.430956	0.641646	9.615113
0.411802	0.660799	9.576806
0.459686	0.660799	9.62469
0.47884	0.612915	9.567229
0.430956	0.565031	9.548076
0.459686	0.593762	9.605537
0.47884	0.622492	9.59596
0.421379	0.593762	9.615113
0.421379	0.612915	9.59596
0.411802	0.632069	9.59596
0.430956	0.612915	9.59596
0.430956	0.612915	9.567229
0.450109	0.679953	9.567229
0.402225	0.641646	9.586383
0.488417	0.670376	9.605537
0.440533	0.651222	9.548076
0.47884	0.622492	9.586383
0.450109	0.603338	9.643844
0.469263	0.641646	9.615113
0.50757	0.670376	9.605537
0.469263	0.660799	9.528922
0.402225	0.603338	9.605537
0.469263	0.612915	9.615113
0.430956	0.660799	9.643844
0.411802	0.593762	9.615113
0.469263	0.593762	9.615113
0.440533	0.670376	9.557653
0.440533	0.632069	9.605537
0.392649	0.603338	9.62469
0.411802	0.593762	9.615113
0.450109	0.651222	9.528922
0.402225	0.593762	9.62469
0.421379	0.603338	9.567229
0.459686	0.622492	9.538499
0.440533	0.622492	9.519345
0.440533	0.603338	9.548076
0.430956	0.632069	9.576806
0.450109	0.622492	9.538499
0.411802	0.584185	9.528922
0.373495	0.584185	9.528922
0.383072	0.612915	9.62469
0.363918	0.651222	9.576806
0.450109	0.641646	9.615113
0.469263	0.651222	9.557653
0.450109	0.641646	9.586383
0.555454	0.430956	9.519345
0.210689	0.938527	8.24563
1.091755	0.450109	7.872135
0.220266	1.388636	12.507309
0.881066	0.603338	14.18325
1.120486	1.130063	8.561665
1.541865	0.804451	5.133168
0.785299	0.402225	9.270348
-0.314482	0.02873	12.650961
0.766144	0.603338	8.532934
1.762132	0.900219	7.852981
0.71826	0.699106	10.189722
0.019153	0.344765	11.204863
0.6608	0.651222	10.323797
0.948103	0.727837	8.647856
0.842758	0.775721	8.121132
0.373496	0.191536	9.576806
0.373496	0.450109	11.281478
1.053448	0.699106	9.768342
1.235408	1.091755	8.418013
0.612915	0.440533	9.011775
0.641647	0.383072	10.678139
0.469263	0.641646	9.921571
1.110909	0.938527	8.676586
0.584185	0.670376	8.772354
0.220267	0.354341	10.170568
0.306457	0.612915	10.793061
1.158793	0.881066	9.615113
0.785298	0.861912	8.829815
0.05746	0.181959	9.346963
0.047885	0.50757	10.065223
0.794874	0.651222	9.83538
0.976834	0.699106	9.193734
0.459686	0.497993	9.212887
0.114921	0.536301	10.055646
0.641646	0.641646	10.256759
0.651222	0.766144	9.500192
0.469263	0.526724	8.973467
0.201112	0.421379	9.471461
0.430956	0.555454	9.844957
0.612915	0.708683	9.701305
0.574608	0.622492	9.605537
0.488417	0.536301	9.481038
0.50757	0.660799	9.346963
0.411802	0.68953	9.777919
0.383072	0.574608	9.998186
0.574608	0.708683	9.548076
0.603338	0.651222	9.050082
0.335188	0.584185	9.816226
0.229843	0.565031	10.055646
0.603338	0.612915	9.414
0.612915	0.699106	8.973467
0.287304	0.565031	9.586383
0.153228	0.536301	10.160991
0.488417	0.670376	9.634267
0.50757	0.74699	9.193734
0.296881	0.574608	9.519345
0.201112	0.47884	9.825803
0.440533	0.641646	9.730035
0.517147	0.641646	9.270348
0.411802	0.555454	9.394847
0.248996	0.545877	9.634267
0.335188	0.593762	9.653421
0.430956	0.651222	9.576806
0.450109	0.641646	9.509768
0.373495	0.574608	9.576806
0.47884	0.622492	9.615113
0.517147	0.679953	9.662997
0.593762	0.651222	9.557653
0.536301	0.603338	9.38527
0.47884	0.584185	9.461884
0.459686	0.641646	9.643844
0.47884	0.584185	9.730035
0.545877	0.651222	9.576806
0.469263	0.622492	9.452308
0.421379	0.603338	9.787496
0.469263	0.651222	9.80665
0.622492	0.670376	9.538499
0.545877	0.622492	9.404424
0.411802	0.593762	9.519345
0.402225	0.584185	9.730035
0.488417	0.574608	9.62469
0.737414	0.632069	9.509768
0.612915	0.74699	7.891288
0.938528	0.287305	8.111555
0.028731	0.871489	14.087482
0.019153	0.517148	11.473014
0.335188	1.216254	4.098873
1.244984	0.047885	13.206416
1.388636	0.766144	18.732233
0.766144	0.373496	2.221819
-0.362366	0.708683	4.290409
0.019153	2.853888	5.908889
1.771709	0.402225	14.66209
0.785299	0.948104	15.140931
-0.783745	0.660799	3.102885
0.086191	0.50757	4.922478
2.202665	1.187524	16.165649
0.737414	0.45011	13.532027
0.679954	0.325611	3.342305
0.574609	1.40779	7.498639
0.842758	0.517147	13.407529
1.015141	0.45011	10.97502
0.162806	1.455674	6.828263
1.149216	1.350329	9.586383
0.019154	0.354342	10.860098
0.248997	1.005564	10.601524
0.938527	1.225831	9.816226
0.938527	0.229843	7.709329
0.248997	0.411802	8.159439
0.373496	0.794874	11.549628
0.900219	0.191536	11.24317
1.149216	1.072602	8.140285
0.517147	1.16837	8.48505
0.114921	0.067038	10.333374
0.067037	0.26815	10.103531
0.833182	1.321599	9.634267
1.101332	0.593762	9.126696
0.430956	0.277727	8.743624
0.047884	0.71826	9.940725
0.632069	0.545877	10.955866
0.900219	0.708683	9.557653
0.660799	1.034295	8.513781
0.411802	0.248996	9.605537
0.220266	0.316034	10.170568
0.469263	1.082179	9.662997
0.95768	0.469263	9.203311
0.632069	0.488417	9.279925
0.210689	0.919373	9.739612
0.50757	0.450109	9.931148
0.450109	0.584185	9.682151
0.421379	0.900219	9.126696
0.632069	0.450109	9.097966
0.162805	0.440533	9.825803
0.153228	0.938527	10.237606
0.737414	0.565031	9.615113
0.641646	0.526724	8.896853
0.067038	0.679953	9.308656
0.134075	0.565031	10.28549
0.497993	0.526724	9.538499
0.50757	0.833182	8.734047
0.26815	0.440533	9.567229
0.067037	0.450109	10.362104
0.316034	0.708683	9.720458
0.612915	0.651222	9.097966
0.277727	0.373495	9.442731
0.038307	0.574608	9.720458
0.392649	0.555454	9.787496
0.545877	0.574608	9.672574
0.430956	0.708683	9.519345
0.430956	0.622492	9.62469
0.47884	0.497993	9.653421
0.411802	0.71826	9.528922
0.679953	0.565031	9.548076
0.612915	0.545877	9.519345
0.421379	0.632069	9.442731
0.47884	0.670376	9.634267
0.584185	0.574608	9.86411
0.545877	0.737414	9.634267
0.593762	0.679953	9.327809
0.555454	0.497993	9.538499
0.392649	0.612915	9.701305
0.612915	0.660799	9.662997
0.71826	0.622492	9.500192
0.526724	0.651222	9.404424
0.440533	0.612915	9.605537
0.469263	0.545877	9.816226
0.469263	0.74699	9.500192
0.526724	0.651222	9.346963
0.469263	0.545877	9.634267
0.354341	0.622492	9.787496
0.459686	0.699106	9.576806
0.47884	0.584185	9.490615
0.373495	0.612915	9.557653
0.373495	0.670376	9.576806
0.450109	0.584185	9.710881
0.411802	0.651222	9.586383
0.383072	0.651222	9.490615
0.363918	0.574608	9.605537
0.287304	0.641646	9.710881
0.450109	0.612915	9.615113
0.421379	0.593762	9.548076
0.411802	0.612915	9.519345
0.316034	0.670376	9.634267
0.363918	0.555454	9.710881
0.402225	0.565031	9.557653
0.363918	0.593762	9.452308
0.325611	0.545877	9.672574
0.325611	0.593762	9.730035
0.383072	0.612915	9.538499
0.47884	0.574608	9.59596
0.383072	0.555454	9.62469
0.392649	0.584185	9.634267
0.450109	0.593762	9.576806
0.488417	0.632069	9.62469
0.50757	0.632069	9.576806
0.47884	0.632069	9.615113
0.469263	0.622492	9.615113
0.517147	0.660799	9.59596
0.526724	0.632069	9.605537
0.50757	0.641646	9.519345
0.488417	0.632069	9.557653
0.526724	0.603338	9.59596
0.555454	0.612915	9.643844
0.526724	0.641646	9.519345
0.517147	0.622492	9.567229
0.497993	0.622492	9.662997
0.536301	0.612915	9.586383
0.517147	0.670376	9.528922
0.469263	0.565031	9.567229
0.363918	0.593762	9.653421
0.459686	0.593762	9.59596
0.545877	0.593762	9.519345
0.411802	0.612915	9.567229
0.392649	0.584185	9.576806
0.450109	0.584185	9.682151
0.402225	0.651222	9.519345
0.354341	0.603338	9.557653
0.363918	0.603338	9.62469
0.402225	0.584185	9.643844
0.363918	0.574608	9.59596
0.363918	0.555454	9.615113
0.421379	0.574608	9.59596
0.421379	0.593762	9.548076
0.383072	0.593762	9.59596
0.373495	0.574608	9.605537
0.363918	0.612915	9.59596
0.383072	0.584185	9.59596
0.421379	0.612915	9.586383
0.411802	0.670376	9.59596
0.450109	0.565031	9.615113
0.344765	0.641646	9.567229
0.430956	0.612915	9.538499
0.459686	0.584185	9.59596
0.373495	0.670376	9.576806
0.450109	0.622492	9.557653
0.47884	0.555454	9.643844
0.459686	0.612915	9.643844
0.459686	0.660799	9.548076
0.488417	0.651222	9.605537
0.47884	0.593762	9.643844
0.47884	0.651222	9.586383
0.536301	0.660799	9.576806
0.47884	0.622492	9.59596
0.459686	0.612915	9.576806
0.450109	0.584185	9.567229
0.526724	0.622492	9.605537
0.497993	0.584185	9.528922
0.47884	0.651222	9.605537
0.488417	0.612915	9.548076
0.488417	0.641646	9.576806
0.459686	0.603338	9.567229
0.430956	0.603338	9.59596
0.47884	0.603338	9.528922
0.430956	0.603338	9.557653
0.402225	0.612915	9.615113
0.392649	0.593762	9.59596
0.373495	0.641646	9.643844
0.430956	0.622492	9.576806
0.402225	0.632069	9.548076
0.421379	0.584185	9.586383
0.430956	0.574608	9.605537
0.354341	0.593762	9.59596
0.402225	0.565031	9.557653
0.622492	0.526724	9.615113
0.74699	1.158793	8.532934
1.015141	0.50757	7.13472
0.258574	1.177947	12.947842
1.321599	0.593762	18.751387
1.388636	1.388636	9.222464
1.532289	1.110909	1.704671
0.497993	0.201112	5.688623
-0.88909	0.737414	11.798625
0.258574	0.124499	16.338032
1.321599	0.067037	6.62715
1.714248	0.708683	3.936067
0.459686	0.890643	12.009315
0.440534	0.50757	15.456965
0.92895	0.430956	8.69574
0.430956	1.302445	5.851428
0.411802	0.660799	8.418013
0.6608	0.277728	12.095506
0.181959	0.153228	11.166556
1.474828	1.599326	8.121132
1.61848	0.881066	7.709329
0.39265	0.124499	11.319785
0.488418	0.785298	11.597512
1.331176	0.938527	8.609549
1.235408	0.737414	6.971915
0.105344	0.287304	9.232041
0.766145	0.450109	12.210428
0.756567	0.804451	10.879252
1.40779	1.369483	8.255207
0.679953	0.450109	8.073247
0.641647	0.105345	9.710881
0.038308	0.612915	10.917559
1.1971	1.082179	9.931148
1.130063	0.756567	8.188169
0.076614	0.383072	8.542511
0.143653	0.430956	11.013327
0.593762	0.660799	11.291055
1.110909	1.063025	8.896853
0.603338	0.660799	8.140285
0.143653	0.019153	9.442731
0.05746	0.526724	10.352527
0.794874	0.900219	9.653421
1.005564	0.584185	9.155427
0.497993	0.50757	9.270348
0.191536	0.603338	9.797073
0.325611	0.545877	10.256759
0.459686	0.74699	9.739612
0.641646	0.612915	8.772354
0.354341	0.411802	9.030928
0.028731	0.593762	10.170568
0.565031	0.651222	10.381258
0.900219	0.536301	9.212887
0.392649	0.622492	8.609549
0.009577	0.545877	9.59596
0.114921	0.497993	10.591948
0.593762	0.68953	9.787496
0.68953	0.794874	8.925583
0.296881	0.517147	9.634267
0.134075	0.450109	10.04607
0.411802	0.679953	9.691728
0.881066	0.038308	8.772354
0.191536	1.292868	6.636727
0.392649	1.101332	11.798625
0.919373	0.191536	16.836025
1.158793	0.833182	5.975927
0.852335	1.283292	4.673481
0.584185	3.600879	12.583923
1.37906	-0.764591	17.908628
0.363919	0.201112	3.380612
0.536301	2.039859	4.932055
0.861912	0.517147	10.141838
1.139639	0.114921	19.019537
0.21069	0.26815	7.479485
0.50757	0.92895	3.859453
0.632069	1.254561	12.660538
1.005564	0.641646	15.284583
0.363918	0.181959	6.952761
0.517148	1.082179	6.358999
0.737414	0.766144	10.687716
0.641646	0.009577	10.840945
0.172383	0.459686	9.040505
0.670376	1.532289	8.753201
0.919373	0.143653	8.657433
0.239421	0.402225	10.342951
0.172382	1.101332	11.367669
1.446097	0.603338	9.279925
1.024718	0.651222	7.220912
0.478841	0.833182	9.701305
0.172382	0.086192	11.760318
0.986411	0.603338	9.873687
0.967257	1.541865	7.939172
0.459686	0.526724	9.040505
0.105345	0.21069	10.180145
0.153228	0.948103	10.180145
0.995987	1.101332	9.605537
0.890643	0.50757	8.599972
0.05746	0.593762	9.260772
0.296881	0.469263	10.869675
0.775721	0.545877	10.065223
0.612915	1.053448	8.66701
0.50757	0.430956	8.839392
0.201112	0.23942	10.103531
0.335188	0.871489	10.065223
0.871489	0.861912	9.548076
0.775721	0.383072	9.308656
0.363918	0.756567	9.394847
0.47884	0.660799	9.86411
0.555454	0.440533	9.969455
0.325611	0.766144	9.615113
0.699106	0.545877	9.050082
0.603338	0.459686	9.394847
0.067037	0.766144	10.04607
0.660799	0.584185	9.931148
0.670376	0.47884	9.088389
0.201112	0.708683	8.954314
0.134075	0.536301	10.151415
0.459686	0.402225	10.429142
0.565031	0.804451	9.136273
0.450109	0.727837	9.184157
0.172382	0.306457	10.256759
0.220266	0.699106	9.854534
0.584185	0.775721	9.222464
0.411802	0.392649	9.289502
0.124498	0.565031	9.701305
0.335188	0.670376	9.883264
0.584185	0.584185	9.701305
0.421379	0.68953	9.414
0.344765	0.612915	9.471461
0.392649	0.440533	9.662997
0.373495	0.68953	9.682151
0.497993	0.71826	9.452308
0.622492	0.488417	9.509768
0.411802	0.574608	9.442731
0.392649	0.670376	9.634267
0.488417	0.526724	9.691728
0.469263	0.612915	9.615113
0.555454	0.699106	9.394847
0.488417	0.536301	9.576806
0.402225	0.555454	9.749189
0.574608	0.708683	9.62469
0.641646	0.536301	9.490615
0.411802	0.622492	9.442731
0.383072	0.651222	9.59596
0.488417	0.555454	9.83538
0.536301	0.670376	9.404424
0.450109	0.584185	9.442731
0.402225	0.545877	9.768342
0.440533	0.651222	9.787496
0.497993	0.727837	9.490615
0.488417	0.584185	9.442731
0.383072	0.574608	9.62469
0.392649	0.632069	9.615113
0.497993	0.641646	9.634267
0.392649	0.593762	9.615113
0.335188	0.622492	9.567229
0.411802	0.651222	9.576806
0.411802	0.584185	9.634267
0.392649	0.622492	9.538499
0.459686	0.584185	9.471461
0.421379	0.632069	9.586383
0.430956	0.632069	9.62469
0.47884	0.565031	9.634267
0.392649	0.603338	9.548076
0.411802	0.612915	9.500192
0.363918	0.555454	9.653421
0.363918	0.545877	9.701305
0.383072	0.612915	9.538499
0.440533	0.593762	9.490615
0.354341	0.565031	9.605537
0.373495	0.612915	9.62469
0.50757	0.593762	9.586383
0.50757	0.612915	9.557653
0.469263	0.660799	9.59596
0.421379	0.593762	9.643844
0.488417	0.622492	9.634267
0.517147	0.612915	9.528922
0.497993	0.622492	9.59596
0.50757	0.603338	9.576806
0.488417	0.603338	9.567229
0.517147	0.584185	9.62469
0.488417	0.565031	9.586383
0.488417	0.651222	9.576806
0.47884	0.632069	9.615113
0.517147	0.584185	9.59596
0.440533	0.612915	9.615113
0.488417	0.593762	9.576806
0.526724	0.612915	9.62469
0.440533	0.593762	9.500192
0.440533	0.574608	9.538499
0.411802	0.545877	9.615113
0.392649	0.622492	9.538499
0.411802	0.555454	9.586383
0.411802	0.584185	9.605537
0.383072	0.593762	9.615113
0.411802	0.632069	9.586383
0.469263	0.593762	9.59596
0.421379	0.584185	9.615113
0.450109	0.584185	9.634267
0.440533	0.555454	9.605537
0.392649	0.574608	9.557653
0.421379	0.574608	9.567229
0.440533	0.574608	9.576806
0.440533	0.612915	9.59596
0.430956	0.574608	9.615113
0.459686	0.565031	9.567229
0.421379	0.603338	9.643844
0.373495	0.612915	9.586383
0.421379	0.603338	9.567229
0.459686	0.584185	9.567229
0.469263	0.565031	9.557653
0.440533	0.584185	9.557653
0.450109	0.593762	9.557653
0.488417	0.622492	9.576806
0.440533	0.622492	9.59596
0.47884	0.612915	9.59596
0.497993	0.622492	9.615113
0.488417	0.622492	9.576806
0.488417	0.593762	9.567229
0.497993	0.632069	9.605537
0.469263	0.651222	9.548076
0.488417	0.612915	9.557653
0.488417	0.622492	9.615113
0.50757	0.603338	9.605537
0.497993	0.574608	9.62469
0.450109	0.603338	9.567229
0.50757	0.641646	9.62469
0.450109	0.622492	9.576806
0.450109	0.584185	9.519345
0.47884	0.660799	9.538499
0.459686	0.632069	9.557653
0.488417	0.574608	9.62469
0.459686	0.632069	9.615113
0.392649	0.584185	9.634267
0.430956	0.622492	9.62469
0.402225	0.565031	9.509768
0.134075	0.411803	9.011775
0.114921	0.220267	6.339845
0.363919	0.067037	8.149862
1.398213	0.900219	13.292607
2.422932	1.292868	13.062764
2.355894	1.541865	10.352527
3.217807	1.034295	9.011775
5.899312	1.16837	2.422932
3.122038	4.309562	4.003105
-0.017601	3.303998	20.274099
1.187524	2.719813	17.056292
2.317587	2.470816	7.594407
3.131615	2.001552	2.221819
0.871489	1.924938	5.094861
1.484405	0.727837	10.52491
0.497993	1.206677	14.671667
-3.671283	0.833183	13.70441
0.05746	2.480392	9.299079
3.543418	0.296881	6.100425
0.766144	1.101332	8.169016
1.072602	0.469263	9.777919
0.517147	0.555454	11.338939
0.363918	0.785298	10.208875
0.402226	0.603338	9.165003
0.6608	0.363918	8.772354
0.430957	0.545877	9.069235
0.344766	0.306457	9.251195
0.775722	0.143652	9.749189
0.526725	0.229843	9.193734
0.248996	0.718261	9.710881
0.641647	0.239421	11.061211
-0.189983	0.766145	10.065223
-0.697554	-0.218713	9.17458
-1.452569	0.699107	9.38527
-1.079073	-0.295328	9.959878
-1.356801	0.287305	10.687716
1.312022	1.331176	8.896853
0.842758	2.116474	9.279925
1.915361	0.68953	9.030928
1.580173	0.210689	9.050082
0.785298	0.05746	9.902418
0.095768	0.71826	10.017339
0.095768	1.072602	8.916006
0.517147	0.986411	9.346963
0.344765	0.68953	9.452308
0.450109	0.584185	9.423577
0.392649	0.584185	10.026916
0.545877	0.670376	9.979032
0.565031	0.545877	9.433154
0.430956	0.488417	9.423577
0.430956	0.411802	9.643844
0.421379	0.373495	9.500192
0.363918	0.392649	9.576806
0.402225	0.354341	9.758765
0.517147	0.402225	9.720458
0.497993	0.47884	9.519345
0.536301	0.383072	9.500192
0.47884	0.430956	9.653421
0.450109	0.469263	9.62469
0.517147	0.497993	9.500192
0.526724	0.536301	9.62469
0.632069	0.421379	9.672574
0.536301	0.440533	9.615113
0.536301	0.450109	9.481038
0.517147	0.545877	9.576806
0.497993	0.47884	9.528922
0.229843	0.172383	7.699752
0.191537	-1.040766	7.383717
1.1971	-1.165265	8.858546
2.039859	0.995987	12.976572
0.201113	0.881066	8.705317
3.122038	1.838746	11.626243
1.924938	0.162805	9.107543
1.762132	-0.975281	10.381258
2.33674	-0.869936	8.90643
1.934514	0.785299	9.481038
0.842758	0.622493	10.534487
0.306458	0.565032	10.199299
-0.984858	0.928951	9.375693
0.651223	-0.46771	9.165003
0.248997	-0.362366	9.682151
0.277728	-0.257021	9.854534
0.785299	7.718906	11.099518
1.628057	7.058106	8.963891
0.565031	2.126051	7.364564
-0.304905	2.039859	10.898405
-0.659247	1.61848	11.338939
0.047884	1.244984	8.829815
0.737414	1.388636	8.178592
0.296881	1.206677	8.66701
0.766145	1.541865	9.212887
0.948104	1.570596	9.203311
0.497994	1.637633	9.107543
0.067038	1.963245	9.461884
0.105344	2.078167	9.80665
0.172383	2.260126	9.979032
0.526725	2.30801	10.342951
0.555455	2.269703	10.189722
0.296882	1.915361	9.950302
0.469263	1.091755	10.055646
0.995987	0.574608	10.093954
1.149216	0.814028	10.505756
1.714248	0.679953	11.21444
1.503558	1.158793	11.63582
1.302445	1.273715	11.607089
1.120486	0.823605	11.683704
1.302445	0.68953	12.200851
1.063025	0.306457	11.587936
4.098873	-0.793322	13.215993
3.92649	-0.956128	13.273454
4.127603	0.565032	13.340491
4.501099	0.976835	13.522449
4.730942	-0.122945	13.742717
4.845864	-1.155688	13.417106
4.673481	-2.552349	13.350068
4.13718	-2.274622	12.861651
3.361459	-2.150123	12.545616
2.57616	-2.408697	11.769895
1.838746	-2.447004	11.176133
1.302445	-2.686424	10.429142
0.660799	-1.184418	9.605537
0.038307	-1.74945	8.868122
0.191537	-0.496441	8.101978
0.459687	0.373496	7.5561
0.746991	0.181959	7.383717
0.890644	0.555455	7.13472
0.861913	0.086192	7.402871
0.986412	0.497993	7.776366
0.296882	0.995987	8.207323
0.181959	1.608903	8.609549
0.26815	1.666364	9.222464
0.172382	1.398213	9.38527
0.23942	1.158793	9.38527
0.641646	0.92895	9.346963
0.995987	0.967257	9.902418
0.986411	1.015141	9.739612
1.015141	0.74699	9.682151
0.804451	0.603338	9.892841
0.794874	0.316034	9.270348
1.015141	0.268151	9.203311
1.235408	0.622493	8.781931
1.551442	-0.88909	8.781931
1.905784	-0.477287	8.571241
2.145204	-0.237867	8.283937
2.116474	-0.027177	7.776366
1.848323	-1.739873	7.690175
1.838746	-1.213149	7.79552
2.202665	-2.475735	7.900865
2.652775	-3.901126	7.805097
2.949656	-3.623399	7.805097
2.99754	-3.623399	7.776366
2.987963	-3.412709	7.76679
2.78685	-3.154135	7.594407
2.394201	-4.895562	7.383717
2.154781	-4.847678	7.115567
2.298433	-4.665718	6.809109
2.509123	-4.78064	6.665457
2.470816	-3.23075	6.742071
2.451662	-3.451016	6.770802
2.422932	-3.613822	6.751648
2.451662	-3.728744	6.732495
2.585737	-3.594668	6.885723
2.681505	-3.661706	7.000645
2.700659	-3.70959	7.259219
2.700659	-3.508477	7.393294
2.738966	-3.44144	7.833827
2.528276	-2.447004	7.805097
2.624045	-2.676848	8.054094
2.844311	-2.475735	8.00621
2.99754	-3.891549	7.910442
2.959233	-3.479747	7.508216
2.748543	-3.518054	7.163451
2.767697	-3.690437	6.943184
2.78685	-3.527631	6.579266
2.691082	-3.163712	6.253654
2.652775	-4.818947	5.870582
2.643198	-4.502912	5.813121
2.729389	-4.253916	5.861005
2.930502	-4.052803	5.784391
3.064578	-5.842113	5.841852
3.227383	-5.449464	5.793968
3.303998	-5.028084	6.406883
4.070142	-6.846125	6.263231
3.811569	-6.74078	6.157886
3.543418	-6.779087	6.033388
3.227383	-6.654589	5.985504
3.112462	-6.568398	5.975927
3.227383	-6.405592	6.023811
3.543418	-6.328977	6.052541
3.878606	-6.558821	6.090849
3.888183	-6.645012	6.244077
3.620032	-6.654589	6.473921
3.591302	-6.568398	6.684611
3.552995	-6.491783	6.885723
3.572148	-6.386438	6.876147
3.696647	-6.26194	6.856993
3.821145	-6.29067	6.924031
3.782838	-6.319401	6.952761
3.68707	-6.300247	7.067683
3.7158	-6.319401	7.52737
3.907337	-7.830983	6.86657
3.485957	-7.965059	7.125144
2.624045	-5.056815	7.096413
2.279279	-5.727191	6.962338
2.202665	-5.257928	6.751648
2.145204	-6.903586	6.483498
2.059013	-6.692896	6.339845
2.030283	-6.836548	6.311115
1.991975	-5.037661	6.081272
2.106897	-5.238774	6.062118
2.394201	-5.344119	5.592855
2.317587	-5.114276	5.27682
2.06859	-6.989777	4.836287
1.810016	-6.989777	4.558559
1.82917	-5.066391	4.491522
2.049436	-5.21962	4.510675
2.355894	-5.334542	4.548983
2.585737	-5.506925	4.510675
2.662352	-5.593116	4.462791
2.681505	-5.775075	4.386177
2.614468	-4.024072	4.462791
2.624045	-4.3018	4.711788
2.624045	-4.474182	4.807556
2.662352	-4.512489	4.989516
2.624045	-4.273069	4.979939
2.394201	-5.813382	4.932055
2.126051	-5.439887	4.865017
2.09732	-5.267504	5.046977
2.298433	-5.008931	5.228936
2.604891	-6.846125	5.363011
2.700659	-6.855702	5.592855
2.729389	-6.836548	5.765237
2.75812	-6.989777	5.832275
2.863465	-5.104699	5.99508
2.777273	-5.21962	6.234501
2.681505	-5.075968	6.244077
2.566584	-6.731203	6.320692
2.509123	-6.568398	6.320692
2.557007	-6.453476	6.138733
2.509123	-6.415169	6.042964
2.298433	-6.443899	5.889736
2.212242	-6.453476	5.746083
2.30801	-6.491783	5.746083
2.154781	-6.491783	5.75566
2.135627	-6.338554	5.746083
2.193088	-6.156595	5.765237
2.173935	-6.099134	5.717353
2.078167	-6.060827	5.631162
1.781286	-6.194902	5.353434
1.685517	-6.281093	5.286397
1.656787	-6.319401	5.468356
1.771709	-6.348131	5.650315
2.020706	-6.434322	5.535394
2.135627	-6.71205	5.497087
2.020706	-6.989777	5.267243
1.695094	-6.970623	5.238513
1.723825	-5.037661	5.200206
1.790862	-5.171736	5.181052
1.838746	-5.372849	5.257666
1.781286	-5.372849	5.30555
1.896207	-5.334542	5.30555
1.972822	-5.296235	5.334281
1.924938	-5.238774	5.171475
1.790862	-5.181313	5.056553
1.608903	-5.16216	4.999093
1.541865	-5.171736	5.094861
1.513135	-5.143006	5.228936
1.666364	-5.037661	5.382165
1.848323	-6.865279	5.372588
1.771709	-6.664166	5.410895
1.340752	-6.558821	5.257666
1.053448	-6.587551	5.200206
1.091755	-6.568398	5.295974
1.417367	-6.549244	5.698199
1.800439	-6.405592	5.899312
2.020706	-6.338554	6.090849
2.011129	-6.309824	6.215347
1.819593	-6.348131	6.17704
1.637633	-6.396015	6.20577
1.570596	-6.472629	6.196193
1.522712	-6.50136	6.196193
1.43652	-6.539667	6.291961
1.37906	-6.597128	6.291961
1.369483	-6.692896	6.196193
1.465251	-6.961047	6.20577
1.484405	-5.037661	6.17704
1.446097	-5.037661	6.100425
1.446097	-5.104699	6.119579
1.388636	-6.989777	6.090849
1.474828	-6.903586	6.062118
1.40779	-6.76951	5.861005
1.302445	-6.510937	5.554547
1.130063	-6.405592	5.334281
1.043871	-6.415169	5.171475
1.149216	-6.396015	5.094861
1.254561	-6.50136	5.056553
1.244984	-6.539667	5.027823
1.244984	-6.453476	4.836287
1.244984	-6.405592	4.836287
1.388636	-6.300247	4.884171
1.484405	-6.29067	4.999093
1.417367	-6.309824	4.960785
1.244984	-6.386438	4.941632
1.110909	-6.50136	5.152321
1.063025	-6.577974	5.209782
1.130063	-6.597128	5.190629
1.283292	-6.616282	5.27682
1.254561	-6.568398	5.372588
1.216254	-6.568398	5.334281
1.158793	-6.520514	5.286397
1.091755	-6.53009	5.104437
1.005564	-6.53009	5.046977
0.976834	-6.568398	4.912901
0.900219	-6.702473	4.865017
0.986411	-6.74078	4.932055
1.206677	-6.798241	4.951209
1.302445	-6.788664	5.06613
1.312022	-6.702473	5.161898
1.302445	-6.587551	5.219359
1.177947	-6.50136	5.391742
1.110909	-6.309824	5.506663
1.120486	-6.012943	5.688623
1.187524	-7.821407	5.841852
1.16837	-7.792676	5.93762
1.110909	-7.869291	5.880159
1.024718	-7.830983	5.803544
0.900219	-7.783099	5.717353
0.804451	-7.792676	5.602431
0.612915	-6.012943	5.391742
0.440533	-6.26194	5.238513
0.421379	-6.175748	5.018246
0.430956	-6.089557	4.951209
0.545877	-6.089557	4.951209
0.727837	-6.003366	4.932055
0.900219	-6.089557	5.027823
1.043871	-6.185325	4.999093
1.082179	-6.223633	5.018246
1.177947	-6.242786	5.046977
1.072602	-6.319401	5.085284
0.814028	-6.443899	5.075707
0.708683	-6.50136	5.018246
0.517147	-6.558821	4.970362
0.488417	-6.482206	4.960785
0.536301	-6.482206	4.922478
0.900219	-6.396015	5.0374
0.967257	-6.386438	5.046977
0.909796	-6.242786	5.027823
0.708683	-6.089557	4.960785
0.526724	-7.898021	4.951209
0.440533	-7.850137	4.663904
0.296881	-7.898021	4.663904
0.373495	-6.060827	4.711788
0.545877	-6.003366	4.79798
0.756567	-7.936328	4.960785
0.785298	-7.850137	4.989516
0.95768	-7.878867	5.0374
0.881066	-7.955482	4.912901
0.804451	-6.060827	5.06613
0.737414	-6.443899	5.046977
0.737414	-6.597128	5.0374
0.756567	-6.50136	5.104437
0.794874	-6.520514	5.190629
0.785298	-6.520514	5.018246
0.622492	-6.558821	5.018246
0.641646	-6.510937	4.932055
0.517147	-6.53009	4.85544
0.497993	-6.510937	4.865017
0.517147	-6.472629	4.999093
0.632069	-6.396015	5.123591
0.794874	-6.319401	5.24809
0.871489	-6.166172	5.372588
0.92895	-6.137441	5.430049
0.900219	-6.137441	5.219359
0.833182	-6.089557	5.267243
0.727837	-7.898021	5.104437
0.727837	-7.725639	4.922478
0.670376	-7.696908	4.721365
0.536301	-7.649024	4.683058
0.50757	-7.668178	4.606443
0.574608	-7.620294	4.61602
0.670376	-7.57241	4.61602
0.708683	-7.553256	4.644751
0.612915	-7.438334	4.778826
0.565031	-7.428758	4.750096
0.47884	-7.438334	4.663904
0.526724	-7.543679	4.548983
0.584185	-7.792676	4.510675
0.584185	-7.898021	4.654328
0.632069	-7.917175	4.769249
0.71826	-7.850137	4.951209
0.804451	-7.898021	4.912901
0.775721	-7.955482	4.903325
0.785298	-6.089557	4.82671
0.861912	-6.271517	4.893748
0.976834	-6.424745	4.836287
1.043871	-6.453476	4.865017
0.842758	-6.558821	4.683058
0.584185	-6.568398	4.625597
0.517147	-6.549244	4.673481
0.641646	-6.53009	4.711788
0.919373	-6.50136	5.075707
1.216254	-6.549244	5.295974
1.369483	-6.510937	5.48751
1.474828	-6.386438	5.468356
1.283292	-6.281093	5.353434
1.139639	-6.319401	5.295974
0.976834	-6.396015	5.161898
0.842758	-6.376861	5.181052
0.823605	-6.396015	5.219359
0.804451	-6.300247	5.181052
0.890643	-6.271517	5.133168
0.909796	-6.214056	5.085284
0.92895	-6.194902	5.0374
0.861912	-6.156595	5.018246
1.043871	-6.137441	5.027823
1.130063	-6.214056	5.085284
1.216254	-6.281093	5.353434
1.340752	-6.472629	5.564124
1.570596	-6.71205	5.908889
1.819593	-6.894009	6.378153
2.011129	-6.932316	6.502651
2.049436	-5.104699	6.636727
2.011129	-5.411157	6.780379
1.752555	-5.554809	6.65588
1.551442	-5.593116	6.550535
1.40779	-5.66973	6.339845
1.484405	-5.66973	6.244077
1.656787	-5.746345	6.253654
1.944091	-5.468617	6.081272
1.944091	-5.248351	5.947196
1.810016	-6.9802	6.023811
1.742978	-6.779087	6.20577
1.82917	-6.673742	6.435614
2.059013	-6.731203	6.703764
2.154781	-6.855702	6.885723
2.193088	-5.028084	7.029376
2.173935	-5.047238	7.067683
2.078167	-5.382426	7.450755
1.877054	-5.755922	7.805097
1.810016	-4.3018	8.111555
2.030283	-3.000906	8.322244
1.915361	-3.47017	8.504204
1.398213	-3.747897	8.322244
0.823605	-2.016048	8.054094
0.229843	-2.456581	8.025363
0.785299	-2.858807	8.130708
-0.601786	-1.213149	8.341398
-0.515594	-1.605798	8.504204
-0.822052	-1.940986	8.705317
0.957681	-0.017601	8.820238
0.651223	-1.969716	8.983044
0.335189	-1.98887	9.078812
0.019154	-0.343212	9.241618
0.421379	-0.668823	9.481038
0.74699	-0.755015	9.83538
1.091755	-0.745438	10.103531
1.177947	-0.573055	10.333374
1.474828	-0.41025	10.400412
1.570596	-0.525171	10.544064
1.589749	-0.91782	10.7356
1.417367	0.842759	10.869675
1.388636	0.746991	11.013327
1.474828	0.565032	11.109095
1.503558	0.402226	11.281478
1.455674	0.095769	11.367669
1.350329	0.02873	11.482591
1.340752	0.181959	11.329362
1.321599	0.440533	11.166556
1.273715	0.823605	10.984597
1.139639	1.149216	10.706869
0.909796	1.283292	10.409988
0.651222	1.331176	10.0748
0.555454	0.995987	9.720458
0.392649	0.574608	9.414
0.086191	0.306457	8.676586
0.478841	0.383072	8.044517
-0.841206	0.852335	7.680598
-0.544325	1.417367	7.517793
-0.573055	1.752555	7.728482
-0.620939	1.848323	8.015787
-0.86036	1.637633	8.226476
0.890644	1.465251	8.66701
0.593763	1.541865	8.944737
0.172383	1.781286	9.299079
0.076615	2.212242	9.270348
0.172383	2.480392	9.394847
0.191537	2.671929	9.471461
0.268151	2.662352	9.346963
0.201113	2.78685	8.389282
0.603338	2.863465	8.638279
0.335188	2.96881	9.14585
0.047885	3.246537	9.222464
0.239421	3.821145	9.375693
0.804452	4.443638	9.346963
0.814029	4.845864	8.925583
0.785299	4.979939	8.638279
0.890644	4.85544	8.609549
-0.879513	4.606443	8.475473
-0.687977	4.673481	8.03494
-0.429403	4.893748	7.517793
-0.065485	5.190629	7.048529
-1.797334	5.401318	6.789955
-1.615375	5.506663	6.761225
-1.442992	5.363011	6.837839
-1.567491	5.008669	6.924031
-1.241879	4.673481	6.924031
-1.29934	4.596867	6.607996
-1.280186	4.912901	6.665457
-1.318494	5.458779	6.722918
-1.280186	6.224924	6.780379
-1.308917	6.493074	7.058106
-1.29934	6.473921	7.010222
-1.347224	6.358999	7.287949
-1.548337	6.17704	7.354987
-1.77818	5.99508	7.498639
-1.883525	5.93762	7.632714
-1.902679	6.138733	7.757213
-1.873948	6.224924	7.785943
-1.768604	6.397306	7.623138
-1.663259	6.426037	7.603984
-1.653682	6.368576	7.594407
-1.663259	6.320692	7.5561
-1.701566	6.291961	7.594407
-1.663259	6.483498	7.469909
-1.241879	6.770802	7.125144
-2.810923	7.10599	6.828263
-2.667271	7.52737	6.617573
-2.466158	7.671022	6.38773
-2.312929	7.699752	6.263231
-2.150123	7.690175	6.004657
-2.073509	7.852981	5.72693
-3.853242	7.843404	5.391742
-3.805358	7.718906	5.382165
-2.006471	7.76679	5.525817
-2.245891	7.757213	5.669469
-2.389543	7.671022	5.832275
-2.523619	7.5561	5.870582
-2.590656	7.489062	5.861005
-2.63854	7.335833	5.918466
-2.715155	7.364564	6.014234
-2.801346	7.34541	6.090849
-2.858807	7.422025	6.071695
-2.839653	7.498639	5.861005
-2.705578	7.58483	5.793968
-2.523619	7.575254	5.640739
-2.37039	7.460332	5.449202
-2.351236	7.393294	5.401318
-2.332083	7.354987	5.334281
-2.322506	7.450755	5.228936
-2.284199	7.623138	5.161898
-2.198007	7.76679	5.075707
-2.121393	7.833827	4.893748
-2.111816	7.852981	4.788403
-2.102239	7.852981	4.663904
-3.891549	8.025363	4.414907
-3.747897	8.101978	4.213794
-3.518054	8.140285	4.012681
-3.4989	8.197746	3.955221
-3.4989	8.149862	3.964797
-3.671283	7.948749	3.849876
-3.728744	7.699752	3.821145
-3.814935	7.498639	3.840299
-3.94901	7.364564	3.706224
-2.092662	7.31668	3.648763
-2.207584	7.287949	3.505111
-2.265045	7.029376	3.428496
-2.284199	7.07726	3.275267
-2.226738	7.038952	3.198653
-2.217161	7.182604	3.122038
-2.016048	7.489062	3.083731
-3.661706	7.709329	2.99754
-3.316941	7.967903	3.045424
-3.182866	8.341398	3.102885
-3.221173	8.48505	3.064578
-3.192443	8.48505	3.217807
-3.249903	8.513781	3.284844
-3.23075	8.48505	3.342305
-3.278634	8.45632	3.466804
-3.345671	8.475473	3.505111
-3.355248	8.580818	3.763685
-3.460593	8.561665	3.801992
-3.403132	8.638279	3.859453
-3.412709	8.542511	3.840299
-3.431863	8.552088	3.648763
-3.364825	8.48505	3.639186
-3.393556	8.360552	3.47638
-3.412709	8.293514	3.313575
-3.422286	8.101978	3.141192
-3.412709	7.824251	2.959233
-3.527631	7.603984	2.930502
-3.652129	7.364564	2.700659
-3.68086	7.31668	2.480392
-3.594668	7.364564	2.173935
-3.374402	7.508216	1.953668
-3.115828	7.613561	1.867477
-3.067944	7.671022	1.742978
-3.077521	7.575254	1.877054
-3.221173	7.508216	1.838746
-3.336095	7.546523	1.781286
-3.288211	7.565677	1.867477
-3.374402	7.623138	1.896207
-3.642552	7.76679	2.039859
-3.623399	7.632714	2.020706
-3.364825	7.824251	2.145204
-3.211596	7.79552	2.039859
-3.192443	7.958326	2.183511
-3.134982	8.044517	2.403778
-3.661706	8.197746	2.643198
-3.154135	8.054094	2.422932
-3.077521	8.130708	2.260126
-3.115828	8.437166	2.317587
-4.943446	8.494627	2.5187
-4.723179	8.676586	2.633621
-4.761486	8.753201	2.566584
-4.771063	8.829815	2.480392
-4.799793	8.762778	2.346317
-4.694449	8.571241	2.135627
-4.732756	8.494627	1.991975
-4.684872	8.398859	2.001552
-4.732756	8.312668	2.078167
-4.847678	8.226476	2.020706
-4.943446	8.169016	1.915361
-4.981753	8.121132	1.944091
-3.039214	8.073247	1.896207
-4.981753	8.092401	1.838746
-4.905138	8.140285	1.762132
-4.828524	8.149862	1.723825
-4.790217	8.149862	1.685517
-4.761486	8.188169	1.675941
-4.742333	8.188169	1.637633
-4.80937	8.130708	1.580173
-4.876408	8.025363	1.628057
-4.933869	7.929595	1.541865
-4.99133	7.967903	1.465251
-4.905138	8.054094	1.340752
-4.627411	8.140285	1.206677
-4.474182	8.159439	1.149216
-4.502912	8.226476	1.063025
-4.464605	8.350975	1.187524
-4.464605	8.322244	1.273715
-4.560373	8.341398	1.321599
-4.522066	8.418013	1.40779
-4.579527	8.370129	1.331176
-4.608257	8.341398	1.37906
-4.713602	8.331821	1.513135
-4.80937	8.370129	1.695094
-4.885985	8.350975	1.771709
-4.981753	8.303091	1.800439
-3.106251	8.169016	1.915361
-3.067944	8.188169	1.848323
-3.04879	8.293514	1.810016
-4.972176	8.27436	1.810016
-4.943446	8.178592	1.781286
-3.087098	8.140285	1.599326
-3.058367	7.967903	1.484405
-4.78064	7.967903	1.312022
-4.876408	8.082824	1.340752
-4.857254	8.121132	1.216254
-4.838101	8.03494	1.091755
-4.675295	8.101978	0.976834
-4.54122	8.015787	0.660799
-4.455028	7.939172	0.584185
-4.167724	7.958326	0.47884
-4.282646	7.967903	0.402225
-4.455028	8.063671	0.469263
-4.502912	8.130708	0.593762
-4.340107	8.140285	0.622492
-4.35926	8.312668	0.574608
-4.225185	8.312668	0.47884
-4.387991	8.427589	0.727837
-4.435875	8.303091	0.909796
-4.531643	8.341398	1.043871
-4.455028	8.341398	1.005564
-4.502912	8.446743	1.120486
-4.35926	8.379705	1.063025
-4.282646	8.437166	1.101332
-4.349684	8.571241	1.082179
-4.397568	8.561665	1.082179
-4.292223	8.542511	0.967257
-4.167724	8.609549	0.756567
-5.976188	8.437166	0.603338
-5.995342	8.379705	0.430956
-4.043226	8.169016	0.201112
-4.052803	7.987056	0.229843
-4.512489	7.632714	0.287305
-5.995342	7.776366	0.507571
-4.062379	7.747636	0.02873
-4.340107	7.450755	0.42138
-4.110263	7.479485	0.545878
-4.340107	7.354987	0.229844
-4.646565	7.249642	0.201113
-4.627411	7.364564	0.02873
-4.684872	7.431601	0.229843
-4.665718	7.623138	0.229843
-4.636988	7.76679	0.162805
-4.474182	7.79552	0.172382
-4.522066	7.910442	0.047884
-4.522066	7.910442	0.191537
-4.407144	7.977479	0.411803
-4.129417	8.073247	0.593763
-4.100687	8.159439	0.459687
-4.138994	8.169016	0.229844
-4.206031	8.054094	0.248997
-4.234762	7.958326	0.268151
-4.282646	7.76679	0.411803
-4.292223	7.680598	0.804452
-4.167724	7.709329	-0.936974
-4.071956	7.785943	-0.592209
-5.976188	7.680598	-0.391096
-4.043226	7.680598	-0.381519
-4.253916	7.575254	-0.735861
-4.416721	7.565677	-0.91782
-4.483759	7.517793	-0.927397
-4.455028	7.603984	-0.697554
-4.206031	7.728482	-0.630516
-4.138994	7.776366	-0.620939
-5.947458	7.79552	-0.64967
-5.947458	7.843404	-0.716707
-5.85169	7.852981	-0.745438
-5.88042	7.852981	-0.831629
-5.832536	7.872135	-0.91782
-5.765498	8.025363	-0.898667
-5.736768	8.130708	-0.984858
-5.755922	8.140285	0.995988
-5.775075	8.121132	0.861913
-5.755922	8.101978	0.804452
-5.727191	8.130708	0.814029
-5.727191	8.063671	0.957681
-5.746345	7.920019	-0.927397
-5.736768	7.757213	-0.793322
-5.765498	7.651868	-0.687977
-5.842113	7.58483	-0.553902
-5.870843	7.431601	-0.314482
-5.889997	7.326257	-0.247444
-5.85169	7.249642	-1.979293
-5.755922	7.249642	-1.557914
-5.832536	7.364564	-1.155688
-5.985765	7.374141	-2.810923
-5.995342	7.307103	-2.676848
-5.985765	7.125144	-2.801346
-5.899574	6.885723	-1.213149
-4.11984	6.809109	-1.462146
-4.3018	6.742071	-1.423839
-4.368837	6.876147	-1.385531
-4.311376	6.904877	-1.289763
-4.167724	6.952761	-1.414262
-4.071956	6.991068	-1.462146
-5.966611	7.13472	-1.471723
-5.889997	7.297526	-1.77818
-5.861266	7.422025	-0.065485
-5.85169	7.58483	-0.209137
-5.889997	7.738059	-0.122945
-5.708038	7.843404	-0.285751
-5.698461	7.939172	-0.314482
-5.631423	7.881711	-0.362366
-5.679307	7.814674	-0.333635
-5.755922	7.690175	-0.46771
-5.918727	7.517793	-0.400673
-4.110263	7.374141	-0.247444
-4.129417	7.163451	-0.142099
-4.071956	6.981492	-0.017601
-4.004919	6.971915	-1.74945
-5.918727	6.86657	-1.471723
-5.918727	6.761225	-1.500453
-5.937881	6.62715	-1.490876
-4.100687	6.569689	-1.490876
-4.052803	6.742071	-1.366378
-4.024072	6.856993	-1.222726
-4.100687	6.924031	-1.098227
-4.062379	6.952761	-1.031189
-4.129417	6.885723	-1.117381
-4.244339	6.837839	-1.385531
-4.234762	6.876147	-1.471723
-4.062379	6.8953	-1.337647
-5.966611	7.058106	-1.126958
-5.947458	7.125144	-1.193995
-5.775075	7.268796	-1.375954
-5.650577	7.374141	-1.586644
-5.631423	7.546523	-1.739873
-5.583539	7.728482	-1.864372
-5.459041	7.843404	-1.912256
-5.449464	7.967903	-0.065485
-5.459041	7.958326	-0.017601
-5.506925	7.900865	-0.036754
-5.535655	7.824251	-1.98887
-5.554809	7.805097	-0.008024
-5.688884	7.728482	-0.036754
-5.708038	7.699752	-0.008024
-5.803806	7.508216	-1.893102
-5.813382	7.335833	-1.74945
-5.861266	7.249642	-1.481299
-5.832536	7.048529	-1.375954
-5.775075	6.943184	-1.050343
-5.746345	6.799532	-2.906691
-5.717614	6.809109	-2.868384
-5.765498	6.789955	-2.772616
-5.746345	6.799532	-2.772616
-5.842113	6.818686	-2.858807
-5.813382	6.818686	-2.839653
-5.794229	6.837839	-2.973729
-5.90915	6.8953	-2.992882
-5.995342	6.876147	-1.021613
-4.167724	6.981492	-1.126958
-4.148571	7.029376	-1.098227
-4.052803	7.029376	-1.117381
-5.937881	7.029376	-1.213149
-5.899574	7.153874	-1.32807
-5.803806	7.34541	-1.366378
-5.822959	7.383717	-1.337647
-5.775075	7.34541	-1.356801
-5.765498	7.354987	-1.318494
-5.784652	7.326257	-1.462146
-5.842113	7.182604	-1.471723
-4.004919	7.230489	-1.462146
-5.928304	7.259219	-1.53876
-5.976188	7.230489	-1.395108
-5.947458	7.144297	-1.184418
-5.803806	7.048529	-1.079073
-5.660154	6.914454	-1.031189
-5.660154	6.904877	-2.925845
-5.698461	6.876147	-2.858807
-5.775075	6.856993	-2.887537
-5.889997	6.837839	-2.925845
-5.918727	6.8953	-2.973729
-5.870843	6.8953	-1.012036
-5.813382	6.856993	-1.08865
-5.870843	6.856993	-1.203572
-5.889997	6.971915	-1.146111
-5.976188	7.010222	-1.241879
-5.966611	7.067683	-1.500453
-5.937881	7.067683	-1.500453
-5.889997	7.173028	-1.433415
-5.861266	7.335833	-1.280186
-5.822959	7.326257	-1.32807
-5.784652	7.31668	-1.404685
-5.727191	7.364564	-1.32807
-5.775075	7.402871	-1.32807
-5.755922	7.383717	-1.490876
-5.775075	7.431601	-1.519607
-5.842113	7.412448	-1.557914
-5.746345	7.441178	-1.452569
-5.621846	7.422025	-1.423839
-5.66973	7.374141	-1.414262
-5.621846	7.354987	-1.433415
-5.736768	7.287949	-1.77818
-5.822959	7.383717	-1.950563
-5.861266	7.441178	-1.797334
-5.842113	7.431601	-1.577067
-5.889997	7.34541	-1.471723
-5.995342	7.192181	-1.442992
-4.062379	7.019799	-1.414262
-4.129417	7.010222	-1.337647
-4.167724	7.010222	-1.27061
-4.071956	7.144297	-1.251456
-5.88042	7.153874	-1.165265
-5.755922	7.144297	-1.155688
-5.612269	7.287949	-1.232302
-5.621846	7.374141	-1.184418
-5.660154	7.431601	-1.251456
-5.688884	7.431601	-1.29934
-5.688884	7.402871	-1.337647
-5.727191	7.364564	-1.356801
-5.842113	7.249642	-1.366378
-5.861266	7.268796	-1.347224
-4.024072	7.163451	-1.385531
-4.071956	7.07726	-1.404685
-4.071956	7.115567	-1.404685
-4.052803	7.211335	-1.452569
-4.043226	7.201758	-1.462146
-4.033649	7.287949	-1.490876
-5.899574	7.268796	-1.615375
-5.822959	7.307103	-1.634528
-5.775075	7.402871	-1.701566
-5.775075	7.498639	-1.701566
-5.813382	7.517793	-1.605798
-5.842113	7.5561	-1.548337
-5.937881	7.479485	-1.682412
-4.004919	7.335833	-1.596221
-4.033649	7.287949	-1.481299
-5.985765	7.211335	-1.375954
-5.985765	7.115567	-1.356801
-4.004919	7.163451	-1.280186
-4.071956	7.144297	-1.395108
-4.100687	7.211335	-1.433415
-4.110263	7.307103	-1.423839
-4.129417	7.259219	-1.51003
-4.062379	7.268796	-1.51003
-4.052803	7.268796	-1.519607
-5.995342	7.307103	-1.519607
-5.985765	7.34541	-1.519607
-5.966611	7.402871	-1.557914
-5.966611	7.335833	-1.490876
-5.966611	7.307103	-1.529183
-5.995342	7.335833	-1.490876
-4.024072	7.422025	-1.490876
-5.937881	7.364564	-1.404685
-5.822959	7.374141	-1.462146
-5.794229	7.479485	-1.701566
-5.755922	7.575254	-1.739873
-5.765498	7.757213	-1.902679
-5.679307	7.881711	-1.998447
-5.621846	7.843404	-1.979293
-5.688884	7.824251	-1.969716
-5.717614	7.785943	-1.969716
-5.889997	7.757213	-1.979293
-5.918727	7.738059	-1.96014
-5.976188	7.661445	-1.826064
-5.870843	7.565677	-1.663259
-5.822959	7.412448	-1.586644
-5.889997	7.335833	-1.548337
-4.024072	7.211335	-1.53876
-4.110263	7.096413	-1.395108
-4.11984	7.07726	-1.404685
-4.138994	6.952761	-1.280186
-4.244339	7.019799	-1.126958
-4.100687	7.10599	-1.165265
-5.985765	7.153874	-1.232302
-5.976188	7.192181	-1.174842
-5.985765	7.307103	-1.261033
-5.957035	7.335833	-1.404685
-4.014495	7.374141	-1.548337
-4.062379	7.498639	-1.711143
-4.138994	7.536946	-1.787757
-4.071956	7.603984	-1.931409
-4.024072	7.613561	-1.902679
-5.957035	7.603984	-1.921832
-5.832536	7.661445	-0.036754
-5.822959	7.785943	-0.036754
-5.727191	8.015787	-0.103792
-5.688884	8.063671	-0.094215
-5.650577	7.948749	-0.008024
-5.794229	7.891288	-0.008024
-5.813382	7.862558	-1.950563
-5.85169	7.805097	-1.931409
-5.88042	7.709329	-1.768604
-5.957035	7.575254	-1.931409
-4.004919	7.450755	-1.940986
-4.062379	7.52737	-1.835641
-4.09111	7.450755	-1.663259
-4.09111	7.441178	-1.653682
-4.062379	7.393294	-1.691989
-4.167724	7.393294	-1.759027
-4.282646	7.422025	-1.682412
-4.387991	7.393294	-1.72072
-4.368837	7.326257	-1.624951
-4.215608	7.335833	-1.653682
-4.110263	7.412448	-1.596221
-4.033649	7.536946	-1.682412
-5.985765	7.661445	-1.653682
-5.88042	7.699752	-1.74945
-5.889997	7.709329	-1.768604
-5.85169	7.728482	-1.940986
-5.947458	7.852981	-1.950563
-4.033649	7.881711	-0.103792
-4.062379	7.900865	-0.094215
-4.043226	7.862558	-0.075061
-4.110263	7.785943	-1.979293
-4.062379	7.661445	-1.806911
-4.052803	7.651868	-1.787757
-4.081533	7.52737	-1.605798
-4.167724	7.52737	-1.663259
-4.129417	7.498639	-1.663259
-4.167724	7.460332	-1.615375
-4.100687	7.479485	-1.605798
-4.148571	7.498639	-1.653682
-4.167724	7.536946	-1.567491
-4.110263	7.546523	-1.51003
-4.062379	7.460332	-1.586644
-4.081533	7.431601	-1.596221
-4.081533	7.565677	-1.72072
-4.148571	7.642291	-1.77818
-4.081533	7.76679	-1.854795
-4.071956	7.757213	-1.902679
-4.09111	7.728482	-1.98887
-4.129417	7.757213	-0.008024
-4.177301	7.747636	-1.979293
-4.148571	7.747636	-0.046331
-4.234762	7.718906	-0.017601
-4.177301	7.680598	-1.969716
-4.129417	7.680598	-1.979293
-4.110263	7.603984	-1.940986
-4.100687	7.58483	-1.816488
-4.167724	7.58483	-1.845218
-4.196455	7.594407	-1.845218
-4.225185	7.58483	-1.730296
-4.167724	7.58483	-1.768604
-4.215608	7.536946	-1.691989
-4.138994	7.5561	-1.797334
-4.129417	7.632714	-1.768604
-4.062379	7.690175	-1.854795
-4.09111	7.661445	-1.893102
-4.148571	7.680598	-1.931409
-4.186878	7.661445	-0.036754
-4.33053	7.728482	-0.046331
-4.3018	7.76679	-0.036754
-4.311376	7.690175	-1.950563
-4.263492	7.661445	-0.008024
-4.253916	7.594407	-1.969716
-4.3018	7.642291	-1.940986
-4.349684	7.642291	-1.797334
-4.215608	7.603984	-1.787757
-4.225185	7.517793	-1.682412
-4.273069	7.508216	-1.644105
-4.320953	7.517793	-1.768604
-4.311376	7.536946	-1.644105
-4.234762	7.489062	-1.691989
-4.282646	7.536946	-1.596221
-4.215608	7.412448	-1.730296
-4.253916	7.431601	-1.759027
-4.368837	7.489062	-1.691989
-4.263492	7.58483	-1.691989
-4.311376	7.642291	-1.768604
-4.148571	7.603984	-1.835641
-4.100687	7.603984	-1.902679
-4.148571	7.613561	-1.921832
-4.263492	7.52737	-1.940986
-4.196455	7.517793	-1.912256
-4.167724	7.603984	-1.797334
-4.196455	7.651868	-1.768604
-4.225185	7.661445	-1.806911
-4.196455	7.623138	-1.902679
-4.253916	7.709329	-0.027177
-4.3018	7.671022	-0.122945
-4.349684	7.728482	-0.122945
-4.263492	7.805097	-0.084638
-4.244339	7.738059	-0.075061
-4.148571	7.709329	-1.96014
-4.148571	7.728482	-1.979293
-4.167724	7.900865	-1.921832
-4.09111	7.958326	-0.027177
-4.081533	7.852981	-0.008024
-4.052803	7.862558	-1.921832
-4.014495	7.747636	-1.921832
-4.110263	7.757213	-1.797334
-4.186878	7.747636	-1.759027
-4.273069	7.642291	-1.797334
-4.407144	7.565677	-1.74945
-4.426298	7.489062	-1.672835
-4.54122	7.393294	-1.730296
-4.54122	7.441178	-1.768604
-4.589104	7.517793	-1.739873
-4.646565	7.536946	-1.826064
-4.502912	7.565677	-1.730296
-4.435875	7.594407	-1.634528
-4.416721	7.536946	-1.711143
-4.483759	7.5561	-1.759027
-4.512489	7.58483	-1.797334
-4.550797	7.594407	-1.883525
-4.723179	7.508216	-1.912256
-4.742333	7.498639	-0.065485
-4.78064	7.565677	-0.180406
-4.78064	7.680598	-0.19956
-4.742333	7.728482	-0.209137
-4.636988	7.718906	-0.218713
-4.56995	7.738059	-0.218713
-4.694449	7.747636	-0.161253
-4.742333	7.728482	-0.122945
-4.684872	7.699752	-1.979293
-4.483759	7.661445	-1.912256
-4.455028	7.776366	-1.912256
-4.407144	7.824251	-1.940986
-4.368837	7.910442	-0.075061
-4.378414	7.977479	-0.017601
-4.445452	7.920019	-0.113369
-4.522066	7.747636	-0.036754
-4.617834	7.671022	-1.998447
-4.665718	7.642291	-0.036754
-4.675295	7.489062	-1.940986
-4.636988	7.508216	-1.96014
-4.665718	7.603984	-1.940986
-4.675295	7.58483	-1.940986
-4.636988	7.661445	-1.979293
-4.656141	7.680598	-1.931409
-4.684872	7.642291	-1.931409
-4.694449	7.632714	-1.921832
-4.694449	7.671022	-1.902679
-4.627411	7.728482	-1.912256
-4.531643	7.805097	-1.931409
-4.474182	7.76679	-1.940986
-4.435875	7.891288	-0.122945
-4.483759	7.996633	-0.218713
-4.464605	8.140285	-0.257021
-4.474182	8.178592	-0.295328
-4.474182	8.121132	-0.324058
-4.483759	8.054094	-0.324058
-4.474182	8.073247	-0.343212
-4.445452	8.015787	-0.324058
-4.512489	7.967903	-0.189983
-4.397568	8.015787	-0.209137
-4.320953	8.00621	-0.266597
-4.273069	7.977479	-0.266597
-4.3018	8.140285	-0.276174
-4.455028	8.111555	-0.122945
-4.474182	8.044517	-0.036754
-4.445452	7.967903	-0.065485
-4.522066	7.920019	-0.084638
-4.608257	8.00621	-0.113369
-4.617834	8.03494	-0.170829
-4.531643	8.054094	-0.113369
-4.397568	8.044517	-0.122945
-4.33053	8.111555	-0.247444
-4.253916	8.149862	-0.218713
-4.186878	8.169016	-0.218713
-4.253916	8.159439	-0.209137
-4.349684	8.140285	-0.295328
-4.387991	8.149862	-0.324058
-4.522066	8.063671	-0.209137
-4.608257	7.977479	-0.170829
-4.56995	7.948749	-0.103792
-4.589104	7.862558	-0.055908
-4.54122	7.967903	-1.998447
-4.512489	8.015787	-0.065485
-4.474182	8.054094	-0.084638
-4.33053	8.073247	-1.98887
-4.158147	8.073247	-0.065485
-4.11984	8.169016	-0.036754
-4.167724	8.27436	-0.094215
-4.129417	8.322244	-0.151676
-4.206031	8.350975	-0.314482
-4.253916	8.303091	-0.333635
-4.378414	8.264784	-0.362366
-4.512489	8.140285	-0.352789
-4.550797	8.101978	-0.314482
-4.694449	8.101978	-0.276174
-4.713602	8.044517	-0.285751
-4.694449	8.025363	-0.285751
-4.751909	8.025363	-0.333635
-4.684872	7.996633	-0.41025
-4.723179	7.977479	-0.391096
-4.751909	7.996633	-0.400673
-4.675295	7.967903	-0.295328
-4.646565	7.900865	-0.237867
-4.684872	7.814674	-0.22829
-4.684872	7.833827	-0.209137
-4.78064	7.843404	-0.142099
-4.838101	7.805097	-0.237867
-4.828524	7.872135	-0.22829
-4.771063	7.891288	-0.151676
-4.80937	7.891288	-0.170829
-4.751909	7.920019	-0.22829
-4.704025	7.958326	-0.19956
-4.665718	7.958326	-0.266597
-4.54122	8.015787	-0.314482
-4.579527	8.082824	-0.276174
-4.522066	8.130708	-0.22829
-4.522066	8.121132	-0.295328
-4.483759	8.092401	-0.247444
-4.455028	8.092401	-0.189983
-4.531643	8.092401	-0.180406
-4.531643	8.044517	-0.209137
-4.589104	8.092401	-0.276174
-4.713602	7.977479	-0.304905
-4.684872	7.967903	-0.285751
-4.742333	7.967903	-0.247444
-4.627411	7.881711	-0.218713
-4.675295	7.814674	-0.295328
-4.771063	7.79552	-0.324058
-4.78064	7.900865	-0.352789
-4.828524	7.900865	-0.371942
-4.790217	7.910442	-0.333635
-4.78064	7.958326	-0.237867
-4.761486	7.948749	-0.266597
-4.713602	7.929595	-0.295328
-4.732756	8.00621	-0.266597
-4.742333	8.092401	-0.362366
-4.761486	8.054094	-0.352789
-4.675295	8.054094	-0.371942
-4.608257	8.121132	-0.276174
-4.579527	8.092401	-0.285751
-4.627411	8.082824	-0.304905
-4.636988	8.054094	-0.343212
-4.694449	8.03494	-0.352789
-4.80937	8.00621	-0.352789
-4.818947	7.977479	-0.324058
-4.828524	7.929595	-0.276174
-4.78064	7.785943	-0.266597
-4.857254	7.977479	-0.257021
-4.838101	8.025363	-0.189983
-4.665718	8.063671	-0.237867
-4.608257	7.958326	-0.22829
-4.608257	8.025363	-0.285751
-4.732756	8.044517	-0.391096
-4.713602	8.073247	-0.324058
-4.675295	7.996633	-0.41025
-4.732756	7.967903	-0.314482
-4.646565	7.977479	-0.362366
-4.742333	7.987056	-0.343212
-4.818947	7.929595	-0.333635
-4.876408	7.920019	-0.352789
-4.962599	7.891288	-0.304905
-4.924292	7.862558	-0.237867
-4.847678	7.929595	-0.285751
-4.790217	7.948749	-0.285751
-4.78064	7.967903	-0.333635
-4.838101	7.958326	-0.371942
-4.790217	8.025363	-0.352789
-4.790217	7.996633	-0.314482
-4.78064	7.967903	-0.371942
-4.78064	7.920019	-0.276174
-4.838101	8.044517	-0.352789
-4.818947	8.015787	-0.324058
-4.828524	8.015787	-0.381519
-4.905138	7.987056	-0.41025
-4.80937	8.044517	-0.352789
-4.828524	7.977479	-0.400673
-4.771063	8.015787	-0.371942
-4.80937	8.025363	-0.400673
-4.818947	8.130708	-0.429403
-4.828524	8.092401	-0.515594
-4.80937	8.111555	-0.544325
-4.818947	8.092401	-0.563479
-4.818947	8.03494	-0.525171
-4.818947	8.054094	-0.477287
-4.828524	8.03494	-0.506018
-4.80937	8.082824	-0.41025
-4.771063	8.092401	-0.333635
-4.761486	8.130708	-0.343212
-4.694449	8.178592	-0.371942
-4.579527	8.188169	-0.486864
-4.560373	8.303091	-0.486864
-4.531643	8.350975	-0.496441
-4.579527	8.370129	-0.620939
-4.550797	8.341398	-0.620939
-4.550797	8.341398	-0.582632
-4.713602	8.283937	-0.592209
-4.818947	8.226476	-0.553902
-4.857254	8.169016	-0.477287
-4.857254	8.054094	-0.419826
-4.838101	7.996633	-0.429403
-4.799793	8.092401	-0.419826
-4.818947	8.063671	-0.352789
-4.78064	8.015787	-0.276174
-4.723179	8.073247	-0.362366
-4.742333	8.082824	-0.295328
-4.751909	8.092401	-0.285751
-4.761486	8.063671	-0.333635
-4.818947	8.054094	-0.276174
-4.866831	8.00621	-0.257021
-4.838101	8.015787	-0.314482
-4.828524	7.891288	-0.266597
-4.828524	7.967903	-0.343212
-4.857254	8.044517	-0.266597
-4.799793	8.054094	-0.352789
-4.656141	8.149862	-0.237867
-4.608257	8.149862	-0.266597
-4.617834	8.121132	-0.266597
-4.704025	8.121132	-0.324058
-4.761486	8.063671	-0.295328
-4.818947	8.159439	-0.314482
-4.80937	8.121132	-0.362366
-4.838101	8.101978	-0.429403
-4.80937	8.092401	-0.573055
-4.761486	8.27436	-0.573055
-4.742333	8.312668	-0.601786
-4.617834	8.255207	-0.573055
-4.694449	8.264784	-0.697554
-4.742333	8.236053	-0.726284
-4.790217	8.264784	-0.716707
-4.847678	8.226476	-0.764591
-4.914715	8.188169	-0.697554
-3.010483	8.140285	-0.6784
-4.953022	8.121132	-0.640093
-4.972176	8.121132	-0.668823
-4.876408	8.159439	-0.582632
-4.838101	8.178592	-0.630516
-4.78064	8.236053	-0.582632
-4.627411	8.197746	-0.46771
-4.608257	8.283937	-0.429403
-4.665718	8.24563	-0.573055
-4.761486	8.2169	-0.515594
-4.80937	8.2169	-0.496441
-4.790217	8.149862	-0.563479
-4.838101	8.111555	-0.506018
-4.876408	8.025363	-0.496441
-4.895562	8.092401	-0.525171
-4.953022	8.092401	-0.544325
-4.953022	8.092401	-0.64967
-4.905138	8.092401	-0.735861
-4.924292	8.149862	-0.755015
-4.943446	8.207323	-0.726284
-4.876408	8.178592	-0.573055
-4.790217	8.140285	-0.601786
-4.828524	8.149862	-0.668823
-4.790217	8.178592	-0.611363
-4.799793	8.169016	-0.582632
-4.771063	8.178592	-0.544325
-4.838101	8.197746	-0.592209
-4.790217	8.197746	-0.620939
-4.790217	8.27436	-0.659247
-4.78064	8.303091	-0.592209
-4.771063	8.322244	-0.582632
-4.742333	8.207323	-0.611363
-4.771063	8.264784	-0.64967
-4.80937	8.236053	-0.630516
-4.933869	8.2169	-0.611363
-4.953022	8.2169	-0.735861
-4.924292	8.159439	-0.755015
-4.972176	8.111555	-0.774168
-4.953022	8.111555	-0.764591
-4.953022	8.149862	-0.841206
-4.924292	8.169016	-0.793322
-4.866831	8.178592	-0.755015
-4.885985	8.188169	-0.707131
-4.828524	8.178592	-0.640093
-4.866831	8.207323	-0.640093
-4.933869	8.188169	-0.601786
-4.933869	8.111555	-0.707131
-3.010483	8.159439	-0.697554
-3.039214	8.159439	-0.592209
-3.000906	8.2169	-0.553902
-3.02006	8.2169	-0.506018
-4.914715	8.159439	-0.496441
-4.953022	8.188169	-0.630516
-3.010483	8.169016	-0.592209
-3.067944	8.236053	-0.687977
-3.144559	8.264784	-0.697554
-3.04879	8.264784	-0.611363
-4.981753	8.197746	-0.620939
-4.857254	8.322244	-0.601786
-4.828524	8.341398	-0.582632
-4.857254	8.398859	-0.745438
-4.953022	8.408436	-0.764591
-4.972176	8.379705	-0.831629
-3.039214	8.331821	-0.822052
-3.039214	8.312668	-0.850783
-3.067944	8.2169	-0.793322
-3.04879	8.255207	-0.745438
-3.087098	8.283937	-0.755015
-3.096675	8.27436	-0.774168
-3.039214	8.255207	-0.802899
-3.029637	8.312668	-0.774168
-3.04879	8.350975	-0.841206
-3.077521	8.398859	-0.879513
-3.039214	8.427589	-0.822052
-4.943446	8.465897	-0.755015
-4.828524	8.48505	-0.850783
-4.818947	8.542511	-0.88909
-4.866831	8.571241	-0.91782
-4.828524	8.504204	-0.936974
-4.866831	8.523357	-0.841206
-4.857254	8.48505	-0.908244
-4.962599	8.418013	-0.850783
-4.99133	8.437166	-0.774168
-3.000906	8.418013	-0.745438
-4.924292	8.446743	-0.726284
-4.981753	8.45632	-0.850783
-4.953022	8.561665	-0.88909
-4.924292	8.590395	-0.965704
-4.981753	8.580818	-0.936974
-4.972176	8.532934	-0.975281
-3.04879	8.475473	0.986412
-3.096675	8.475473	-0.965704
-3.144559	8.418013	-0.984858
-3.173289	8.446743	-0.946551
-3.115828	8.427589	0.986412
-3.067944	8.446743	0.957681
-3.039214	8.475473	-0.994435
-4.972176	8.504204	0.919374
-4.972176	8.494627	-0.936974
-4.933869	8.552088	-0.927397
-4.905138	8.561665	-0.956128
-4.972176	8.475473	0.976835
-3.058367	8.465897	-0.965704
-3.115828	8.494627	-0.822052
-3.115828	8.389282	-0.774168
-3.106251	8.418013	-0.774168
-3.087098	8.303091	-0.755015
-3.163712	8.283937	-0.774168
-3.125405	8.27436	-0.774168
-3.106251	8.255207	-0.707131
-3.125405	8.197746	-0.783745
-3.182866	8.2169	-0.812475
-3.23075	8.169016	-0.735861
-3.269057	8.169016	-0.793322
-3.269057	8.24563	-0.88909
-3.336095	8.379705	0.881067
-3.25948	8.370129	0.804452
-3.288211	8.48505	0.785299
-3.240327	8.45632	0.708684
-3.288211	8.609549	0.593763
-3.23075	8.72447	0.641647
-3.269057	8.734047	0.833183
-3.058367	8.628702	0.766145
-3.02006	8.48505	0.6608
-3.115828	8.532934	0.794875
-3.345671	8.580818	0.861913
-3.355248	8.437166	0.746991
-3.412709	8.341398	0.727838
-3.364825	8.264784	0.756568
-3.345671	8.207323	0.794875
-3.316941	8.312668	0.861913
-3.297787	8.437166	0.928951
-3.297787	8.379705	0.87149
-3.278634	8.370129	0.814029
-3.221173	8.427589	0.804452
-3.134982	8.532934	0.794875
-3.173289	8.657433	0.794875
-3.240327	8.590395	0.785299
-3.288211	8.571241	0.6608
-3.269057	8.628702	0.63207
-3.249903	8.609549	0.651223
-3.336095	8.599972	0.545878
-3.422286	8.571241	0.497994
-3.412709	8.609549	0.42138
-3.383979	8.69574	0.45011
-3.393556	8.638279	0.459687
-3.383979	8.523357	0.42138
-3.345671	8.45632	0.526725
-3.364825	8.341398	0.517148
-3.345671	8.207323	0.612916
-3.326518	8.360552	0.651223
-3.527631	8.465897	0.545878
-3.623399	8.504204	0.440534
-3.747897	8.418013	0.277728
-3.814935	8.331821	0.354342
-3.805358	8.130708	0.335189
-3.632976	8.149862	0.316035
-3.632976	8.45632	0.430957
-3.642552	8.408436	0.478841
-3.527631	8.513781	0.153229
-3.556361	8.628702	0.095769
-3.881973	8.676586	0.162806
-3.881973	8.801085	0.268151
-3.70959	8.848969	0.258574
-3.594668	9.050082	0.05746
-3.565938	9.471461	0.26815
-3.508477	9.653421	0.421379
-3.383979	9.682151	0.526724
-3.345671	9.758765	0.593762
-3.412709	9.682151	0.679953
-3.508477	9.519345	0.679953
-3.604245	9.270348	0.68953
-3.767051	8.954314	0.565031
-3.92028	8.858546	0.526724
-3.968164	8.72447	0.565031
-2.13097	8.446743	0.660799
-2.437427	8.169016	0.737414
-2.782192	7.939172	0.641646
-2.858807	7.920019	0.574608
-2.877961	7.958326	0.909796
-2.973729	8.073247	1.1971
-1.050343	8.236053	1.398213
-1.251456	8.331821	1.522712
-1.27061	8.188169	1.551442
-1.337647	8.082824	1.666364
-1.53876	7.929595	1.244984
-1.529183	7.76679	1.110909
-1.184418	7.79552	1.398213
-2.858807	7.814674	1.608903
-2.8205	8.015787	1.848323
-2.858807	8.389282	2.106897
-1.040766	8.66701	2.375048
-1.146111	8.801085	2.403778
-1.136534	8.858546	2.30801
-2.992882	8.944737	2.394201
-2.734308	8.983044	2.700659
-2.830077	9.222464	3.045424
-1.174842	9.576806	3.160346
-1.29934	9.682151	3.064578
-1.079073	9.643844	3.141192
-2.830077	9.672574	3.371035
-2.724732	9.576806	3.246537
-2.628964	9.452308	3.256114
-2.734308	9.107543	3.284844
-2.763039	8.619125	3.495534
-2.983305	8.255207	3.754108
-1.404685	8.025363	3.907337
-1.797334	7.862558	3.964797
-1.96014	7.862558	4.118026
-1.950563	8.015787	4.185064
-1.98887	8.140285	4.280832
-0.19956	8.2169	4.328716
-0.247444	8.092401	4.529829
-0.084638	7.920019	4.596867
-1.845218	7.651868	4.644751
-1.826064	7.5561	4.462791
-1.912256	7.728482	4.242525
-0.017601	7.920019	4.3766
-0.122945	8.111555	4.453215
-0.142099	8.341398	4.692635
-0.055908	8.45632	4.989516
-0.017601	8.753201	5.363011
-0.008024	9.232041	5.851428
-1.883525	9.548076	6.100425
-1.663259	9.720458	6.253654
-1.567491	9.758765	6.215347
-1.529183	9.701305	6.272808
-1.481299	9.528922	6.244077
-1.51003	9.519345	6.20577
-1.442992	9.490615	6.17704
-1.471723	9.222464	5.956773
-1.53876	8.781931	5.928043
-1.826064	8.418013	5.75566
-0.008024	7.996633	5.324704
-0.132522	7.728482	5.190629
-0.352789	7.431601	5.085284
-0.563479	7.192181	5.133168
-0.630516	6.8953	5.06613
-0.573055	6.588842	4.979939
-0.592209	6.512228	5.075707
-0.774168	6.579266	5.24809
-0.984858	6.607996	5.468356
0.852336	6.703764	5.679046
0.746991	6.751648	5.899312
0.746991	6.799532	6.052541
0.823606	6.876147	6.38773
0.842759	6.904877	6.722918
0.852336	6.885723	6.933608
0.746991	6.943184	7.10599
0.708684	6.981492	7.13472
0.689531	7.058106	7.31668
0.814029	7.048529	7.192181
0.957681	7.067683	7.192181
-0.994435	7.019799	7.297526
0.957681	7.067683	7.173028
0.957681	7.13472	7.182604
0.919374	7.029376	7.096413
0.861913	7.038952	7.10599
0.995988	6.876147	6.962338
-0.783745	6.780379	6.789955
-0.841206	6.598419	6.742071
0.852336	6.378153	6.799532
0.612916	6.215347	6.914454
0.536302	6.129156	6.971915
0.383073	6.052541	7.096413
0.306458	5.841852	7.287949
0.325612	5.573701	7.335833
0.325612	5.161898	7.383717
0.153229	4.721365	7.335833
0.019154	4.711788	7.402871
0.153228	4.778826	7.460332
0.143652	4.970362	7.603984
0.153228	4.903325	7.728482
0.153228	4.61602	7.814674
0.134075	4.462791	7.881711
0.143652	4.367023	8.044517
0.201112	4.194641	8.121132
0.201112	4.070142	8.283937
0.02873	3.993528	8.111555
0.201113	3.878606	8.092401
0.296882	3.821145	8.111555
0.517148	3.89776	8.111555
0.670377	3.89776	8.188169
0.641647	3.849876	8.322244
0.622493	3.869029	8.303091
0.6608	3.955221	8.542511
0.593763	3.983951	8.734047
0.344766	3.907337	8.954314
0.067038	3.916913	9.17458
0.162805	4.060566	9.17458
0.153228	4.156334	9.136273
0.229843	4.185064	9.155427
0.574608	4.242525	9.35654
0.881066	4.098873	9.461884
1.139639	3.878606	9.433154
1.254561	3.581725	9.337386
1.283292	3.438073	9.14585
1.503558	3.284844	9.097966
1.714248	3.016694	9.088389
1.88663	2.614468	8.973467
2.001552	2.183511	8.781931
2.154781	1.944091	8.552088
2.384624	1.848323	8.45632
2.671929	1.877054	8.331821
2.643198	1.924938	8.341398
2.691082	1.752555	8.188169
2.681505	1.589749	7.967903
2.748543	1.465251	7.929595
2.892195	1.158793	7.987056
3.064578	0.986411	8.054094
3.189076	0.823605	8.27436
3.303998	0.679953	8.418013
3.485957	0.699106	8.418013
3.466804	0.622492	8.418013
3.361459	0.526724	8.370129
3.409343	0.402225	8.178592
3.361459	0.277727	7.958326
3.342305	0.258573	7.718906
3.246537	0.181959	7.52737
3.351882	0.210689	7.757213
3.552995	0.114921	8.03494
3.696647	0.086192	8.188169
3.696647	0.162806	8.188169
3.677493	0.440534	8.236053
3.677493	0.727838	8.360552
3.974374	0.737415	8.427589
4.338293	0.727838	8.72447
4.79798	0.651223	9.136273
4.673481	0.593763	9.289502
4.740519	0.536302	9.270348
5.30555	0.05746	9.346963
5.497087	0.258573	9.404424
4.970362	0.086192	9.452308
4.3766	0.775722	9.643844
3.572148	0.804452	9.481038
3.284844	0.986412	9.548076
4.146757	-0.869936	9.605537
4.663904	-0.697554	9.299079
4.290409	-0.774168	8.887276
3.840299	-0.640093	8.149862
3.524264	-0.726284	8.197746
3.533841	0.995988	8.762778
3.514688	0.507571	9.165003
3.89776	-0.86036	9.327809
3.763685	-1.653682	8.90643
3.351882	-1.117381	7.929595
3.303998	-2.925845	7.34541
3.667916	-2.791769	7.067683
4.194641	-2.504465	7.34541
4.424484	-2.427851	7.575254
4.386177	-2.284199	7.58483
4.223371	-2.265045	7.546523
4.031835	-2.37039	7.843404
4.050989	-2.418274	8.45632
4.213794	-2.63854	9.452308
4.194641	-1.079073	10.477026
4.003105	-1.682412	11.051634
3.763685	-0.065485	11.089942
3.562572	-0.008024	10.879252
3.725377	-1.691989	10.515333
3.773261	-1.500453	10.170568
3.572148	-1.356801	9.768342
3.284844	-1.232302	9.481038
3.055001	-2.839653	9.35654
2.930502	-2.667271	9.318232
3.007117	-2.724732	9.327809
3.399766	-2.897114	9.471461
3.648763	-1.031189	9.634267
3.47638	-1.098227	9.519345
3.122038	-1.203572	9.241618
2.96881	-1.251456	8.791508
3.007117	-1.050343	8.580818
3.131615	-2.590656	8.293514
3.390189	-3.834089	8.130708
3.610456	-3.661706	8.169016
3.667916	-3.642552	8.283937
3.428496	-3.690437	8.111555
3.045424	-3.661706	7.920019
2.873041	-3.556361	7.508216
2.681505	-3.47017	7.144297
2.671929	-3.537208	7.067683
2.96881	-3.805358	7.5561
3.074154	-3.728744	8.293514
3.227383	-3.383979	8.93516
3.399766	-3.058367	9.490615
3.371035	-4.876408	9.59596
3.265691	-4.799793	9.662997
3.160346	-3.192443	10.55364
4.098873	-4.962599	10.572794
3.572148	-3.431863	9.86411
3.007117	-3.556361	9.481038
2.738966	-3.173289	9.366116
2.700659	-3.25948	9.117119
2.806004	-3.537208	9.002198
2.710236	-3.834089	8.571241
2.480392	-2.006471	8.044517
2.384624	-3.508477	7.939172
2.442085	-3.02006	7.757213
2.499546	-4.522066	7.479485
2.489969	-4.148571	6.856993
2.461239	-5.985765	6.569689
2.499546	-5.957035	6.770802
2.528276	-4.014495	7.13472
2.643198	-5.957035	7.307103
2.509123	-5.889997	7.192181
2.461239	-5.736768	6.971915
2.422932	-5.803806	6.809109
2.442085	-5.765498	6.732495
2.221819	-5.765498	6.617573
2.126051	-5.899574	6.569689
2.183511	-4.148571	6.579266
2.221819	-4.320953	6.550535
2.250549	-4.368837	6.617573
2.231395	-4.455028	6.560112
2.145204	-4.340107	6.426037
2.020706	-5.995342	6.301538
2.145204	-5.602693	6.071695
2.288856	-5.449464	6.368576
2.432508	-5.478194	6.713341
2.57616	-5.516501	7.173028
2.729389	-5.573962	7.249642
2.691082	-5.497348	7.096413
2.604891	-5.392003	6.962338
2.54743	-5.487771	6.856993
2.5187	-5.526078	6.684611
2.298433	-5.612269	6.579266
2.059013	-5.487771	6.397306
2.06859	-5.631423	6.215347
2.288856	-5.889997	6.023811
2.432508	-4.071956	5.803544
2.164358	-4.138994	5.477933
2.039859	-4.225185	5.363011
2.164358	-4.263492	5.315127
2.231395	-4.378414	5.391742
2.173935	-4.387991	5.497087
2.212242	-4.387991	5.592855
2.193088	-4.282646	5.592855
2.135627	-4.062379	5.382165
1.982398	-5.937881	5.410895
2.039859	-5.957035	5.497087
2.126051	-5.976188	5.784391
2.327164	-5.861266	6.129156
2.240972	-5.478194	6.244077
2.173935	-6.673742	6.20577
2.126051	-6.405592	5.96635
2.154781	-6.223633	5.956773
2.375048	-6.166172	6.014234
2.557007	-6.175748	6.196193
2.528276	-6.099134	6.20577
2.317587	-7.993789	6.349422
2.145204	-7.802253	6.311115
2.09732	-7.735215	6.282385
2.116474	-7.639447	6.253654
2.135627	-7.773523	6.023811
2.126051	-6.060827	5.880159
2.059013	-6.252363	5.985504
2.06859	-6.328977	6.157886
2.298433	-6.568398	5.985504
2.413355	-6.95147	5.736507
1.982398	-5.21962	5.295974
1.675941	-5.526078	4.979939
1.484405	-5.755922	4.644751
1.484405	-5.842113	4.673481
1.484405	-5.85169	4.82671
1.541865	-5.803806	5.075707
1.455674	-5.765498	5.142745
1.37906	-5.736768	5.094861
1.388636	-5.497348	5.209782
1.474828	-5.324965	5.458779
1.513135	-5.257928	5.736507
1.503558	-5.257928	5.985504
1.532289	-5.229197	6.138733
1.637633	-5.238774	6.167463
1.704671	-5.19089	6.014234
1.675941	-5.171736	5.851428
1.656787	-6.989777	5.975927
1.532289	-6.654589	5.975927
1.493981	-6.156595	5.947196
1.312022	-7.792676	5.822698
1.206677	-7.60114	5.085284
1.110909	-7.323413	4.050989
0.766144	-8.930764	3.562572
0.833182	-8.471077	3.801992
0.995987	-8.212503	4.070142
1.273715	-8.030544	4.414907
1.493981	-8.040121	4.175487
1.637633	-8.107158	3.974374
1.819593	-8.078428	3.945644
1.8579	-8.231657	4.079719
1.838746	-8.346578	4.185064
1.762132	-8.653036	4.194641
1.599326	-8.068851	3.428496
2.260126	-7.955482	4.481945
2.413355	-6.597128	4.951209
1.848323	-5.104699	5.152321
1.225831	-5.621846	5.573701
0.670376	-5.928304	5.458779
0.823605	-4.282646	5.707776
1.302445	-4.493336	5.918466
1.656787	-4.732756	6.081272
1.570596	-4.761486	6.282385
1.110909	-4.981753	6.148309
0.459686	-3.144559	6.033388
0.277727	-4.857254	5.99508
0.536301	-4.445452	6.100425
0.814028	-4.043226	6.167463
0.95768	-5.439887	6.234501
0.861912	-6.999354	6.349422
1.053448	-6.587551	6.167463
0.900219	-6.29067	6.186617
0.842758	-7.84056	6.196193
0.976834	-7.476642	6.244077
0.756567	-7.227645	6.244077
0.842758	-7.103146	6.062118
0.967257	-7.045685	5.956773
0.948103	-7.093569	5.717353
0.766144	-8.978648	5.30555
0.440533	-8.633883	5.324704
0.373495	-8.509384	5.564124
0.670376	-8.375309	5.784391
1.149216	-8.557268	6.014234
1.331176	-8.997801	6.272808
1.216254	-7.658601	6.397306
0.794874	-6.348131	6.41646
0.354341	-6.970623	6.435614
0.009577	-5.583539	6.44519
0.296882	-5.899574	6.502651
0.220267	-4.225185	6.483498
0.114922	-4.512489	6.550535
0.0	-4.550797	6.732495
0.134075	-4.493336	6.742071
0.26815	-4.234762	6.560112
0.421379	-5.755922	6.38773
0.593762	-5.286658	6.215347
0.785298	-6.932316	6.110002
0.871489	-6.510937	5.918466
0.804451	-6.309824	5.746083
0.71826	-6.108711	5.688623
0.861912	-6.003366	5.765237
0.909796	-7.907598	5.458779
0.814028	-7.668178	5.544971
0.670376	-7.792676	5.334281
0.68953	-7.993789	5.420472
0.363918	-6.281093	5.343858
0.220267	-6.664166	5.401318
0.517148	-5.028084	5.449202
0.201113	-5.104699	6.473921
0.02873	-5.85169	6.65588
0.258573	-4.493336	6.933608
0.134075	-4.838101	7.278373
0.095768	-3.039214	7.201758
0.143653	-3.211596	7.259219
0.076614	-3.364825	7.374141
0.105344	-3.47017	7.460332
0.076614	-3.642552	7.575254
0.067038	-3.431863	7.79552
0.258574	-3.642552	7.910442
0.354342	-3.872396	8.03494
0.574609	-3.834089	7.987056
0.545878	-3.652129	8.264784
0.220267	-3.460593	8.389282
0.095768	-3.25948	8.676586
0.181959	-3.269057	8.925583
0.076614	-3.115828	8.781931
0.009577	-4.723179	8.705317
0.181959	-4.742333	8.686163
0.277727	-4.732756	8.494627
0.191536	-4.636988	8.427589
0.306457	-4.531643	8.90643
0.459686	-4.464605	9.002198
0.450109	-4.435875	9.260772
0.354341	-4.455028	8.887276
0.057461	-4.617834	8.561665
0.047885	-4.483759	8.686163
0.402226	-3.154135	8.542511
0.239421	-3.575515	8.025363
0.229844	-2.198007	8.331821
0.277728	-2.868384	8.772354
0.679954	-1.605798	9.346963
-0.965704	-0.333635	9.433154
0.881067	-0.573055	9.490615
0.833183	-0.573055	9.739612
0.718261	0.928951	9.80665
0.555455	0.842759	10.170568
0.651223	0.995988	9.80665
0.459687	-0.927397	9.902418
0.459687	-0.6784	10.113107
0.39265	-0.458134	9.691728
0.277728	-0.084638	9.38527
0.18196	-1.98887	8.437166
0.028731	-0.142099	8.504204
0.220267	-1.586644	8.427589
0.019153	-1.012036	9.021351
0.26815	-2.217161	8.801085
0.584185	-3.776628	9.021351
0.622492	-3.92028	9.107543
0.919373	-3.738321	8.552088
0.775721	-3.805358	9.318232
0.622492	-3.451016	9.107543
0.574608	-3.278634	8.992621
0.651222	-3.326518	8.322244
0.593762	-3.834089	9.950302
0.536301	-2.772616	9.86411
0.23942	-1.356801	9.931148
0.067037	-0.055908	9.902418
0.067038	-0.640093	9.959878
0.201113	-0.898667	9.366116
0.526725	0.6608	9.682151
0.536302	0.268151	9.337386
0.565032	0.105344	9.155427
0.823606	0.344765	9.270348
0.881067	0.517147	9.289502
-0.975281	0.708683	10.036493
0.909797	0.708683	9.730035
0.87149	0.526724	9.615113
0.775722	0.287304	9.366116
0.63207	0.143653	9.002198
0.373496	0.536302	9.279925
0.009576	0.746991	9.682151
0.153228	-0.994435	9.481038
0.134075	-0.6784	9.251195
0.450109	-0.515594	9.165003
0.584185	-0.496441	9.212887
0.622492	-0.381519	9.433154
0.440533	-0.084638	9.586383
0.296881	-1.931409	9.481038
0.612915	-1.816488	9.452308
0.699106	-1.835641	9.730035
0.536301	-0.142099	9.710881
0.612915	-0.620939	9.730035
0.373495	0.881067	9.86411
0.143652	0.603339	9.768342
0.248997	0.239421	9.758765
0.229844	0.05746	9.557653
0.268151	0.296881	9.500192
0.335189	0.517147	9.452308
0.306458	0.574608	9.299079
0.622493	0.622492	9.241618
0.689531	0.708683	9.346963
0.679954	0.881066	9.548076
0.641647	1.034295	9.615113
0.670377	1.235408	9.615113
0.651223	1.331176	9.538499
0.593763	1.264138	9.366116
0.708684	1.130063	9.136273
0.708684	1.139639	9.011775
0.670377	1.120486	8.848969
0.545878	1.177947	8.954314
0.373496	1.082179	9.337386
0.086192	1.1971	9.519345
0.153228	1.139639	9.672574
0.038307	0.814028	9.787496
0.191536	0.632069	9.816226
0.363918	0.469263	9.931148
0.488417	0.181959	10.04607
0.50757	0.143653	10.160991
0.632069	0.306458	10.275913
0.794874	0.220267	10.467449
0.890643	0.124498	10.486603
0.660799	0.50757	10.342951
0.229843	0.708683	10.036493
0.114922	0.881066	9.739612
0.325612	1.158793	9.634267
0.536302	1.426944	9.701305
0.354342	1.752555	9.883264
0.316035	1.963245	9.950302
0.268151	1.934514	9.844957
0.373496	1.82917	9.662997
0.335189	1.695094	9.433154
0.287305	1.723825	9.17458
0.277728	1.88663	9.184157
0.411803	2.020706	9.251195
0.335189	2.126051	9.078812
0.287305	2.078167	9.241618
0.076614	2.221819	9.337386
0.23942	2.193088	9.586383
0.248996	2.126051	9.433154
0.191536	2.09732	9.538499
0.229843	2.078167	9.701305
0.306457	2.106897	9.442731
0.229843	2.317587	9.605537
0.23942	2.30801	9.567229
0.363918	2.30801	9.337386
0.296881	2.288856	9.404424
0.210689	2.633621	9.126696
0.220266	3.093308	9.088389
0.067038	3.44765	8.657433
0.268151	3.830722	8.810662
0.39265	4.003105	8.686163
0.459687	4.146757	8.72447
0.584186	4.031835	8.523357
0.584186	3.907337	8.159439
0.584186	3.955221	7.680598
0.814029	4.213794	7.996633
0.919374	4.290409	7.747636
0.775722	4.462791	8.293514
0.622493	4.558559	8.494627
0.411803	4.577713	8.45632
0.478841	4.577713	8.628702
0.373496	4.635174	8.628702
0.497994	4.548983	8.609549
0.488418	4.453215	8.686163
0.42138	4.3766	8.523357
0.373496	4.443638	8.408436
0.277728	4.596867	8.322244
0.411803	4.778826	8.322244
0.411803	5.046977	8.111555
0.536302	5.267243	8.015787
0.63207	5.420472	8.015787
0.641647	5.497087	7.738059
0.746991	5.707776	7.747636
0.794875	6.167463	7.833827
-0.975281	6.454767	8.03494
-0.88909	6.560112	8.140285
0.995988	6.588842	8.322244
-0.908244	6.464344	8.236053
-0.793322	6.464344	7.929595
-0.841206	6.301538	7.757213
-0.831629	5.861005	7.747636
-0.764591	5.707776	7.738059
-0.783745	5.707776	7.747636
0.995988	6.023811	7.814674
0.938528	6.349422	7.900865
0.995988	6.550535	7.862558
-0.812475	6.483498	7.776366
-0.879513	6.358999	7.757213
-0.956128	6.272808	7.699752
0.976835	6.397306	7.594407
-0.946551	6.569689	7.603984
-0.802899	6.770802	7.680598
-0.88909	6.952761	7.718906
-0.975281	6.914454	7.680598
-0.984858	6.540958	7.508216
0.852336	6.378153	7.383717
0.775722	6.272808	7.364564
0.756568	6.186617	7.268796
0.699107	6.531382	7.34541
0.63207	6.847416	7.307103
0.804452	6.971915	7.010222
-0.879513	7.058106	6.742071
-0.659247	7.297526	6.426037
-0.630516	7.441178	6.244077
-0.573055	7.536946	6.090849
-0.209137	7.613561	6.052541
-0.075061	7.642291	6.023811
-0.027177	7.536946	6.081272
-0.132522	7.498639	6.215347
-0.343212	7.431601	6.311115
-0.477287	7.498639	6.349422
-0.304905	7.546523	6.301538
-0.046331	7.422025	6.119579
-1.864372	7.412448	5.861005
-1.96014	7.536946	5.698199
-0.161253	7.613561	5.640739
-0.362366	7.623138	5.612008
-0.41025	7.498639	5.420472
-0.506018	7.517793	5.353434
-0.419826	7.594407	5.334281
-0.22829	7.699752	5.24809
-0.180406	7.785943	5.24809
-0.295328	7.785943	5.30555
-0.295328	7.785943	5.30555
-0.276174	7.728482	5.24809
-0.419826	7.623138	5.123591
-0.343212	7.5561	5.075707
-0.257021	7.575254	4.817133
-0.142099	7.785943	4.539406
-1.902679	8.063671	4.290409
-1.77818	8.255207	4.13718
-1.663259	8.188169	4.003105
-1.624951	8.03494	3.974374
-1.730296	7.939172	3.936067
-1.826064	7.891288	4.041412
-1.893102	7.929595	4.10845
-1.816488	8.159439	4.213794
-1.797334	8.331821	4.395754
-1.730296	8.647856	4.625597
-1.644105	8.705317	4.750096
-1.682412	8.638279	4.893748
-1.663259	8.504204	5.114014
-1.730296	8.350975	5.123591
-1.615375	8.312668	5.046977
-1.471723	8.398859	4.912901
-1.433415	8.427589	4.750096
-1.519607	8.379705	4.654328
-1.615375	8.360552	4.606443
-1.605798	8.293514	4.625597
-1.72072	8.2169	4.683058
-1.739873	8.226476	4.501099
-1.644105	8.303091	4.462791
-1.663259	8.437166	4.644751
-1.701566	8.72447	4.721365
-1.739873	8.801085	4.836287
-1.806911	8.810662	4.941632
-1.826064	8.781931	4.778826
-1.691989	8.69574	4.750096
-1.644105	8.552088	4.711788
-1.682412	8.552088	4.769249
-1.759027	8.523357	4.778826
-1.797334	8.398859	4.778826
-1.893102	8.427589	4.663904
-1.912256	8.427589	4.663904
-1.893102	8.475473	4.510675
-1.806911	8.619125	4.548983
-1.653682	8.619125	4.434061
-1.500453	8.714894	4.357447
-1.442992	8.90643	4.194641
-1.433415	8.93516	4.012681
-1.356801	8.72447	3.936067
-1.337647	8.45632	3.7158
-1.442992	8.207323	3.485957
-1.605798	8.101978	3.256114
-1.605798	7.977479	2.949656
-1.701566	7.862558	2.738966
-1.826064	7.824251	2.432508
-1.883525	7.651868	2.327164
-0.055908	7.575254	2.298433
-0.151676	7.31668	2.461239
-0.362366	7.000645	2.470816
-0.496441	6.828263	2.394201
-0.611363	6.809109	2.240972
-0.544325	6.809109	1.790862
-0.324058	6.933608	1.589749
-0.075061	7.10599	1.493981
-0.065485	7.278373	1.666364
-0.065485	7.594407	1.82917
-1.921832	7.900865	2.09732
-1.653682	8.2169	2.250549
-1.462146	8.599972	2.451662
-1.241879	8.791508	2.920926
-1.136534	9.040505	3.217807
-1.021613	9.241618	3.47638
-2.897114	9.481038	3.438073
-1.012036	9.538499	3.888183
-2.897114	9.969455	4.443638
-2.897114	10.0748	4.644751
-2.964152	10.170568	4.82671
-2.964152	10.160991	4.85544
-2.944998	9.854534	4.836287
-1.08865	9.62469	4.711788
-1.261033	9.490615	4.558559
-1.490876	9.327809	4.529829
-1.519607	9.346963	4.424484
-1.548337	9.241618	4.194641
-1.567491	9.126696	3.993528
-1.567491	8.93516	3.811569
-1.423839	8.887276	3.620032
-1.404685	8.896853	3.466804
-1.318494	8.944737	3.409343
-1.366378	8.93516	3.342305
-1.442992	8.90643	3.390189
-1.462146	8.877699	3.47638
-1.481299	9.155427	3.485957
-1.490876	9.050082	3.572148
-1.500453	9.021351	3.543418
-1.500453	8.887276	3.600879
-1.548337	8.839392	3.65834
-1.500453	8.820238	3.773261
-1.596221	9.002198	3.811569
-1.77818	9.059659	3.869029
-1.53876	9.308656	3.667916
-1.452569	9.471461	3.562572
-1.433415	9.38527	3.457227
-1.29934	9.509768	3.332728
-1.213149	9.730035	3.294421
-1.098227	9.892841	3.466804
-1.012036	9.911994	3.581725
-1.002459	9.749189	3.610456
-1.031189	9.691728	3.68707
-1.126958	9.605537	3.754108
-1.280186	9.653421	3.811569
-1.366378	9.576806	3.859453
-1.337647	9.509768	3.821145
-1.385531	9.346963	3.68707
-1.404685	9.38527	3.457227
-1.395108	9.232041	3.332728
-1.462146	9.088389	3.083731
-1.481299	9.030928	2.959233
-1.51003	8.963891	2.806004
-1.557914	9.050082	2.825157
-1.567491	9.097966	2.719813
-1.548337	9.002198	2.480392
-1.481299	8.762778	2.260126
-1.471723	8.686163	2.126051
-1.596221	8.532934	1.934514
-1.787757	8.398859	1.944091
-1.931409	8.398859	1.8579
-0.103792	8.418013	1.762132
-0.027177	8.437166	1.733402
-0.084638	8.580818	1.781286
-1.98887	8.772354	1.944091
-1.873948	9.021351	2.049436
-1.730296	9.251195	2.260126
-1.653682	9.500192	2.451662
-1.644105	9.605537	2.671929
-1.548337	9.500192	2.815581
-1.548337	9.222464	3.02627
-1.77818	9.394847	3.227383
-1.826064	9.643844	3.399766
-1.826064	9.902418	3.495534
-1.596221	10.275913	3.466804
-1.395108	10.467449	3.409343
-1.308917	10.189722	3.332728
-1.385531	9.586383	3.265691
-1.567491	9.212887	3.198653
-1.816488	8.925583	3.131615
-1.921832	8.839392	3.055001
-1.969716	8.69574	3.083731
-0.142099	8.48505	3.055001
-0.247444	8.370129	2.949656
-0.304905	8.236053	2.911349
-0.324058	8.283937	3.083731
-0.43898	8.370129	3.217807
-0.371942	8.465897	3.390189
-0.381519	8.465897	3.438073
-0.276174	8.647856	3.44765
-0.237867	8.743624	3.47638
-0.170829	8.772354	3.610456
-0.189983	8.963891	3.763685
-0.257021	8.916006	3.801992
-0.295328	8.762778	3.92649
-0.381519	8.504204	3.89776
-0.46771	8.427589	3.936067
-0.534748	8.360552	4.175487
-0.716707	8.48505	4.357447
-0.812475	8.801085	4.443638
-0.764591	8.753201	4.328716
-0.611363	8.590395	4.242525
-0.697554	8.523357	4.223371
-0.697554	8.504204	4.232948
-0.668823	8.446743	4.223371
-0.726284	8.599972	4.242525
-0.716707	8.686163	4.185064
-0.611363	8.848969	4.031835
-0.506018	8.791508	3.878606
-0.525171	8.762778	3.744531
-0.630516	8.676586	3.754108
-0.687977	8.552088	3.629609
-0.764591	8.48505	3.533841
-0.850783	8.571241	3.667916
-0.956128	8.532934	3.782838
-0.88909	8.532934	3.821145
-0.774168	8.66701	3.840299
-0.735861	9.011775	3.754108
-0.592209	9.241618	3.734954
-0.46771	9.299079	3.92649
-0.458134	9.366116	4.127603
-0.553902	9.394847	4.319139
-0.496441	9.433154	4.424484
-0.496441	9.251195	4.548983
-0.697554	9.059659	4.596867
-0.869936	8.781931	4.721365
-0.984858	8.48505	4.683058
0.823606	8.303091	4.443638
0.737415	8.140285	4.271255
0.641647	8.073247	4.271255
0.517148	7.977479	4.319139
0.296882	8.00621	4.453215
0.229844	7.910442	4.577713
0.258574	7.824251	4.606443
0.258574	7.690175	4.778826
0.248997	7.728482	4.85544
0.21069	7.920019	5.027823
0.057461	8.092401	4.874594
0.095769	8.264784	4.769249
0.153229	8.408436	4.625597
0.316035	8.513781	4.721365
0.373496	8.781931	5.0374
0.402226	8.992621	5.334281
0.565032	9.165003	5.209782
0.814029	9.165003	5.046977
0.718261	9.222464	4.884171
0.555455	9.107543	4.865017
0.335189	8.839392	4.683058
0.325612	8.523357	4.577713
0.162806	8.063671	4.606443
0.172382	7.709329	4.606443
0.497993	7.460332	4.635174
0.871489	7.240065	4.740519
1.225831	7.086836	4.711788
1.465251	7.13472	4.740519
1.608903	7.13472	4.874594
1.666364	7.192181	5.161898
1.695094	7.240065	5.449202
1.771709	7.287949	5.544971
1.64721	7.335833	5.746083
1.64721	7.517793	5.822698
1.570596	7.747636	6.167463
1.503558	8.140285	6.531382
1.522712	8.24563	6.885723
1.503558	8.303091	7.086836
1.503558	8.427589	7.125144
1.43652	8.628702	7.173028
1.225831	8.72447	7.067683
1.158793	8.877699	7.000645
1.187524	8.954314	6.876147
1.292868	8.90643	6.761225
1.359906	8.686163	6.378153
1.37906	8.45632	6.119579
1.637633	8.322244	6.148309
1.972822	8.24563	6.148309
2.183511	8.169016	6.081272
2.250549	8.2169	5.947196
2.240972	8.140285	5.774814
2.260126	7.948749	5.48751
2.212242	7.805097	5.477933
2.202665	7.987056	5.468356
2.06859	8.350975	5.592855
1.781286	9.107543	5.72693
1.589749	9.576806	6.023811
1.244984	9.308656	6.014234
0.967257	9.289502	5.975927
0.976834	9.184157	5.96635
0.948103	8.896853	5.736507
0.92895	8.887276	5.458779
0.833182	8.944737	5.094861
0.766144	8.504204	4.788403
0.708683	7.929595	4.606443
0.92895	8.044517	4.319139
1.120486	7.565677	4.041412
1.187524	7.048529	3.725377
1.225831	6.780379	3.399766
1.359906	6.751648	2.930502
1.398213	6.86657	2.57616
1.350329	6.742071	2.049436
1.292868	6.502651	1.685517
1.254561	6.397306	1.484405
1.264138	6.473921	1.398213
1.37906	6.617573	1.484405
1.292868	6.569689	1.551442
1.072602	6.722918	2.001552
1.177947	7.192181	2.949656
1.187524	7.393294	3.543418
1.139639	7.575254	4.098873
1.110909	7.76679	4.3766
1.139639	8.092401	4.568136
1.225831	8.264784	4.654328
1.302445	8.101978	4.82671
1.541865	8.2169	5.046977
1.924938	8.341398	5.477933
2.09732	7.948749	5.899312
2.432508	7.862558	6.20577
2.537853	8.341398	6.502651
2.652775	8.45632	6.789955
2.738966	8.082824	6.981492
2.873041	7.718906	7.019799
2.844311	7.642291	7.153874
2.729389	7.680598	7.153874
2.557007	8.025363	7.34541
2.30801	8.082824	7.52737
2.173935	8.073247	7.5561
1.934514	8.226476	7.383717
1.695094	8.149862	7.354987
1.752555	7.709329	7.31668
1.972822	7.479485	7.297526
2.09732	7.364564	7.029376
2.06859	7.383717	6.636727
2.030283	7.431601	6.320692
1.963245	7.402871	6.004657
1.982398	7.230489	5.784391
2.020706	6.971915	5.631162
2.06859	6.86657	5.497087
2.173935	6.856993	5.631162
2.403778	6.732495	5.765237
2.509123	6.732495	5.832275
2.528276	6.713341	5.947196
2.566584	6.540958	5.851428
2.691082	6.301538	5.813121
2.863465	6.253654	5.822698
2.959233	6.41646	5.75566
2.911349	6.62715	5.583278
2.892195	6.579266	5.535394
2.930502	6.349422	5.30555
2.96881	6.349422	5.257666
2.834734	6.579266	5.295974
2.633621	6.742071	5.334281
2.480392	6.943184	5.372588
2.250549	7.297526	5.382165
1.963245	7.536946	5.382165
1.838746	7.52737	5.458779
1.905784	7.469909	5.688623
1.82917	7.498639	5.803544
1.877054	7.738059	5.947196
1.723825	7.747636	5.93762
1.656787	7.757213	6.023811
1.532289	7.718906	6.263231
1.570596	7.738059	6.435614
1.675941	7.699752	6.732495
1.752555	7.79552	6.943184
1.561019	7.824251	6.962338
1.484405	7.738059	7.211335
1.474828	7.699752	7.374141
1.493981	7.699752	7.489062
1.484405	7.728482	7.5561
1.455674	7.632714	7.546523
1.446097	7.575254	7.489062
1.40779	7.565677	7.431601
1.16837	7.891288	7.422025
1.16837	7.603984	7.335833
1.244984	7.489062	7.268796
1.340752	7.460332	7.115567
1.388636	7.402871	7.067683
1.40779	7.163451	6.789955
1.608903	6.8953	6.540958
1.704671	6.588842	6.186617
1.905784	6.406883	5.889736
2.020706	6.301538	5.717353
2.116474	6.282385	5.650315
2.001552	6.320692	5.679046
1.972822	6.426037	5.793968
1.982398	6.473921	6.071695
2.039859	6.464344	6.38773
2.030283	6.540958	6.550535
2.164358	6.397306	6.607996
2.279279	6.291961	6.598419
2.231395	6.311115	6.636727
2.231395	6.358999	6.981492
2.317587	6.473921	7.402871
2.288856	6.703764	7.718906
2.240972	6.770802	8.121132
2.193088	6.742071	8.130708
2.240972	6.684611	8.054094
2.260126	6.761225	8.063671
2.250549	6.933608	8.025363
2.164358	6.924031	7.977479
2.212242	6.828263	7.900865
2.355894	6.809109	7.671022
2.442085	6.856993	7.52737
2.403778	6.86657	7.31668
2.288856	6.761225	6.981492
2.317587	6.722918	6.809109
2.480392	6.646303	6.751648
2.624045	6.569689	6.617573
2.57616	6.531382	6.41646
2.57616	6.454767	6.378153
2.671929	6.41646	6.196193
2.681505	6.502651	6.196193
2.710236	6.540958	6.052541
2.777273	6.38773	5.908889
2.901772	6.282385	5.813121
2.96881	6.100425	5.746083
3.112462	6.148309	5.851428
3.035847	6.186617	6.004657
3.112462	6.20577	6.119579
3.122038	6.071695	6.196193
3.160346	6.062118	6.397306
3.284844	6.071695	6.464344
3.284844	6.167463	6.732495
3.189076	6.20577	6.809109
3.112462	6.224924	7.029376
3.23696	6.196193	7.249642
3.179499	6.234501	7.412448
3.160346	6.272808	7.450755
3.227383	6.282385	7.498639
3.294421	6.17704	7.603984
3.342305	6.129156	7.575254
3.303998	6.062118	7.546523
3.303998	5.947196	7.268796
3.198653	5.975927	7.326257
3.150769	6.17704	7.278373
3.122038	6.196193	7.220912
3.150769	6.081272	7.163451
3.179499	5.851428	6.962338
3.256114	5.803544	6.809109
3.332728	5.736507	6.65588
3.294421	5.659892	6.473921
3.275267	5.506663	6.339845
3.275267	5.391742	6.17704
3.313575	5.363011	6.062118
3.361459	5.343858	5.889736
3.332728	5.410895	5.889736
3.323151	5.372588	5.93762
3.313575	5.439626	5.918466
3.275267	5.449202	6.004657
3.217807	5.525817	6.157886
3.189076	5.573701	6.301538
3.198653	5.717353	6.311115
3.074154	5.822698	6.41646
3.035847	5.822698	6.483498
3.035847	5.870582	6.588842
3.02627	6.033388	6.837839
2.959233	6.234501	7.000645
2.892195	6.311115	7.144297
2.873041	6.378153	7.335833
2.863465	6.426037	7.240065
2.882618	6.483498	7.354987
2.873041	6.454767	7.412448
2.987963	6.665457	7.354987
2.461239	6.837839	7.240065
2.231395	7.000645	7.259219
2.202665	7.07726	7.230489
2.327164	6.991068	7.287949
2.461239	6.86657	7.038952
2.509123	6.828263	6.952761
2.54743	6.617573	6.837839
2.54743	6.579266	6.799532
2.595314	6.512228	6.703764
2.662352	6.38773	6.598419
2.662352	6.358999	6.512228
2.738966	6.349422	6.426037
2.767697	6.38773	6.397306
2.796427	6.291961	6.339845
2.767697	6.196193	6.263231
2.729389	6.129156	6.282385
2.738966	6.17704	6.330269
2.710236	6.358999	6.397306
2.767697	6.493074	6.44519
2.691082	6.512228	6.454767
2.671929	6.464344	6.560112
2.700659	6.397306	6.598419
2.834734	6.291961	6.722918
2.882618	6.215347	6.732495
2.99754	6.17704	6.761225
2.987963	6.090849	6.770802
3.016694	6.014234	6.780379
3.02627	5.96635	6.8953
3.007117	6.004657	6.952761
2.99754	6.071695	7.192181
3.007117	6.244077	7.287949
2.863465	6.483498	7.364564
2.748543	6.540958	7.412448
2.748543	6.502651	7.479485
2.806004	6.397306	7.479485
2.911349	6.349422	7.441178
2.987963	6.196193	7.422025
2.99754	6.119579	7.297526
3.007117	6.110002	7.249642
3.035847	6.052541	7.067683
2.99754	5.96635	6.962338
2.959233	6.042964	6.8953
2.959233	6.20577	6.837839
2.911349	6.330269	6.684611
2.777273	6.311115	6.703764
2.719813	6.368576	6.569689
2.719813	6.301538	6.569689
2.729389	6.20577	6.531382
2.834734	6.129156	6.588842
2.892195	6.062118	6.483498
2.959233	6.071695	6.473921
2.863465	6.081272	6.540958
2.777273	6.167463	6.684611
2.681505	6.358999	6.837839
2.585737	6.65588	6.962338
2.537853	6.713341	7.067683
2.442085	6.684611	7.07726
2.432508	6.675034	7.058106
2.480392	6.636727	7.13472
2.5187	6.560112	7.201758
2.557007	6.502651	7.201758
2.662352	6.44519	7.287949
2.671929	6.41646	7.259219
2.700659	6.38773	7.230489
2.719813	6.349422	7.163451
2.652775	6.464344	7.230489
2.643198	6.473921	7.125144
2.604891	6.349422	7.192181
2.691082	6.272808	7.058106
2.748543	6.157886	6.943184
2.853888	6.023811	6.828263
2.825157	5.889736	6.789955
2.825157	5.899312	6.722918
2.930502	5.899312	6.789955
2.940079	5.880159	6.86657
3.035847	5.822698	6.751648
3.093308	5.707776	6.607996
3.131615	5.659892	6.483498
3.160346	5.583278	6.378153
3.045424	5.803544	6.291961
2.911349	5.956773	6.397306
2.882618	5.851428	6.464344
2.940079	5.75566	6.426037
3.074154	5.592855	6.483498
3.102885	5.497087	6.358999
2.987963	5.525817	6.368576
3.007117	5.583278	6.368576
3.035847	5.430049	6.493074
3.131615	5.430049	6.540958
3.256114	5.27682	6.617573
3.256114	5.209782	6.598419
3.198653	5.267243	6.502651
3.131615	5.410895	6.540958
3.083731	5.430049	6.732495
3.160346	5.315127	6.799532
3.265691	5.324704	6.914454
3.323151	5.295974	6.904877
3.294421	5.133168	6.809109
3.313575	5.056553	6.847416
3.438073	5.104437	6.933608
3.620032	5.200206	7.029376
3.706224	5.075707	6.971915
3.667916	4.836287	7.038952
3.725377	4.932055	7.000645
3.782838	5.420472	7.268796
3.68707	5.439626	7.297526
3.495534	5.27682	7.278373
3.65834	5.094861	7.31668
3.725377	4.874594	7.278373
3.821145	4.79798	7.364564
3.964797	4.788403	7.536946
3.849876	4.654328	7.718906
3.629609	4.635174	7.843404
3.600879	4.61602	7.939172
3.600879	4.577713	8.00621
3.639186	4.34787	8.130708
3.763685	4.34787	8.140285
3.811569	4.367023	8.092401
3.92649	4.405331	7.891288
3.983951	4.434061	7.79552
3.773261	4.434061	7.757213
3.792415	4.414907	7.747636
3.782838	4.424484	7.489062
3.677493	4.299986	7.240065
3.639186	4.050989	7.000645
3.734954	3.945644	6.703764
3.706224	3.878606	6.521805
3.639186	3.964797	6.464344
3.552995	4.079719	6.598419
3.438073	4.070142	6.636727
3.361459	4.175487	6.598419
3.20823	4.185064	6.397306
3.093308	4.156334	6.282385
3.055001	4.089296	6.081272
3.141192	4.079719	6.071695
3.23696	4.022258	5.99508
3.390189	3.974374	5.746083
3.371035	3.936067	5.477933
3.399766	3.849876	5.228936
3.44765	3.505111	4.817133
3.552995	3.23696	4.58729
3.620032	3.064578	4.491522
3.68707	2.911349	4.769249
3.68707	2.633621	5.094861
3.7158	2.327164	5.410895
3.65834	2.154781	5.659892
3.744531	2.087743	5.899312
3.859453	1.695094	5.99508
3.89776	1.149216	6.311115
4.10845	0.660799	7.153874
4.290409	0.258573	8.24563
4.405331	0.047885	9.222464
4.443638	0.42138	9.797073
4.443638	0.766145	9.921571
4.424484	-0.908244	9.979032
4.520252	-0.477287	10.0748
4.683058	-0.017601	10.122684
4.79798	-1.739873	10.132261
4.673481	-1.77818	10.362104
4.520252	-1.921832	10.907982
4.271255	-0.180406	11.109095
4.022258	-0.189983	11.099518
3.849876	-0.065485	10.716446
3.744531	-0.055908	10.419565
3.620032	-0.170829	10.572794
3.495534	-0.257021	10.946289
3.466804	-0.534748	11.224017
3.342305	-0.640093	11.137826
3.102885	-0.783745	10.850521
3.035847	-0.802899	10.333374
2.920926	-0.802899	9.921571
2.710236	-0.908244	9.749189
2.585737	0.976835	9.62469
2.470816	0.756568	9.710881
2.250549	0.42138	9.586383
2.06859	0.02873	9.433154
1.781286	0.373495	9.414
1.561019	0.536301	9.289502
1.493981	0.593762	9.346963
1.474828	0.603338	9.557653
1.446097	0.852335	9.634267
1.110909	1.513135	9.844957
0.995987	1.800439	10.103531
1.024718	1.704671	10.084377
1.120486	1.244984	9.643844
1.16837	0.814028	9.289502
1.16837	0.785298	8.820238
0.009576	1.771709	9.260772
2.633621	2.748543	13.417106
1.599326	1.685517	9.940725
0.095769	1.254561	8.973467
0.842759	1.446097	7.680598
0.517148	1.88663	7.776366
0.316035	1.867477	8.197746
0.028731	1.934514	8.571241
0.18196	1.896207	8.762778
0.699107	2.355894	9.461884
0.086191	2.710236	9.730035
0.18196	2.212242	9.615113
0.87149	1.896207	8.781931
0.948104	1.532289	8.676586
0.718261	1.16837	8.24563
0.603339	0.900219	8.580818
0.469264	0.775721	8.868122
0.316035	0.47884	9.002198
0.268151	0.296881	8.973467
0.842759	0.191536	8.389282
0.536302	0.086191	8.628702
0.39265	0.172383	8.178592
0.488418	0.229844	8.552088
0.296882	0.114922	9.471461
0.21069	0.009577	10.007762
0.296882	0.009576	10.409988
0.153229	0.0	10.706869
0.584186	0.124499	11.18571
0.555455	0.105345	12.028469
0.316035	0.172383	12.928688
6.675034	-1.615375	69.958572
0.565031	1.704671	18.732233
-1.117381	0.191537	12.641384
0.469263	1.790862	11.463437
0.076615	0.191537	10.97502
-0.668823	0.909797	13.579911
0.373496	0.258574	11.118672
0.143652	0.296882	10.400412
0.488418	0.095769	11.291055
0.191537	0.095768	10.869675
0.143653	0.383072	9.682151
0.87149	0.536301	9.299079
0.162806	0.114921	9.576806
0.02873	0.162806	9.203311
0.153229	0.153229	8.293514
0.124499	0.229844	8.226476
0.220267	0.191537	8.532934
0.124498	0.469264	8.523357
0.201112	0.038308	7.939172
0.201112	0.172383	8.044517
0.019153	0.134076	8.561665
0.296882	0.047885	8.27436
0.469264	0.153228	7.948749
0.430957	0.009576	8.111555
0.42138	0.325611	8.762778
0.220267	0.220266	9.346963
0.124499	0.26815	7.785943
0.411803	0.162806	9.002198
0.201112	0.114922	10.065223
0.593762	0.201112	10.0748
0.488417	0.296881	10.295067
0.277727	0.067038	11.032481
0.306457	-0.975281	11.358092
0.909796	0.632069	9.050082
1.149216	0.545877	9.165003
0.584185	1.733402	9.653421
0.411802	0.976834	9.184157
1.474828	0.411802	7.211335
0.861913	0.287304	11.645396
2.691082	0.344766	28.854918
-0.668823	0.632069	10.228029
2.528276	1.599326	5.928043
1.503558	1.072602	6.090849
0.92895	1.034295	9.672574
-0.86036	0.507571	14.068328
0.881066	0.842758	10.0748
0.814028	0.785298	8.465897
1.063025	0.019154	10.477026
0.890643	0.220266	9.270348
0.823605	0.565031	9.777919
0.641646	0.641646	9.701305
0.47884	0.632069	9.787496
0.612915	0.890643	9.270348
0.68953	1.043871	9.337386
0.584185	1.101332	9.366116
0.632069	1.005564	9.461884
0.421379	0.92895	9.404424
0.095768	1.130063	9.270348
0.114921	1.235408	9.184157
0.105344	0.756567	9.078812
0.785298	0.383073	6.933608
1.331176	0.995987	9.643844
1.254561	1.37906	10.467449
0.699106	1.580173	9.988609
0.737414	0.50757	8.868122
0.881066	0.909797	7.929595
0.488417	0.028731	8.877699
0.344765	0.775721	9.730035
0.114921	1.312022	10.228029
0.172383	2.566584	10.295067
0.220266	1.063025	10.228029
0.009577	0.507571	10.160991
0.373496	0.325611	9.739612
0.919373	0.92895	8.868122
1.340752	0.469263	9.308656
0.785298	0.296881	10.304643
0.919373	0.699106	10.505756
0.833182	0.536302	10.563217
0.986411	-0.333635	9.701305
0.6608	0.296882	9.136273
1.024718	0.306457	8.408436
1.034295	0.248996	9.069235
0.852335	2.193088	11.683704
0.105345	-2.255468	6.761225
0.555455	4.146757	9.902418
0.105345	0.296882	9.988609
1.130063	0.239421	11.769895
0.229844	0.316034	11.731588
0.105344	1.82917	6.397306
0.842759	0.277728	9.720458
-0.707131	-2.791769	13.148955
-2.485311	-1.691989	11.051634
-0.956128	-1.53876	12.066776
3.581725	0.105344	11.032481
5.123591	2.681505	12.038045
3.44765	1.235408	12.287042
2.528276	0.248996	11.396399
2.09732	0.344765	11.109095
1.82917	1.024718	11.00375
1.723825	2.221819	10.917559
1.426944	2.75812	11.69328
0.354341	4.070142	12.009315
0.316034	3.227383	11.540052
0.536301	3.888183	11.63582
0.258573	3.562572	11.281478
0.296882	4.041412	11.166556
0.316035	4.386177	11.061211
0.6608	4.13718	10.946289
0.641647	3.92649	10.754753
0.21069	3.02627	10.745177
0.421379	2.317587	11.233594
0.651222	2.240972	11.69328
1.340752	2.432508	12.009315
1.704671	2.499546	12.306196
1.82917	2.240972	12.631807
1.819593	1.810016	12.526463
1.762132	1.455674	12.258312
1.64721	1.149216	11.769895
1.40779	1.695094	11.329362
1.101332	1.991975	10.984597
0.603338	1.972822	10.649408
0.02873	1.695094	10.572794
0.258574	1.628057	10.304643
0.047885	1.61848	9.931148
0.105345	1.532289	9.634267
0.134076	1.64721	9.126696
0.019153	1.608903	8.944737
0.344765	1.541865	9.117119
0.641646	1.216254	9.165003
0.909796	1.072602	9.155427
1.110909	1.053448	9.117119
1.388636	0.890643	9.136273
1.64721	0.804451	9.088389
1.82917	0.708683	9.040505
1.417367	0.74699	9.069235
1.034295	1.015141	9.011775
1.063025	1.101332	8.916006
1.37906	0.919373	8.762778
1.64721	0.603338	8.638279
1.915361	0.258573	8.418013
1.944091	0.287304	8.2169
2.164358	0.612915	8.073247
2.087743	0.392649	8.025363
1.82917	0.0	7.900865
1.800439	0.258574	7.79552
1.838746	0.287305	7.738059
2.126051	0.057461	7.910442
2.413355	0.239421	8.025363
2.595314	0.584186	8.178592
2.528276	0.746991	8.140285
2.365471	0.775722	8.082824
2.221819	0.517148	8.015787
2.193088	0.143653	8.03494
2.183511	0.02873	8.207323
2.33674	0.134075	8.283937
2.585737	0.172382	8.159439
2.604891	0.038308	8.810662
2.719813	-0.927397	8.628702
2.930502	-0.506018	8.207323
3.102885	-0.075061	8.312668
3.016694	-1.826064	8.063671
3.189076	-1.414262	7.230489
2.96881	-1.308917	6.780379
2.987963	-1.366378	6.464344
3.20823	-1.193995	5.765237
3.055001	-1.002459	5.554547
2.815581	-2.877961	5.430049
2.767697	-2.763039	5.324704
2.738966	-2.753462	5.190629
2.614468	-2.791769	5.046977
2.57616	-2.628964	4.730942
2.75812	-2.284199	4.491522
2.901772	-3.996894	4.204218
2.911349	-3.843665	4.156334
2.949656	-3.795781	4.041412
3.131615	-3.68086	4.223371
3.428496	-3.518054	4.242525
3.495534	-3.202019	4.453215
3.457227	-4.751909	4.558559
3.706224	-4.426298	4.759672
4.204218	-5.985765	5.142745
4.721365	-5.497348	5.564124
5.056553	-6.999354	6.023811
5.209782	-6.434322	6.426037
5.228936	-6.357708	6.569689
5.142745	-6.568398	6.818686
4.932055	-6.846125	7.086836
4.759672	-5.286658	7.029376
4.424484	-5.487771	6.962338
4.175487	-5.526078	6.809109
4.10845	-5.573962	6.722918
4.299986	-5.564385	6.588842
4.395754	-5.612269	6.588842
4.223371	-5.679307	6.512228
4.012681	-5.765498	6.272808
3.859453	-5.717614	5.975927
3.572148	-5.564385	5.573701
3.47638	-5.478194	5.343858
3.438073	-5.688884	5.420472
3.677493	-5.937881	5.679046
3.514688	-5.794229	5.803544
3.505111	-5.612269	5.870582
3.514688	-5.334542	5.774814
3.505111	-5.16216	5.621585
3.44765	-5.143006	5.583278
3.47638	-5.028084	5.612008
3.562572	-5.123852	5.640739
3.725377	-5.210044	5.679046
3.821145	-5.229197	5.784391
3.782838	-5.114276	5.832275
3.840299	-5.075968	5.889736
3.993528	-5.296235	5.975927
3.945644	-5.305812	6.071695
3.916913	-5.305812	6.119579
3.89776	-5.459041	6.138733
3.821145	-5.554809	6.157886
3.792415	-5.612269	6.224924
3.754108	-5.736768	6.330269
3.706224	-5.832536	6.41646
3.821145	-5.842113	6.483498
4.34787	-4.33053	6.684611
4.912901	-4.866831	7.182604
4.683058	-4.474182	6.8953
3.754108	-4.885985	7.163451
3.562572	-4.502912	6.751648
3.821145	-4.416721	6.435614
4.003105	-4.435875	6.397306
3.859453	-4.464605	6.435614
3.667916	-4.550797	6.41646
3.610456	-4.407144	6.368576
3.782838	-4.196455	6.368576
3.916913	-4.100687	6.157886
3.859453	-4.100687	6.110002
3.734954	-4.004919	6.023811
3.552995	-4.043226	5.822698
3.457227	-4.062379	5.736507
3.629609	-4.148571	5.602431
3.47638	-4.033649	5.592855
3.466804	-5.794229	5.449202
3.438073	-5.583539	5.27682
3.457227	-5.506925	5.123591
3.399766	-5.449464	5.075707
3.524264	-5.353696	5.295974
3.65834	-5.344119	5.420472
3.763685	-5.392003	5.679046
3.734954	-5.296235	5.956773
3.782838	-5.248351	6.186617
3.869029	-5.315388	6.406883
4.242525	-5.842113	6.761225
4.58729	-4.704025	7.259219
4.434061	-3.326518	7.58483
4.242525	-3.738321	7.900865
4.089296	-3.910703	8.188169
3.849876	-2.217161	8.379705
3.725377	-2.494888	8.370129
3.763685	-2.810923	8.331821
3.552995	-2.84923	8.207323
3.303998	-2.84923	8.044517
2.987963	-2.877961	7.929595
2.959233	-1.05992	7.824251
3.016694	-1.136534	7.843404
3.198653	-1.203572	7.967903
3.399766	-2.868384	7.948749
3.361459	-2.514042	7.747636
3.390189	-2.351236	7.661445
3.380612	-2.360813	7.536946
3.409343	-2.37039	7.718906
3.390189	-2.245891	7.699752
3.639186	-3.929857	7.709329
3.92649	-3.412709	7.690175
4.213794	-3.125405	7.613561
4.319139	-4.972176	7.52737
4.204218	-4.828524	7.469909
4.194641	-4.742333	7.31668
4.10845	-4.857254	7.249642
3.964797	-3.125405	7.354987
3.955221	-3.374402	7.603984
3.955221	-3.690437	7.843404
4.367023	-2.169277	8.121132
4.989516	-1.529183	8.599972
4.893748	-0.707131	9.069235
3.830722	0.986412	9.308656
3.189076	0.641647	9.481038
2.930502	0.411803	9.682151
2.863465	0.18196	9.730035
3.035847	0.019154	9.720458
3.189076	0.028731	9.62469
3.275267	0.124499	9.490615
3.313575	0.344766	9.710881
3.629609	0.411803	9.452308
3.7158	0.363919	9.586383
3.648763	0.440534	9.653421
3.667916	0.574609	9.643844
3.830722	0.842759	9.519345
3.983951	-0.88909	9.490615
4.031835	-0.477287	9.481038
4.223371	-0.122945	9.433154
4.472368	-1.826064	9.366116
4.558559	-1.77818	9.289502
4.481945	-1.759027	9.394847
4.386177	-1.806911	9.232041
4.213794	-1.998447	8.887276
4.242525	-0.764591	8.599972
4.16591	0.114921	8.66701
3.667916	1.331176	8.619125
2.777273	2.106897	8.571241
2.279279	2.422932	8.753201
2.202665	2.355894	8.983044
2.279279	2.825157	8.90643
2.317587	3.371035	8.810662
2.212242	3.457227	8.523357
2.135627	3.02627	8.389282
2.260126	2.729389	8.504204
2.451662	2.585737	8.609549
2.710236	2.585737	8.66701
2.99754	2.624045	8.848969
3.131615	2.54743	8.983044
3.122038	2.422932	9.117119
3.256114	2.09732	9.14585
3.342305	1.82917	9.241618
3.361459	1.704671	9.346963
3.533841	1.695094	9.318232
3.696647	1.723825	9.289502
3.725377	1.848323	9.366116
3.418919	2.087743	9.394847
3.093308	2.346317	9.452308
2.873041	2.566584	9.327809
2.691082	2.729389	9.107543
2.57616	2.96881	8.839392
2.432508	3.265691	8.647856
2.135627	3.457227	8.609549
2.06859	3.773261	8.389282
1.934514	3.936067	8.2169
1.944091	4.213794	8.130708
2.059013	4.836287	8.03494
2.011129	5.401318	7.958326
1.762132	5.640739	8.03494
1.570596	5.477933	7.996633
1.455674	5.171475	8.121132
1.570596	4.903325	8.130708
1.762132	4.740519	8.101978
1.963245	4.462791	8.121132
2.193088	4.319139	8.044517
2.327164	4.10845	8.073247
2.451662	3.92649	8.00621
2.432508	4.003105	8.015787
2.288856	4.118026	7.929595
2.145204	4.290409	7.958326
2.030283	4.367023	7.987056
1.877054	4.271255	8.044517
1.599326	4.175487	7.824251
1.369483	4.242525	7.613561
1.312022	4.405331	7.517793
1.283292	4.673481	7.383717
1.187524	4.922478	7.422025
1.206677	4.932055	7.508216
1.292868	4.960785	7.489062
1.340752	4.817133	7.412448
1.455674	4.711788	7.259219
1.455674	4.683058	7.07726
1.484405	4.807556	7.125144
1.484405	5.27682	7.201758
1.350329	5.928043	7.192181
1.149216	6.330269	7.220912
0.92895	6.588842	7.335833
0.804451	6.751648	7.297526
0.756567	6.617573	7.297526
0.737414	6.435614	7.374141
0.842758	6.349422	7.335833
0.890643	6.301538	7.259219
0.995987	6.186617	7.268796
1.139639	6.540958	7.125144
1.292868	6.971915	7.125144
1.063025	7.115567	7.192181
0.71826	6.885723	7.086836
0.47884	6.435614	7.038952
0.488417	6.129156	6.981492
0.574608	6.090849	7.038952
0.593762	6.20577	6.962338
0.50757	6.368576	6.991068
0.450109	6.311115	7.038952
0.335188	6.358999	6.981492
0.26815	6.378153	6.952761
0.26815	6.397306	6.962338
0.210689	6.426037	6.904877
0.296881	6.41646	6.856993
0.354341	6.560112	6.876147
0.277727	6.550535	6.876147
0.162805	6.531382	6.904877
0.162805	6.560112	6.971915
0.143652	6.598419	6.952761
0.047884	6.62715	6.876147
0.057461	6.550535	6.809109
0.086192	6.483498	6.789955
0.028731	6.244077	6.933608
0.26815	6.090849	7.07726
0.325611	6.17704	7.297526
0.143652	6.358999	7.278373
0.172383	6.550535	7.297526
0.344766	6.62715	7.307103
0.335189	6.818686	7.038952
0.42138	6.904877	7.010222
0.584186	6.952761	6.933608
0.6608	6.885723	6.8953
0.689531	6.828263	6.789955
0.497994	6.732495	6.751648
0.268151	6.675034	6.770802
0.191537	6.828263	6.675034
0.114922	6.761225	6.732495
0.038307	6.665457	6.761225
0.18196	6.789955	6.780379
0.39265	6.732495	6.789955
0.45011	6.770802	6.799532
0.497994	6.799532	6.789955
0.459687	6.799532	6.914454
0.306458	6.607996	7.067683
0.402226	6.65588	7.000645
0.87149	6.751648	6.742071
-0.64967	6.780379	6.531382
-0.218713	6.789955	6.378153
-0.027177	6.904877	6.023811
-1.979293	7.067683	5.765237
-0.055908	7.412448	4.922478
-1.835641	7.52737	5.573701
-0.314482	7.603984	5.439626
-0.036754	7.603984	5.679046
-0.017601	7.718906	5.640739
-1.835641	7.814674	5.698199
-1.902679	7.776366	5.621585
-1.979293	7.843404	5.669469
-1.931409	7.757213	5.621585
-1.912256	7.76679	5.746083
-0.017601	7.575254	5.75566
-0.170829	7.536946	5.861005
-0.343212	7.460332	5.93762
-0.429403	7.450755	6.196193
-0.276174	7.479485	6.368576
-0.257021	7.575254	6.694187
-0.314482	7.699752	6.65588
-0.189983	7.824251	6.598419
-1.873948	7.862558	6.493074
-1.711143	7.814674	6.569689
-1.759027	7.709329	6.675034
-1.663259	7.776366	6.713341
-1.605798	8.03494	6.675034
-1.634528	8.130708	6.588842
-1.519607	8.149862	6.560112
-1.347224	8.054094	6.378153
-1.32807	7.958326	6.20577
-1.337647	7.699752	6.119579
-1.385531	7.594407	5.918466
-1.433415	7.469909	5.928043
-1.442992	7.374141	5.861005
-1.519607	7.307103	5.918466
-1.481299	7.307103	5.93762
-1.471723	7.374141	6.023811
-1.471723	7.364564	6.129156
-1.414262	7.441178	6.110002
-1.222726	7.422025	6.090849
-1.079073	7.364564	6.081272
-2.944998	7.278373	6.081272
-2.935421	7.220912	5.899312
-2.973729	7.115567	5.908889
-1.002459	6.904877	5.947196
-1.021613	6.703764	5.880159
-1.040766	6.521805	5.765237
-1.040766	6.41646	5.72693
-2.935421	6.38773	5.736507
-1.040766	6.435614	5.698199
-1.146111	6.473921	5.679046
-1.280186	6.550535	5.72693
-1.126958	6.531382	5.688623
-2.925845	6.454767	5.746083
-2.954575	6.406883	5.861005
-1.174842	6.426037	5.861005
-1.32807	6.588842	5.75566
-1.366378	6.789955	5.803544
-1.395108	6.856993	5.803544
-1.356801	6.885723	5.956773
-1.27061	6.473921	5.813121
-1.05992	6.110002	5.736507
-2.810923	5.813121	5.497087
-2.696001	5.822698	5.324704
-2.763039	5.975927	5.334281
-2.839653	6.157886	5.468356
-2.830077	6.119579	5.813121
-2.887537	5.93762	6.282385
-2.925845	5.765237	6.512228
-2.84923	5.669469	6.742071
-2.839653	5.717353	6.952761
-1.002459	5.736507	7.019799
-1.069497	5.75566	7.10599
-1.117381	5.679046	7.31668
-1.05992	5.506663	7.422025
-2.84923	5.24809	7.422025
-2.877961	5.075707	7.249642
-1.021613	4.979939	6.952761
-1.002459	4.721365	6.8953
-2.935421	4.520252	6.8953
-2.8205	4.194641	7.115567
-2.887537	3.92649	7.249642
-1.040766	3.849876	7.422025
-1.366378	3.782838	7.460332
-1.682412	3.830722	7.632714
-1.701566	4.012681	8.015787
-1.72072	4.127603	8.322244
-1.759027	4.242525	8.753201
-1.768604	4.34787	8.90643
-1.615375	4.548983	8.983044
-1.51003	4.644751	8.657433
-1.289763	4.596867	8.590395
-1.012036	4.462791	8.504204
-2.887537	4.3766	8.475473
-2.782192	4.280832	8.283937
-2.628964	4.213794	8.044517
-2.533195	4.156334	7.728482
-2.571503	4.156334	7.220912
-2.63854	4.079719	7.115567
-2.753462	3.869029	7.029376
-2.954575	3.514688	6.837839
-0.276174	3.313575	6.722918
-1.893102	2.892195	7.067683
-2.63854	2.5187	6.703764
-2.887537	2.557007	7.517793
-1.031189	2.451662	8.24563
-1.548337	2.154781	9.251195
-0.008024	1.771709	10.103531
-0.218713	1.455674	10.831368
-1.682412	0.92895	10.946289
-1.663259	0.756567	11.195286
-1.691989	0.976834	11.789048
-1.53876	1.302445	12.181698
-1.241879	1.388636	11.90397
-2.561926	1.369483	11.798625
-2.121393	1.331176	11.511321
-3.910703	1.455674	11.176133
-3.786205	1.742978	11.128249
-3.738321	2.116474	11.051634
-3.690437	2.624045	10.821791
-3.632976	3.217807	10.678139
-3.767051	3.351882	10.390835
-3.68086	3.246537	10.0748
-3.623399	3.055001	9.86411
-3.585092	2.844311	9.605537
-3.671283	2.662352	9.251195
-2.016048	2.432508	8.801085
-2.245891	2.260126	8.561665
-2.312929	1.982398	8.293514
-2.322506	1.733402	8.03494
-2.322506	1.474828	7.900865
-2.379967	1.015141	7.603984
-2.542772	0.68953	7.431601
-2.686424	0.363918	7.201758
-2.858807	0.105344	7.010222
-2.983305	0.086192	7.13472
-1.395108	0.134076	7.422025
-1.605798	0.239421	7.690175
-1.835641	0.574609	7.920019
-1.902679	-0.994435	7.79552
-1.826064	-0.592209	7.929595
-1.816488	-0.247444	8.121132
-1.835641	-1.931409	8.341398
-1.873948	-1.739873	8.868122
-0.22829	-1.596221	9.481038
-0.419826	-1.500453	9.950302
-0.506018	-1.442992	10.390835
-0.295328	-1.241879	10.76433
-0.027177	-1.098227	11.099518
-1.826064	-1.155688	11.252747
-1.500453	-1.261033	11.118672
-1.002459	-1.567491	10.97502
-2.533195	-1.893102	10.793061
-2.351236	-0.161253	10.630255
-2.236314	-0.257021	10.429142
-2.341659	-0.362366	10.333374
-2.523619	-0.400673	10.170568
-2.514042	-0.697554	9.80665
-2.245891	0.957681	9.701305
-2.217161	0.679954	9.672574
-2.178854	0.344766	9.461884
-2.341659	0.651223	9.117119
-2.284199	-0.764591	9.107543
-2.561926	-0.362366	8.925583
-2.763039	-0.027177	8.772354
-2.973729	-1.586644	8.72447
-1.165265	-1.193995	8.331821
-1.126958	-2.810923	8.149862
-1.318494	-2.447004	7.79552
-1.395108	-2.207584	7.661445
-1.356801	-2.006471	7.613561
-1.51003	-3.94901	7.565677
-1.519607	-3.872396	7.594407
-1.261033	-3.834089	7.680598
-1.471723	-3.738321	7.575254
-1.442992	-3.738321	7.575254
-1.605798	-3.661706	7.699752
-1.826064	-3.556361	7.603984
-1.672835	-3.345671	7.699752
-1.739873	-3.163712	7.632714
-1.864372	-3.02006	7.843404
-1.701566	-3.182866	7.939172
-1.155688	-3.383979	7.728482
-2.906691	-3.632976	7.546523
-2.8205	-3.728744	7.34541
-2.84923	-3.786205	7.259219
-1.213149	-3.901126	7.450755
-1.29934	-3.728744	7.690175
-1.117381	-3.307364	7.690175
-2.810923	-4.751909	8.475473
-2.830077	-4.617834	8.188169
-2.743885	-4.656141	7.517793
-1.021613	-4.646565	7.536946
-1.787757	-4.445452	7.613561
-1.816488	-4.445452	8.025363
-1.414262	-4.435875	8.27436
-1.136534	-4.455028	8.063671
-1.05992	-4.636988	8.149862
-2.906691	-4.627411	8.197746
-2.964152	-4.560373	8.159439
-2.916268	-4.656141	8.121132
-1.012036	-4.665718	8.140285
-1.174842	-4.589104	8.341398
-1.375954	-4.579527	8.370129
-1.433415	-4.493336	8.207323
-1.548337	-4.656141	7.967903
-1.519607	-4.78064	7.891288
-1.462146	-4.684872	7.747636
-1.500453	-4.512489	7.565677
-1.529183	-4.464605	7.565677
-1.519607	-4.579527	7.450755
-1.433415	-4.56995	7.450755
-1.490876	-4.627411	7.335833
-1.577067	-4.522066	7.307103
-1.864372	-4.167724	6.981492
-1.969716	-5.870843	6.694187
-1.77818	-5.727191	6.406883
-1.53876	-5.641	6.378153
-1.423839	-5.765498	6.148309
-1.663259	-5.842113	5.449202
-1.873948	-5.593116	5.353434
-0.027177	-6.941893	5.075707
-0.362366	-6.405592	5.018246
-0.592209	-6.424745	5.583278
-0.64967	-6.482206	6.282385
-0.726284	-6.443899	6.742071
-0.496441	-6.252363	7.201758
-0.304905	-6.156595	7.13472
-0.333635	-6.319401	7.13472
-0.515594	-6.654589	7.412448
-0.831629	-6.577974	7.661445
0.995988	-6.319401	7.651868
0.986412	-6.05125	7.508216
-0.994435	-6.070404	6.607996
-0.793322	-6.233209	6.167463
-0.611363	-6.300247	5.822698
-0.841206	-6.472629	5.861005
0.938528	-6.50136	5.93762
0.555455	-6.367285	6.167463
0.028731	-6.099134	5.554547
0.363919	-6.175748	5.142745
0.737415	-7.783099	4.548983
0.047884	-8.863726	3.974374
0.316035	-7.581986	3.821145
0.833183	-7.553256	4.34787
-0.956128	-7.294682	4.472368
-0.668823	-7.246798	4.673481
-0.544325	-7.198914	4.357447
-0.544325	-7.103146	4.453215
0.986412	-7.1223	4.271255
0.584186	-7.246798	4.692635
0.057461	-7.227645	4.759672
0.047884	-7.131877	5.200206
0.699106	-7.15103	5.525817
0.555454	-7.016955	5.363011
0.74699	-7.093569	5.295974
0.143652	-7.275529	5.449202
0.814028	-7.965059	6.167463
0.804451	-6.376861	6.282385
0.71826	-6.319401	6.406883
1.072602	-6.338554	6.378153
0.967257	-6.223633	6.330269
0.679953	-6.281093	6.560112
0.699106	-6.443899	6.473921
0.248996	-6.319401	5.793968
0.325611	-6.02252	5.554547
0.584185	-7.677755	5.152321
0.766144	-7.39045	4.85544
0.938527	-7.265952	4.85544
1.082179	-7.15103	4.970362
0.861912	-7.093569	4.041412
0.277727	-8.959494	3.869029
0.047884	-8.978648	3.993528
0.239421	-7.093569	3.418919
0.335188	-7.428758	3.7158
0.555454	-7.581986	3.677493
0.641646	-7.744792	3.667916
0.756567	-6.204479	3.878606
0.976834	-6.826971	3.983951
1.091755	-5.248351	3.763685
1.110909	-5.066391	4.223371
1.302445	-6.913163	4.204218
1.264138	-6.76951	4.271255
1.005564	-6.807818	4.520252
1.139639	-6.74078	4.242525
1.292868	-6.788664	4.299986
1.532289	-5.008931	4.750096
1.675941	-6.759934	4.740519
1.924938	-6.463053	5.152321
1.915361	-6.271517	5.008669
1.963245	-6.060827	5.075707
2.116474	-7.955482	4.893748
2.269703	-7.974636	4.635174
2.183511	-7.898021	4.386177
2.298433	-7.744792	4.807556
2.480392	-7.735215	4.558559
2.604891	-7.792676	4.414907
2.403778	-7.763946	4.060566
2.173935	-7.744792	3.849876
2.221819	-7.677755	3.763685
2.260126	-7.735215	3.936067
2.33674	-7.802253	3.572148
2.260126	-7.735215	3.830722
2.279279	-7.620294	4.060566
2.183511	-7.888444	4.031835
2.183511	-6.185325	3.754108
2.135627	-6.568398	4.079719
2.087743	-6.587551	4.261678
2.106897	-6.424745	4.10845
2.231395	-6.482206	4.309562
2.240972	-6.558821	4.405331
2.298433	-6.635435	4.807556
2.327164	-6.817395	4.367023
2.413355	-6.836548	4.644751
2.509123	-6.779087	4.750096
2.806004	-6.606705	4.836287
3.150769	-6.539667	5.104437
3.23696	-6.491783	5.363011
3.275267	-6.577974	5.430049
3.265691	-5.075968	5.573701
3.275267	-5.267504	6.167463
3.399766	-5.123852	6.464344
3.648763	-5.047238	6.722918
3.543418	-6.95147	6.703764
3.485957	-6.836548	6.550535
3.323151	-6.932316	6.349422
3.256114	-5.095122	6.157886
3.179499	-5.123852	5.851428
2.585737	-6.95147	5.27682
2.288856	-6.788664	4.845864
2.355894	-6.721626	4.58729
2.509123	-6.731203	4.204218
2.796427	-6.721626	4.204218
2.959233	-6.549244	4.118026
3.016694	-6.348131	4.070142
3.198653	-6.252363	4.089296
3.639186	-6.032096	4.232948
3.974374	-7.773523	4.58729
4.299986	-7.562833	4.548983
4.13718	-7.744792	4.443638
4.003105	-7.869291	4.491522
3.849876	-6.089557	4.750096
3.763685	-6.434322	4.759672
3.610456	-6.597128	4.912901
3.543418	-6.874855	5.075707
3.754108	-5.257928	5.324704
3.936067	-5.698461	5.659892
3.945644	-5.755922	5.889736
3.600879	-5.641	5.889736
3.409343	-5.593116	5.975927
3.246537	-5.727191	5.908889
3.323151	-5.937881	5.99508
3.361459	-4.234762	6.119579
3.399766	-4.531643	6.186617
3.265691	-4.732756	6.397306
3.265691	-4.895562	6.426037
3.418919	-3.23075	6.473921
3.629609	-3.336095	6.636727
3.457227	-3.106251	6.732495
3.284844	-4.771063	6.607996
3.275267	-4.723179	6.579266
3.639186	-4.771063	6.742071
4.031835	-4.694449	6.885723
4.146757	-4.35926	6.856993
4.175487	-5.765498	6.86657
4.424484	-5.717614	6.828263
4.424484	-5.573962	6.636727
4.213794	-5.487771	6.406883
4.022258	-5.564385	6.244077
3.983951	-5.698461	6.41646
4.003105	-5.746345	6.464344
3.955221	-5.813382	6.397306
3.916913	-5.899574	6.38773
3.916913	-4.062379	6.291961
3.964797	-4.206031	6.320692
4.031835	-4.493336	6.483498
4.118026	-4.80937	6.751648
4.098873	-4.876408	6.924031
4.012681	-4.847678	7.048529
4.060566	-4.857254	7.029376
4.194641	-4.981753	7.067683
4.089296	-3.240327	6.991068
4.031835	-3.393556	7.038952
4.012681	-3.604245	7.13472
3.916913	-3.795781	7.450755
4.050989	-3.94901	7.709329
4.041412	-2.044778	7.76679
3.92649	-2.140546	7.709329
3.888183	-2.073509	7.690175
4.031835	-2.13097	7.718906
4.079719	-2.18843	7.699752
3.869029	-2.456581	7.651868
3.562572	-2.763039	7.728482
3.524264	-2.925845	7.76679
3.620032	-2.916268	7.929595
3.706224	-2.858807	7.872135
3.821145	-2.715155	8.025363
3.955221	-2.571503	8.063671
4.060566	-2.418274	8.101978
4.194641	-2.360813	8.140285
4.194641	-2.360813	8.054094
4.10845	-2.571503	8.149862
4.10845	-2.877961	8.197746
4.10845	-1.040766	8.408436
4.213794	-1.117381	8.561665
4.319139	-1.471723	8.810662
4.012681	-1.615375	8.513781
3.830722	-1.53876	8.48505
3.677493	-1.385531	8.370129
3.620032	-1.615375	8.293514
3.792415	-1.711143	8.207323
3.888183	-1.605798	8.293514
4.012681	-1.500453	8.350975
4.261678	-1.375954	8.312668
4.434061	-1.395108	8.418013
4.3766	-1.27061	8.45632
4.242525	-1.433415	8.341398
4.185064	-1.529183	8.408436
4.194641	-1.672835	8.427589
4.156334	-1.797334	8.331821
4.050989	-1.864372	8.283937
3.964797	-1.96014	8.188169
3.92649	-0.036754	8.169016
3.955221	-0.352789	8.350975
3.869029	-0.477287	8.312668
3.68707	-0.563479	8.322244
3.629609	-0.630516	8.24563
3.629609	-0.755015	8.27436
3.47638	0.986412	8.370129
3.399766	0.823606	8.504204
3.303998	0.63207	8.571241
3.265691	0.517148	8.714894
3.275267	0.469264	8.772354
3.275267	0.134076	8.887276
3.265691	0.23942	8.963891
3.150769	0.344765	9.136273
3.02627	0.134075	9.136273
3.141192	0.0	9.097966
3.169922	0.105345	8.983044
3.44765	0.18196	8.916006
3.552995	0.124499	9.002198
3.562572	0.153229	9.011775
3.552995	0.18196	9.088389
3.629609	0.478841	8.983044
3.801992	0.593763	8.944737
3.916913	0.42138	8.983044
3.878606	0.478841	9.117119
3.936067	0.6608	9.040505
3.859453	0.679954	8.916006
3.68707	0.603339	8.896853
3.639186	0.517148	8.896853
3.7158	0.497994	8.944737
3.706224	0.478841	8.868122
3.677493	0.354342	8.868122
3.44765	0.287305	8.868122
3.361459	0.095769	8.820238
3.227383	0.05746	8.887276
3.189076	0.191536	8.801085
3.093308	0.220266	8.743624
3.045424	0.181959	8.523357
3.045424	0.019153	8.427589
3.035847	0.067037	8.322244
3.20823	0.402225	8.418013
3.294421	0.660799	8.619125
3.189076	0.948103	8.72447
3.045424	0.92895	8.848969
2.96881	0.74699	8.801085
3.160346	0.584185	8.848969
3.342305	0.603338	8.90643
3.294421	0.670376	8.868122
3.131615	0.584185	8.801085
3.102885	0.555454	8.686163
3.150769	0.708683	8.743624
3.02627	0.909796	8.762778
2.949656	0.995987	8.858546
2.940079	1.082179	8.858546
3.016694	1.072602	8.781931
2.99754	1.063025	8.772354
2.825157	1.273715	8.762778
2.652775	1.656787	8.762778
2.499546	1.915361	8.868122
2.269703	2.087743	9.002198
2.183511	1.991975	9.011775
2.288856	1.810016	8.916006
2.384624	1.656787	8.820238
2.509123	1.723825	8.72447
2.604891	1.762132	8.743624
2.700659	1.64721	8.552088
2.691082	1.43652	8.379705
2.633621	1.244984	8.389282
2.633621	1.388636	8.322244
2.633621	1.800439	8.331821
2.825157	3.294421	8.408436
2.662352	4.884171	8.887276
2.260126	4.673481	9.097966
1.953668	3.888183	8.868122
1.723825	3.112462	8.590395
1.608903	2.901772	8.418013
1.656787	3.150769	8.494627
1.714248	3.543418	8.848969
1.762132	3.68707	8.944737
1.905784	3.792415	9.136273
1.972822	3.888183	8.992621
1.924938	3.65834	8.925583
1.819593	3.572148	8.858546
1.790862	3.648763	8.772354
1.714248	3.878606	8.90643
1.695094	4.060566	9.050082
1.570596	4.070142	9.155427
1.561019	3.993528	9.107543
1.608903	3.773261	9.136273
1.695094	3.572148	9.002198
1.733402	3.428496	8.925583
1.704671	3.409343	8.743624
1.656787	3.371035	8.609549
1.656787	3.294421	8.418013
1.714248	3.294421	8.360552
1.695094	3.303998	8.255207
1.61848	3.323151	8.293514
1.541865	3.409343	8.312668
1.484405	3.677493	8.360552
1.474828	3.964797	8.45632
1.493981	4.16591	8.561665
1.493981	4.319139	8.69574
1.493981	4.501099	8.753201
1.446097	4.548983	8.69574
1.40779	4.548983	8.638279
1.302445	4.577713	8.599972
1.235408	4.692635	8.647856
1.110909	4.769249	8.513781
0.948103	4.673481	8.45632
1.024718	4.539406	8.48505
1.101332	4.405331	8.398859
1.158793	4.558559	8.341398
1.158793	4.596867	8.370129
1.024718	4.769249	8.360552
0.938527	4.922478	8.331821
0.861912	4.836287	8.264784
0.919373	4.692635	8.322244
1.101332	4.481945	8.350975
1.350329	4.280832	8.24563
1.446097	4.194641	8.24563
1.465251	4.003105	8.255207
1.493981	3.92649	8.303091
1.589749	3.964797	8.379705
1.637633	4.050989	8.494627
1.589749	4.156334	8.590395
1.503558	4.424484	8.647856
1.312022	4.788403	8.762778
1.043871	4.979939	8.571241
0.450109	5.228936	8.350975
0.105344	5.477933	8.140285
0.028731	5.717353	8.03494
0.057461	5.774814	8.00621
0.05746	5.679046	7.948749
0.316034	5.48751	7.900865
0.612915	5.707776	7.728482
0.679953	5.889736	7.690175
0.545877	5.784391	7.757213
0.392649	5.449202	7.738059
0.26815	5.410895	7.651868
0.26815	5.477933	7.814674
0.430956	5.564124	8.054094
0.469263	5.497087	8.101978
0.555454	5.477933	8.025363
0.526724	5.363011	7.929595
0.469263	5.27682	7.862558
0.459686	5.257666	7.805097
0.526724	5.27682	7.824251
0.50757	5.315127	7.891288
0.469263	5.401318	7.805097
0.411802	5.430049	7.891288
0.325611	5.410895	7.747636
0.220266	5.420472	7.642291
0.191536	5.439626	7.632714
0.153228	5.410895	7.536946
0.162805	5.449202	7.469909
0.172382	5.458779	7.431601
0.114921	5.525817	7.383717
0.076614	5.640739	7.393294
0.028731	5.621585	7.364564
0.009577	5.621585	7.383717
0.114921	5.717353	7.402871
0.172382	6.129156	7.393294
0.134075	6.607996	7.450755
0.114922	6.789955	7.498639
0.287305	6.607996	7.469909
0.45011	6.464344	7.393294
0.45011	6.435614	7.34541
0.325612	6.406883	7.450755
0.124499	6.38773	7.58483
0.009576	6.215347	7.718906
0.134075	6.20577	7.824251
0.210689	6.263231	8.015787
0.296881	6.426037	8.054094
0.134075	6.44519	8.207323
0.162806	6.550535	8.149862
0.258574	6.550535	8.082824
0.344766	6.569689	8.015787
0.411803	6.540958	7.910442
0.335189	6.426037	7.776366
0.277728	6.282385	7.623138
0.344766	6.339845	7.431601
0.526725	6.41646	7.34541
0.651223	6.512228	7.211335
0.689531	6.483498	7.192181
0.593763	6.502651	7.144297
0.469264	6.38773	7.07726
0.488418	6.20577	6.904877
0.363919	5.908889	6.809109
0.373496	5.698199	6.732495
0.344766	5.430049	6.722918
0.363919	5.334281	6.742071
0.258574	5.219359	6.722918
0.248997	5.06613	6.742071
0.21069	4.903325	6.722918
0.105345	4.903325	6.722918
0.124499	5.06613	6.62715
0.239421	5.420472	6.684611
0.373496	5.832275	6.818686
0.679954	6.234501	6.856993
-0.994435	6.531382	6.914454
-0.88909	6.780379	6.856993
-0.831629	6.924031	6.904877
0.919374	7.699752	6.828263
0.756568	8.829815	6.809109
0.995988	9.366116	6.924031
-0.707131	9.251195	6.962338
-0.515594	8.887276	6.751648
-0.324058	8.446743	6.617573
-0.352789	8.140285	6.598419
-0.496441	7.776366	6.742071
-0.764591	7.508216	6.818686
-0.898667	7.479485	6.828263
-0.984858	7.422025	6.780379
-0.956128	7.651868	6.598419
-0.640093	7.872135	6.464344
-0.43898	7.967903	6.291961
-0.276174	7.948749	6.244077
-0.19956	7.728482	6.20577
-0.170829	7.671022	6.062118
-0.257021	7.5561	6.033388
-0.486864	7.671022	5.899312
-0.362366	7.747636	5.841852
-0.151676	7.824251	5.908889
-0.036754	7.958326	6.071695
-0.065485	8.015787	6.17704
-0.075061	8.121132	6.224924
-0.132522	8.236053	6.320692
-1.998447	8.532934	6.301538
-1.931409	8.72447	6.148309
-1.826064	8.963891	5.99508
-1.787757	9.232041	5.93762
-1.816488	9.222464	5.774814
-1.902679	9.260772	5.717353
-1.902679	9.232041	5.688623
-1.854795	9.184157	5.631162
-1.759027	9.069235	5.353434
-1.490876	8.983044	5.094861
-1.308917	8.925583	4.711788
-1.146111	8.877699	4.472368
-1.27061	8.638279	4.548983
-1.308917	8.734047	4.242525
-1.213149	8.762778	4.357447
-1.213149	8.590395	4.232948
-1.174842	8.494627	4.204218
-1.079073	8.312668	4.223371
-1.107804	8.169016	4.070142
-2.992882	8.111555	3.974374
-2.877961	8.236053	3.888183
-2.877961	8.408436	3.92649
-2.839653	8.638279	3.92649
-2.839653	8.743624	3.869029
-2.676848	8.743624	3.821145
-2.734308	8.72447	3.89776
-2.705578	8.69574	3.92649
-2.753462	8.791508	4.031835
-2.763039	8.647856	4.242525
-2.801346	8.801085	4.386177
-2.782192	8.791508	4.424484
-2.8205	8.791508	4.472368
-2.791769	8.868122	4.424484
-2.753462	8.877699	4.280832
-2.686424	8.858546	4.242525
-2.763039	8.90643	4.156334
-2.705578	8.916006	4.13718
-2.715155	8.801085	4.098873
-2.763039	8.638279	3.983951
-2.763039	8.513781	3.945644
-2.715155	8.408436	3.581725
-2.657694	8.149862	3.409343
-2.60981	8.226476	2.892195
-2.37039	8.283937	2.442085
-2.178854	8.446743	2.087743
-3.881973	8.408436	1.896207
-3.786205	8.303091	1.695094
-3.843665	8.140285	1.589749
-3.94901	7.977479	1.599326
-2.274622	7.852981	1.599326
-2.389543	7.805097	1.61848
-2.504465	7.690175	1.704671
-2.628964	7.469909	1.704671
-2.657694	7.431601	1.580173
-2.619387	7.34541	1.599326
-2.63854	7.31668	1.551442
-2.657694	7.307103	1.771709
-2.667271	7.508216	2.039859
-2.734308	7.833827	2.346317
-2.696001	8.121132	2.671929
-2.63854	8.427589	2.930502
-2.408697	8.676586	3.083731
-2.351236	8.743624	3.169922
-2.245891	8.944737	3.189076
-2.102239	9.002198	3.169922
-2.198007	9.011775	3.169922
-2.150123	8.90643	2.978386
-3.910703	8.762778	2.738966
-3.872396	8.465897	2.327164
-2.044778	8.188169	2.212242
-2.178854	8.130708	2.09732
-2.389543	8.03494	1.991975
-2.456581	7.776366	2.001552
-2.379967	7.718906	2.09732
-2.389543	7.757213	2.173935
-2.341659	7.852981	2.126051
-2.169277	7.958326	2.09732
-2.111816	7.987056	2.183511
-2.236314	8.044517	2.480392
-2.322506	8.03494	2.748543
-2.418274	8.207323	2.978386
-2.39912	8.676586	3.160346
-2.351236	8.868122	3.275267
-2.198007	8.944737	3.438073
-2.111816	8.954314	3.371035
-2.102239	8.93516	3.323151
-2.198007	8.916006	3.294421
-2.332083	8.983044	3.342305
-2.379967	8.801085	3.294421
-2.39912	8.599972	3.189076
-2.494888	8.389282	3.074154
-2.590656	8.226476	3.007117
-2.514042	8.111555	2.75812
-2.561926	7.977479	2.57616
-2.561926	7.996633	2.298433
-2.494888	8.130708	2.039859
-2.485311	8.111555	1.972822
-2.705578	8.101978	2.001552
-2.84923	7.987056	1.963245
-2.944998	7.776366	1.972822
-1.002459	7.76679	2.126051
-1.107804	7.920019	2.432508
-1.251456	8.149862	2.959233
-1.442992	8.475473	3.371035
-1.816488	8.714894	3.869029
-1.845218	8.571241	4.328716
-1.998447	8.437166	4.778826
-0.218713	8.48505	5.114014
-0.295328	9.270348	5.161898
-0.036754	9.682151	5.257666
-1.605798	9.634267	5.286397
-1.251456	9.097966	5.075707
-1.136534	8.571241	5.018246
-1.251456	8.073247	5.094861
-1.500453	7.632714	5.046977
-1.883525	7.412448	4.932055
-0.180406	7.326257	4.357447
-0.295328	7.287949	4.13718
-0.506018	7.383717	4.146757
-0.601786	7.335833	4.280832
-0.534748	7.460332	4.491522
-0.46771	7.450755	4.625597
-0.506018	7.565677	4.836287
-0.448557	7.699752	4.845864
-0.333635	7.76679	5.018246
-0.400673	8.025363	5.391742
-0.563479	8.111555	5.765237
-0.333635	7.910442	6.138733
-0.362366	7.671022	6.464344
-0.573055	7.613561	6.8953
-0.91782	7.575254	7.297526
-0.898667	7.642291	7.632714
-0.831629	7.776366	7.776366
-0.620939	8.00621	7.910442
-0.620939	8.073247	7.929595
-0.716707	8.082824	8.044517
-0.841206	7.958326	8.073247
-0.879513	7.728482	7.987056
-0.850783	7.460332	7.699752
-0.86036	7.335833	7.479485
-0.994435	7.268796	7.460332
0.737415	7.038952	7.613561
0.622493	6.828263	7.642291
0.593763	6.579266	7.594407
0.430957	6.157886	7.603984
0.373496	5.698199	7.469909
0.124499	5.27682	7.393294
0.153228	5.094861	7.268796
0.373495	5.190629	7.422025
0.517147	5.27682	7.728482
0.737414	5.257666	8.054094
0.622492	5.238513	8.27436
0.325611	5.181052	8.312668
0.296881	5.209782	8.312668
1.64721	5.765237	8.628702
0.306458	6.282385	8.101978
-0.563479	6.971915	7.613561
-0.716707	7.268796	7.297526
-0.429403	7.125144	6.943184
-0.170829	6.751648	6.598419
-0.122945	6.272808	6.540958
-0.218713	5.793968	6.588842
-0.496441	5.190629	6.751648
0.986412	4.730942	7.335833
0.086191	4.999093	8.044517
1.149216	5.535394	8.475473
1.158793	5.48751	8.312668
0.584185	4.884171	8.101978
0.26815	4.050989	7.79552
0.162805	3.265691	8.111555
0.392649	2.691082	8.599972
0.890643	2.442085	9.270348
1.206677	2.09732	9.959878
1.40779	1.848323	10.28549
1.522712	1.541865	10.400412
1.599326	1.053448	10.189722
1.426944	0.526724	9.892841
1.158793	0.488417	9.787496
1.244984	0.727837	9.892841
1.273715	0.900219	9.950302
1.244984	0.938527	9.844957
0.976834	0.967257	9.567229
0.488417	0.919373	8.925583
0.086192	0.871489	8.312668
0.718261	1.015141	7.709329
0.986412	1.350329	7.642291
0.87149	1.64721	7.910442
0.766145	1.752555	8.293514
0.976835	1.64721	8.45632
-0.850783	1.417367	8.389282
-0.592209	1.101332	8.015787
-0.496441	0.967257	7.671022
-0.496441	0.900219	7.76679
-0.869936	0.900219	8.647856
0.095769	1.149216	9.80665
1.264138	1.675941	10.850521
2.106897	2.145204	10.869675
2.039859	2.106897	10.409988
1.455674	1.235408	11.971008
0.057461	0.134075	13.04361
1.752555	0.411803	9.730035
1.398213	0.555455	9.816226
1.283292	0.536302	9.720458
1.417367	0.689531	9.787496
1.1971	-0.927397	10.0748
1.130063	-0.161253	9.825803
1.130063	-1.395108	9.538499
0.890643	-2.858807	9.615113
0.555454	-2.619387	9.519345
0.517147	-2.561926	9.528922
0.814028	-2.523619	9.86411
0.967257	-2.284199	10.036493
0.890643	-2.226738	9.940725
0.344765	-2.083086	9.59596
0.057461	-2.255468	9.404424
0.057461	-2.408697	9.327809
0.019153	-2.724732	9.653421
0.124498	-1.002459	9.931148
0.019154	-1.395108	10.180145
0.258574	-1.835641	10.275913
0.402226	-0.19956	10.199299
0.545878	-0.544325	10.141838
0.622493	-0.64967	9.950302
0.565032	-0.716707	9.969455
0.565032	-0.544325	9.931148
0.373496	-0.400673	10.026916
0.229844	-0.285751	9.959878
0.18196	-0.103792	9.777919
0.124499	-1.845218	9.758765
0.009577	-1.51003	9.682151
0.02873	-1.012036	9.59596
0.191536	-2.705578	9.567229
0.536301	-2.743885	9.423577
0.68953	-2.60981	9.155427
0.488417	-2.351236	8.90643
0.373495	-2.121393	8.552088
0.05746	-3.881973	8.111555
0.296882	-3.738321	7.747636
0.603339	-3.652129	7.52737
0.823606	-3.671283	7.431601
0.861913	-3.776628	7.498639
0.593763	-3.977741	7.671022
0.124499	-2.073509	8.044517
0.172382	-2.351236	8.236053
0.143652	-2.39912	8.418013
0.124498	-2.351236	8.552088
0.009577	-2.111816	8.686163
0.153229	-3.910703	8.925583
0.229844	-3.747897	9.222464
0.258574	-3.585092	9.490615
0.191537	-3.585092	9.710881
0.229844	-3.546784	9.883264
0.306458	-3.613822	9.892841
0.622493	-3.70959	9.83538
0.737415	-3.824512	9.902418
0.574609	-2.006471	9.988609
0.402226	-2.389543	10.026916
0.296882	-2.648117	9.83538
0.296882	-2.801346	9.672574
0.42138	-2.801346	9.260772
0.593763	-2.715155	8.839392
0.842759	-2.533195	8.427589
0.995988	-2.332083	7.920019
-0.822052	-2.293775	7.709329
-0.898667	-2.217161	7.469909
0.928951	-2.121393	7.354987
0.852336	-3.92028	7.153874
-0.984858	-3.747897	6.971915
0.995988	-3.661706	6.904877
0.766145	-3.719167	6.694187
0.6608	-3.939433	6.856993
0.335189	-3.977741	7.31668
0.296882	-2.073509	7.58483
0.21069	-2.035202	7.852981
0.153229	-2.044778	8.293514
0.086192	-2.035202	8.734047
0.057461	-2.255468	9.35654
0.086192	-2.686424	9.777919
0.047884	-2.954575	10.160991
0.019153	-1.031189	10.400412
0.0	-1.098227	10.256759
0.153229	-2.983305	9.969455
0.268151	-2.887537	9.557653
0.42138	-2.676848	9.299079
0.363919	-2.475735	9.241618
0.363919	-2.542772	9.165003
0.220267	-2.696001	9.059659
0.038308	-2.427851	8.877699
0.009577	-3.929857	8.532934
0.009577	-3.728744	7.967903
0.057461	-3.834089	7.565677
0.019154	-3.776628	7.431601
0.153228	-3.537208	7.460332
0.287304	-3.355248	7.728482
0.430956	-3.182866	7.977479
0.450109	-4.962599	8.159439
0.47884	-4.828524	8.370129
0.373495	-4.876408	8.494627
0.335188	-4.905138	8.676586
0.363918	-4.905138	8.753201
0.296881	-4.924292	8.896853
0.181959	-3.096675	8.877699
0.124498	-3.288211	9.069235
0.162805	-3.94901	9.241618
0.153228	-2.801346	9.720458
0.05746	-1.53876	9.998186
0.019153	-1.845218	10.256759
0.0	-1.854795	10.505756
0.191537	-1.835641	10.572794
0.143653	-1.969716	10.601524
0.019154	-1.873948	10.687716
0.02873	-1.672835	10.850521
0.26815	-1.557914	11.00375
0.459686	-1.557914	11.070788
0.574608	-1.53876	10.879252
0.306457	-1.08865	10.31422
0.239421	-2.58108	9.662997
0.507571	-2.379967	9.117119
0.402226	-2.274622	8.743624
0.248997	-2.178854	8.676586
0.143653	-3.996894	8.303091
0.383073	-3.939433	8.063671
0.383073	-3.690437	8.044517
0.23942	-3.594668	7.824251
0.469263	-3.537208	7.79552
0.651222	-3.527631	8.00621
0.766144	-3.795781	8.111555
0.660799	-2.063932	8.303091
0.881066	-2.140546	8.973467
0.919373	-2.58108	9.586383
1.273715	-1.079073	9.940725
1.034295	-1.596221	10.28549
1.024718	-0.247444	10.467449
0.852335	-0.764591	10.55364
0.71826	0.708684	10.208875
0.488417	0.153228	10.218452
0.316034	1.321599	10.295067
0.105344	1.752555	10.678139
0.21069	2.202665	11.176133
0.277728	2.528276	11.262324
0.42138	2.604891	11.18571
0.737415	2.355894	11.013327
0.976835	1.953668	10.917559
-0.544325	1.120486	10.76433
-0.400673	0.287304	10.247183
-0.295328	0.775722	9.710881
-0.534748	-0.601786	8.963891
-0.601786	-0.142099	8.609549
-0.793322	-1.682412	8.2169
0.718261	-1.529183	8.264784
0.268151	-1.500453	8.418013
0.086192	-1.663259	8.418013
0.124498	-0.333635	8.312668
0.028731	-0.975281	8.69574
0.306457	0.383073	8.944737
0.47884	0.134075	9.308656
0.172383	0.785298	9.126696
0.430957	1.484405	9.260772
0.938528	2.298433	9.739612
0.842759	3.754108	10.04607
-0.783745	4.606443	9.998186
-0.592209	5.30555	9.184157
-0.333635	5.688623	9.749189
-0.237867	5.573701	8.418013
-0.046331	5.477933	8.734047
-1.644105	5.928043	9.030928
-0.276174	5.803544	9.212887
-0.563479	5.765237	9.672574
0.928951	5.334281	9.662997
0.565032	4.414907	9.902418
0.612916	3.418919	9.394847
0.402226	2.317587	9.021351
0.0	1.896207	8.734047
0.162805	2.116474	8.839392
0.162805	2.250549	8.734047
0.153228	2.279279	8.734047
0.335188	2.06859	8.561665
1.292868	1.398213	7.977479
0.517147	2.06859	8.054094
0.995988	3.677493	7.383717
0.670377	4.204218	7.718906
0.18196	4.481945	7.910442
0.469264	4.750096	7.747636
0.852336	4.932055	7.393294
0.928951	4.970362	7.211335
0.938528	5.477933	6.809109
-0.477287	5.99508	6.378153
-1.98887	6.502651	6.263231
-1.806911	7.13472	6.378153
-1.854795	7.699752	6.684611
-1.864372	8.063671	7.058106
-1.902679	7.891288	7.402871
-0.065485	7.728482	7.623138
-0.381519	7.096413	7.546523
-0.534748	6.780379	7.489062
-0.86036	6.512228	7.441178
0.976835	6.358999	7.489062
0.804452	6.224924	7.460332
0.976835	6.100425	7.259219
-0.381519	6.186617	6.799532
-0.122945	6.540958	6.339845
-0.027177	7.096413	6.17704
-0.19956	7.594407	6.157886
-0.304905	7.699752	6.330269
-0.429403	7.565677	6.531382
-0.43898	7.326257	6.65588
-0.41025	6.971915	6.65588
-0.573055	6.86657	6.722918
-0.659247	6.885723	6.809109
-0.477287	7.010222	7.019799
-0.506018	7.13472	7.335833
-0.783745	7.096413	7.52737
-0.908244	6.837839	7.5561
0.967258	6.732495	7.680598
0.814029	6.818686	7.632714
0.919374	6.981492	7.489062
-0.88909	7.038952	7.383717
-0.869936	7.153874	7.287949
-0.898667	6.962338	7.220912
-0.956128	6.847416	7.096413
-0.994435	6.732495	6.876147
-0.936974	6.512228	6.588842
-0.946551	6.349422	6.378153
-0.850783	6.234501	6.004657
-0.592209	6.129156	5.698199
-0.64967	6.081272	5.449202
-0.486864	6.330269	5.401318
-0.984858	5.650315	5.477933
0.679954	5.765237	5.99508
0.670377	6.368576	6.17704
-0.850783	6.981492	6.301538
-0.544325	7.52737	6.579266
-0.506018	7.814674	6.991068
-0.879513	8.063671	7.307103
-0.956128	8.082824	7.326257
-0.755015	7.814674	7.192181
-0.86036	7.594407	7.07726
-0.88909	7.393294	6.962338
0.986412	7.115567	6.971915
0.708684	6.962338	7.019799
0.39265	6.86657	7.201758
0.191537	6.789955	7.000645
0.363919	6.646303	6.962338
0.708684	6.646303	6.914454
0.584186	6.703764	6.856993
0.335189	6.780379	6.780379
0.268151	6.780379	6.722918
0.325612	6.65588	6.703764
0.18196	6.818686	6.722918
0.019154	7.000645	6.732495
0.038308	7.096413	6.761225
0.047885	7.13472	6.770802
0.239421	6.981492	6.780379
0.268151	6.856993	6.761225
0.220267	6.65588	6.65588
0.191537	6.770802	6.675034
0.076615	6.943184	6.607996
0.067038	7.096413	6.607996
0.057461	7.383717	6.569689
0.191537	7.383717	6.349422
0.335189	7.374141	6.138733
0.383073	7.220912	6.071695
0.411803	7.000645	5.947196
0.143653	6.751648	5.985504
0.038307	6.502651	6.033388
0.363918	6.406883	5.985504
0.497993	6.17704	6.090849
0.47884	5.985504	6.081272
0.565031	5.707776	6.358999
0.804451	5.48751	6.713341
1.034295	5.27682	7.10599
1.321599	5.171475	7.402871
1.551442	5.06613	7.58483
1.666364	5.152321	7.747636
1.666364	5.0374	8.015787
1.742978	4.941632	8.188169
1.8579	4.836287	8.24563
1.82917	4.893748	8.130708
1.781286	5.161898	8.293514
1.915361	5.24809	8.532934
1.88663	5.353434	8.638279
1.695094	5.343858	8.360552
1.398213	5.51624	8.149862
1.244984	5.602431	7.920019
0.919373	5.497087	7.881711
0.92895	5.746083	7.852981
1.110909	5.908889	8.226476
1.264138	5.669469	8.657433
1.455674	5.382165	8.791508
1.522712	5.06613	8.762778
1.446097	4.730942	8.753201
1.522712	4.730942	8.896853
1.790862	4.644751	9.078812
2.183511	4.338293	9.165003
2.509123	4.079719	9.337386
2.681505	3.552995	9.136273
2.844311	3.275267	8.983044
3.189076	3.074154	8.90643
3.399766	2.834734	8.944737
3.495534	2.5187	9.184157
3.572148	2.461239	9.327809
3.572148	2.451662	9.38527
3.600879	2.365471	9.481038
3.65834	2.54743	9.414
3.677493	2.691082	9.337386
3.610456	2.796427	9.184157
3.466804	2.863465	8.992621
3.380612	2.700659	8.93516
3.428496	2.633621	8.839392
3.485957	2.499546	8.676586
3.371035	2.557007	8.762778
3.371035	2.624045	9.011775
3.524264	2.719813	9.318232
3.639186	2.796427	9.490615
3.572148	2.815581	9.509768
3.438073	2.57616	9.442731
3.505111	2.422932	9.203311
3.591302	2.451662	9.002198
3.620032	2.528276	8.781931
3.773261	2.54743	8.705317
4.003105	2.461239	8.657433
3.964797	2.288856	8.504204
3.916913	2.116474	8.331821
3.754108	2.039859	8.207323
3.65834	1.915361	8.24563
3.763685	1.896207	8.418013
3.859453	1.790862	8.446743
3.955221	1.685517	8.437166
3.916913	1.599326	8.408436
3.945644	1.61848	8.331821
3.993528	1.666364	8.264784
3.964797	1.64721	8.360552
3.869029	1.685517	8.513781
3.869029	1.666364	8.781931
3.974374	1.551442	9.097966
4.156334	1.551442	9.241618
4.204218	1.426944	9.184157
4.223371	1.40779	9.002198
4.089296	1.206677	8.762778
4.022258	1.082179	8.69574
4.050989	1.015141	8.647856
4.118026	1.139639	8.638279
4.098873	1.158793	8.590395
4.10845	1.130063	8.398859
4.050989	1.034295	8.427589
4.070142	0.861912	8.303091
4.175487	0.71826	8.303091
4.194641	0.651222	8.073247
4.10845	0.679953	7.929595
4.194641	0.651222	7.881711
4.309562	0.699106	7.891288
4.453215	0.641646	7.900865
4.453215	0.603338	8.00621
4.3766	0.565031	7.948749
4.309562	0.536301	8.025363
4.299986	0.459686	8.092401
4.3766	0.440533	7.996633
4.472368	0.335188	8.092401
4.520252	0.287304	7.958326
4.414907	0.296881	7.79552
4.386177	0.354341	7.900865
4.635174	0.421379	8.178592
4.807556	0.363918	8.561665
4.79798	0.162805	8.619125
4.683058	0.02873	8.552088
4.548983	0.009576	8.350975
4.462791	0.143652	8.24563
4.414907	0.134075	8.178592
4.577713	0.009576	8.169016
4.654328	0.095769	8.255207
4.520252	0.277728	8.513781
4.788403	0.603339	8.504204
4.759672	0.402226	9.002198
5.334281	0.383073	8.820238
5.391742	0.45011	8.896853
5.152321	0.689531	8.638279
4.970362	0.775722	8.350975
4.730942	0.861913	8.054094
4.654328	0.814029	7.920019
4.778826	0.718261	8.073247
5.027823	0.708684	8.130708
5.161898	0.87149	8.303091
5.075707	0.948104	8.226476
4.893748	0.890644	8.063671
4.558559	0.823606	7.852981
4.424484	0.909797	7.536946
4.491522	0.909797	7.364564
4.462791	0.909797	7.010222
4.443638	0.948104	6.809109
4.453215	0.90022	6.675034
4.434061	-0.88909	6.435614
4.424484	-0.620939	6.196193
4.462791	-0.304905	5.899312
4.577713	-1.902679	5.832275
4.788403	-1.423839	6.157886
5.152321	-1.05992	6.856993
5.477933	-2.743885	7.680598
5.784391	-2.60981	8.657433
6.014234	-2.63854	9.17458
5.889736	-2.590656	9.931148
5.602431	-2.341659	10.754753
5.592855	-2.705578	11.166556
5.75566	-1.577067	11.377246
5.774814	-0.620939	11.262324
5.401318	0.507571	10.860098
4.711788	0.21069	10.189722
4.223371	0.076615	9.481038
3.936067	0.143652	8.705317
3.744531	0.095768	8.226476
3.457227	0.114922	7.881711
3.284844	0.603339	7.671022
3.438073	0.90022	7.364564
3.495534	-0.774168	7.153874
3.581725	-0.640093	6.847416
3.418919	-0.333635	6.512228
3.313575	-0.122945	6.301538
3.351882	-1.893102	6.148309
3.744531	-1.481299	6.397306
4.223371	-1.098227	6.550535
4.577713	-2.734308	6.665457
4.845864	-2.447004	6.722918
5.046977	-2.236314	6.828263
4.999093	-2.121393	7.000645
5.046977	-2.073509	7.364564
5.171475	-2.121393	7.757213
5.554547	-2.341659	8.331821
5.832275	-2.533195	8.657433
5.602431	-2.724732	8.829815
5.353434	-2.887537	8.896853
5.104437	-1.098227	8.90643
4.817133	-1.32807	8.839392
4.568136	-1.548337	8.944737
4.529829	-1.730296	9.155427
4.34787	-1.998447	9.327809
4.242525	-0.151676	9.509768
4.280832	-0.371942	9.490615
4.242525	-0.41025	9.35654
4.098873	-0.506018	9.318232
3.878606	-0.735861	9.203311
3.65834	-0.946551	9.097966
3.533841	0.881067	8.944737
3.466804	0.833183	8.868122
3.294421	0.881067	8.791508
3.246537	0.852336	8.705317
3.284844	0.814029	8.69574
3.275267	0.814029	8.571241
3.313575	0.794875	8.580818
3.284844	0.794875	8.561665
3.275267	0.861913	8.552088
3.265691	-0.994435	8.571241
3.256114	-0.946551	8.69574
3.418919	0.90022	8.628702
3.543418	0.766145	8.743624
3.572148	0.737415	8.877699
3.572148	0.699107	9.040505
3.457227	0.670377	9.251195
3.47638	0.593763	9.289502
3.466804	0.478841	9.318232
3.332728	0.459687	9.394847
3.275267	0.574609	9.404424
3.23696	0.689531	9.366116
3.294421	0.746991	9.327809
3.284844	0.852336	9.260772
3.303998	0.842759	9.193734
3.351882	0.90022	9.289502
3.438073	-0.927397	9.433154
3.438073	-0.936974	9.471461
3.418919	-0.984858	9.576806
3.399766	0.976835	9.586383
3.361459	-0.956128	9.59596
3.035847	-0.946551	9.308656
2.777273	-0.927397	9.088389
2.806004	0.967258	8.93516
3.045424	0.842759	8.877699
3.045424	0.679954	8.839392
2.911349	0.574609	8.762778
2.75812	0.42138	8.542511
2.729389	0.134076	8.379705
2.748543	0.047885	8.523357
2.738966	0.009576	8.638279
2.815581	0.067038	8.647856
2.844311	0.076614	8.561665
2.700659	0.076614	8.542511
2.643198	0.076614	8.465897
2.738966	0.028731	8.475473
2.825157	0.019154	8.494627
2.738966	0.057461	8.513781
2.834734	0.038308	8.69574
2.892195	0.067038	8.762778
2.834734	0.02873	8.916006
2.920926	0.086191	9.136273
2.930502	0.009576	9.299079
2.901772	0.038307	9.394847
2.777273	0.076614	9.461884
2.633621	0.057461	9.299079
2.5187	0.239421	9.14585
2.509123	0.411803	8.829815
2.528276	0.488418	8.743624
2.557007	0.497994	8.753201
2.681505	0.545878	8.753201
2.863465	0.536302	8.810662
2.863465	0.469264	8.916006
2.777273	0.248997	8.868122
2.643198	0.0	8.801085
2.614468	0.229843	8.877699
2.537853	0.325611	9.002198
2.5187	0.325611	9.126696
2.557007	0.383072	9.107543
2.461239	0.402225	9.097966
2.442085	0.450109	8.887276
2.327164	0.469263	8.72447
2.413355	0.565031	8.66701
2.5187	0.603338	8.686163
2.57616	0.651222	8.734047
2.729389	0.641646	8.714894
2.719813	0.603338	8.762778
2.652775	0.469263	8.90643
2.681505	0.335188	8.887276
2.643198	0.373495	9.002198
2.624045	0.373495	9.030928
2.633621	0.373495	9.126696
2.604891	0.440533	9.17458
2.537853	0.565031	9.155427
2.365471	0.660799	9.299079
2.30801	0.823605	9.375693
2.317587	0.881066	9.576806
2.33674	0.948103	9.710881
2.442085	1.072602	9.80665
2.480392	1.158793	9.892841
2.489969	1.369483	9.892841
2.193088	1.388636	9.682151
2.001552	1.474828	9.471461
1.88663	1.551442	9.375693
1.991975	1.656787	9.404424
2.135627	1.723825	9.366116
2.135627	1.762132	9.308656
2.039859	1.877054	9.289502
1.924938	1.867477	9.212887
1.781286	2.039859	9.050082
1.541865	2.442085	9.184157
1.522712	2.595314	9.260772
1.580173	2.585737	9.500192
1.695094	2.537853	9.576806
1.781286	2.461239	9.720458
2.059013	2.288856	9.844957
2.193088	2.106897	9.844957
1.953668	2.059013	9.854534
1.838746	1.963245	9.720458
1.924938	1.790862	9.768342
2.030283	1.580173	9.921571
2.145204	1.37906	9.940725
2.154781	1.264138	9.940725
2.279279	1.264138	9.959878
2.355894	1.40779	9.940725
2.193088	1.503558	9.83538
2.106897	1.40779	9.83538
2.126051	1.474828	9.787496
2.039859	1.714248	9.691728
1.82917	2.001552	9.62469
1.61848	2.298433	9.62469
1.580173	2.489969	9.538499
1.43652	2.806004	9.519345
1.158793	3.303998	9.318232
0.900219	3.907337	9.126696
0.794874	4.309562	8.983044
0.727837	4.568136	9.117119
0.699106	4.644751	9.17458
0.565031	4.711788	9.212887
0.411802	4.721365	9.184157
0.316034	4.845864	9.136273
0.191536	4.912901	9.136273
0.258573	4.874594	9.260772
0.392649	4.702212	9.394847
0.71826	4.424484	9.490615
0.948103	4.185064	9.643844
1.177947	4.089296	9.557653
1.321599	4.060566	9.538499
1.40779	3.974374	9.404424
1.321599	4.031835	9.212887
1.158793	4.13718	8.963891
0.986411	4.414907	8.791508
0.881066	4.663904	8.705317
0.775721	4.951209	8.446743
0.603338	5.209782	8.408436
0.383072	5.238513	8.044517
0.019153	5.161898	7.661445
0.411803	5.161898	7.048529
0.785299	5.315127	6.703764
0.90022	5.554547	6.301538
0.727838	5.851428	5.870582
0.641647	6.042964	5.832275
0.545878	6.119579	5.956773
0.402226	6.129156	6.167463
0.335189	6.110002	6.17704
0.296882	6.110002	6.138733
0.45011	6.081272	6.17704
0.536302	6.071695	6.186617
0.612916	6.138733	6.368576
0.478841	6.167463	6.646303
0.354342	6.263231	6.952761
0.277728	6.339845	7.268796
0.383073	6.502651	7.757213
0.02873	6.435614	7.785943
0.114922	6.454767	7.910442
0.114922	6.464344	8.025363
0.306458	6.473921	8.054094
0.39265	6.617573	8.00621
0.373496	6.809109	7.900865
0.526725	6.904877	7.900865
0.536302	7.10599	7.967903
0.574609	7.048529	7.862558
0.545878	7.115567	7.536946
0.651223	7.038952	7.220912
0.737415	6.952761	6.981492
0.785299	6.856993	6.761225
0.890644	6.962338	6.598419
0.890644	7.268796	6.397306
-0.984858	7.431601	6.301538
-0.879513	7.508216	6.224924
-0.764591	7.450755	6.119579
-0.601786	7.422025	6.157886
-0.630516	7.354987	6.20577
-0.802899	7.278373	6.253654
-0.994435	7.240065	6.263231
0.948104	6.952761	6.358999
0.995988	6.751648	6.426037
0.967258	6.560112	6.493074
0.861913	6.512228	6.675034
0.718261	6.531382	6.8953
0.555455	6.540958	7.287949
0.459687	6.579266	7.393294
0.478841	6.588842	7.460332
0.584186	6.588842	7.431601
0.766145	6.703764	7.335833
0.890644	6.856993	7.354987
0.814029	7.000645	7.374141
0.842759	7.173028	7.354987
0.852336	7.354987	7.144297
0.957681	7.489062	6.971915
0.967258	7.422025	6.722918
0.995988	7.163451	6.531382
-0.975281	6.847416	6.358999
-0.984858	6.713341	6.253654
-0.956128	6.713341	6.129156
-0.879513	6.856993	6.157886
-0.91782	7.067683	6.368576
0.976835	7.153874	6.521805
-0.984858	7.115567	6.694187
-0.956128	6.991068	6.780379
-0.975281	6.904877	6.761225
0.852336	6.818686	6.789955
0.804452	6.742071	6.933608
0.718261	6.598419	7.058106
0.584186	6.464344	7.211335
0.507571	6.38773	7.192181
0.517148	6.320692	7.173028
0.440534	6.320692	7.153874
0.440534	6.330269	7.038952
0.373496	6.397306	7.010222
0.39265	6.540958	6.962338
0.517148	6.588842	6.885723
0.612916	6.742071	6.694187
0.699107	6.761225	6.675034
0.737415	6.722918	6.598419
0.890644	6.722918	6.607996
-0.908244	6.713341	6.607996
-0.707131	6.789955	6.607996
-0.544325	6.952761	6.722918
-0.515594	7.086836	6.665457
-0.46771	7.10599	6.761225
-0.429403	7.038952	6.809109
-0.544325	6.933608	6.789955
-0.668823	6.789955	6.684611
-0.793322	6.684611	6.675034
-0.88909	6.62715	6.722918
0.948104	6.598419	6.818686
0.852336	6.521805	6.971915
0.756568	6.435614	7.10599
0.727838	6.406883	7.153874
0.823606	6.368576	7.268796
0.87149	6.301538	7.326257
0.995988	6.253654	7.307103
0.948104	6.291961	7.278373
0.995988	6.291961	7.393294
0.928951	6.282385	7.278373
0.919374	6.224924	7.31668
0.852336	6.119579	7.096413
0.881067	6.110002	7.048529
0.785299	6.100425	7.000645
0.976835	6.090849	6.952761
-0.841206	6.110002	6.971915
-0.774168	6.186617	7.220912
-0.802899	6.224924	7.412448
-0.88909	6.339845	7.565677
-0.879513	6.426037	7.747636
-0.841206	6.550535	7.872135
-0.812475	6.569689	8.073247
-0.812475	6.397306	8.255207
-0.898667	6.148309	8.236053
-0.984858	6.014234	8.197746
-0.927397	5.822698	8.236053
0.995988	5.880159	8.149862
0.919374	5.870582	8.015787
0.87149	5.841852	7.939172
0.881067	5.717353	7.785943
0.861913	5.506663	7.642291
0.804452	5.295974	7.498639
0.823606	5.075707	7.374141
0.833183	4.941632	7.192181
-0.956128	4.721365	6.971915
-0.956128	4.721365	6.876147
-0.994435	4.568136	6.732495
-0.822052	4.299986	6.540958
-0.515594	4.079719	6.368576
-0.324058	4.10845	6.38773
-0.122945	4.223371	6.531382
-0.237867	4.912901	6.770802
-0.726284	5.219359	6.952761
-0.898667	5.535394	7.374141
0.87149	5.784391	7.690175
0.6608	5.544971	7.747636
0.823606	5.765237	8.331821
0.852336	5.707776	8.121132
-0.936974	5.602431	8.350975
-0.850783	5.525817	8.619125
-0.88909	5.669469	8.839392
-0.994435	5.688623	9.050082
0.766145	5.717353	9.308656
0.766145	5.602431	9.318232
0.928951	5.640739	9.433154
0.976835	5.612008	9.366116
-0.812475	5.621585	9.270348
-0.659247	5.458779	9.136273
-0.716707	5.468356	9.078812
-0.793322	5.573701	8.753201
-0.841206	5.564124	8.676586
-0.764591	5.363011	8.590395
-0.668823	5.123591	8.494627
-0.745438	4.884171	8.255207
-0.735861	4.663904	8.063671
-0.659247	4.596867	7.785943
-0.774168	4.692635	7.76679
-0.822052	4.979939	7.738059
-0.88909	5.056553	8.00621
-0.831629	5.06613	8.197746
-0.802899	5.094861	8.322244
-0.812475	5.152321	8.542511
-0.831629	5.133168	8.72447
-0.831629	5.123591	8.887276
-0.88909	5.190629	9.260772
-0.927397	5.161898	9.346963
-0.879513	5.046977	9.490615
-0.6784	4.979939	9.481038
-0.755015	4.807556	9.481038
-0.774168	4.82671	9.471461
-0.802899	4.769249	9.38527
-0.735861	4.750096	9.251195
-0.563479	4.692635	9.14585
-0.582632	4.635174	9.069235
-0.573055	4.539406	8.877699
-0.620939	4.491522	8.858546
-0.630516	4.472368	8.743624
-0.620939	4.596867	8.647856
-0.496441	4.548983	8.561665
-0.515594	4.481945	8.494627
-0.544325	4.34787	8.341398
-0.592209	4.319139	8.408436
-0.659247	4.299986	8.312668
-0.64967	4.232948	8.350975
-0.774168	4.175487	8.341398
-0.793322	4.223371	8.293514
-0.802899	4.204218	8.207323
-0.831629	4.127603	8.236053
-0.869936	4.146757	8.24563
-0.86036	4.242525	8.283937
-0.831629	4.386177	8.169016
-0.697554	4.529829	8.044517
-0.659247	4.548983	8.044517
-0.640093	4.606443	8.130708
-0.630516	4.539406	8.140285
-0.620939	4.577713	8.082824
-0.544325	4.577713	8.159439
-0.525171	4.434061	8.178592
-0.582632	4.395754	8.2169
-0.726284	4.395754	8.331821
-0.64967	4.280832	8.341398
-0.659247	4.252102	8.427589
-0.755015	4.118026	8.504204
-0.745438	4.070142	8.48505
-0.831629	4.10845	8.513781
-0.841206	4.022258	8.542511
-0.822052	4.012681	8.504204
-0.841206	3.983951	8.66701
-0.802899	4.012681	8.714894
-0.812475	4.079719	8.753201
-0.850783	4.194641	8.734047
-0.774168	4.290409	8.714894
-0.697554	4.338293	8.743624
-0.687977	4.319139	8.714894
-0.6784	4.328716	8.743624
-0.668823	4.319139	8.753201
-0.716707	4.357447	8.676586
-0.640093	4.405331	8.599972
-0.64967	4.328716	8.542511
-0.563479	4.357447	8.504204
-0.496441	4.414907	8.590395
-0.506018	4.386177	8.542511
-0.582632	4.434061	8.571241
-0.620939	4.424484	8.590395
-0.6784	4.424484	8.45632
-0.620939	4.424484	8.370129
-0.640093	4.405331	8.350975
-0.640093	4.252102	8.293514
-0.640093	4.242525	8.236053
-0.668823	4.223371	8.331821
-0.802899	4.280832	8.331821
-0.726284	4.290409	8.437166
-0.735861	4.367023	8.532934
-0.64967	4.386177	8.437166
-0.659247	4.367023	8.322244
-0.64967	4.290409	8.312668
-0.91782	4.223371	8.331821
0.986412	4.146757	8.350975
0.967258	4.022258	8.446743
0.842759	3.993528	8.609549
0.766145	3.92649	8.647856
0.727838	3.811569	8.705317
0.641647	3.754108	8.801085
0.584186	3.821145	8.858546
0.593763	3.744531	8.858546
0.565032	3.65834	8.896853
0.584186	3.65834	8.992621
0.651223	3.552995	9.021351
0.804452	3.466804	9.088389
0.833183	3.47638	8.887276
-0.965704	3.505111	8.762778
-0.640093	3.572148	8.781931
-0.630516	3.648763	8.877699
-0.812475	4.022258	9.021351
0.842759	4.089296	9.117119
0.833183	4.060566	9.097966
0.90022	4.194641	9.088389
-0.975281	4.242525	8.638279
-0.496441	4.252102	8.082824
-0.170829	4.156334	8.00621
-0.055908	3.89776	7.833827
-0.266597	3.399766	9.117119
0.756568	2.987963	9.069235
0.622493	2.940079	9.14585
0.861913	2.901772	9.088389
0.756568	2.796427	8.963891
0.603339	2.528276	9.030928
0.469264	2.260126	9.232041
0.373496	1.896207	9.251195
0.363919	1.733402	9.212887
0.153229	1.723825	9.097966
0.0	1.742978	8.983044
0.181959	1.61848	8.93516
0.296881	1.455674	9.059659
0.373495	1.244984	9.069235
0.392649	1.1971	9.14585
0.354341	1.312022	9.346963
0.383072	1.398213	9.634267
0.335188	1.312022	9.62469
0.220266	1.264138	9.634267
0.287304	1.302445	9.528922
0.306457	1.541865	9.452308
0.220266	1.666364	9.701305
0.258573	1.762132	9.844957
0.229843	1.781286	10.113107
0.210689	1.838746	10.28549
0.181959	1.762132	10.093954
0.038307	1.867477	10.036493
0.019154	1.924938	9.969455
0.0	1.953668	9.988609
0.009577	2.011129	9.931148
0.019154	2.202665	10.026916
0.019154	2.394201	10.007762
0.009577	2.442085	9.911994
0.143653	2.327164	9.739612
0.153229	2.221819	9.519345
0.105345	2.126051	9.241618
0.047885	2.087743	9.059659
0.134076	2.001552	8.925583
0.086192	1.915361	9.069235
0.067038	1.752555	9.040505
0.009576	1.580173	9.203311
0.124498	1.350329	9.251195
0.134075	1.130063	9.289502
0.210689	0.986411	9.337386
0.287304	0.881066	9.423577
0.421379	0.679953	9.576806
0.450109	0.622492	9.682151
0.526724	0.497993	9.739612
0.584185	0.316034	9.653421
0.593762	0.181959	9.519345
0.574608	0.038307	9.461884
0.584185	0.019154	9.481038
0.584185	0.038308	9.557653
0.536301	0.124499	9.586383
0.603338	0.124499	9.672574
0.593762	0.047885	9.701305
0.612915	0.009576	9.672574
0.574608	0.153228	9.653421
0.488417	0.402225	9.825803
0.545877	0.536301	10.122684
0.497993	0.593762	10.141838
0.459686	0.536301	10.084377
0.325611	0.565031	9.969455
0.325611	0.574608	9.816226
0.23942	0.603338	9.538499
0.220266	0.565031	9.394847
0.210689	0.574608	9.222464
0.248996	0.555454	9.011775
0.277727	0.497993	8.93516
0.296881	0.306457	8.963891
0.373495	0.287304	9.011775
0.430956	0.134075	9.030928
0.612915	0.105345	9.289502
0.651222	0.172383	9.002198
0.574608	0.191537	9.232041
0.632069	0.162806	9.375693
0.71826	0.248997	9.548076
0.871489	0.354342	9.586383
0.852335	0.478841	9.873687
0.74699	0.641647	9.854534
0.670376	0.737415	9.787496
0.574608	0.804452	9.643844
0.488417	0.881067	9.586383
0.622492	0.90022	9.662997
0.814028	0.967258	9.672574
0.890643	0.976835	9.873687
0.948103	0.909797	9.969455
1.158793	0.833183	10.103531
1.034295	0.804452	10.0748
0.775721	0.737415	9.969455
0.497993	0.555455	9.873687
0.488417	0.287305	9.998186
0.497993	0.095769	10.036493
0.383072	0.18196	10.084377
0.248996	0.268151	9.892841
0.287304	0.296882	9.902418
0.47884	0.277728	9.758765
0.545877	0.42138	9.787496
0.574608	0.45011	9.777919
0.469263	0.497994	9.682151
0.421379	0.622493	9.576806
0.363918	0.775722	9.337386
0.47884	0.833183	9.289502
0.545877	0.861913	9.222464
0.574608	0.938528	9.14585
0.574608	-0.975281	9.126696
0.68953	-0.927397	9.184157
0.766144	-0.793322	9.193734
0.804451	-0.64967	9.193734
0.881066	-0.496441	9.308656
0.814028	-0.477287	9.279925
0.775721	-0.400673	9.299079
0.74699	-0.448557	9.308656
0.775721	-0.458134	9.394847
0.804451	-0.630516	9.509768
0.842758	-0.687977	9.605537
0.861912	-0.735861	9.710881
0.833182	-0.697554	9.634267
0.814028	-0.783745	9.730035
0.833182	-0.850783	9.768342
0.92895	-0.898667	9.739612
0.92895	-0.984858	9.701305
0.737414	0.919374	9.605537
0.545877	0.967258	9.38527
0.565031	0.967258	9.346963
0.708683	0.814029	9.279925
0.756567	0.766145	9.203311
0.708683	0.699107	9.126696
0.593762	0.63207	9.069235
0.497993	0.6608	9.050082
0.488417	0.603339	9.126696
0.50757	0.507571	9.346963
0.555454	0.497994	9.318232
0.545877	0.440534	9.308656
0.526724	0.440534	9.279925
0.641646	0.584186	9.35654
0.68953	0.814029	9.500192
0.804451	-0.975281	9.528922
0.919373	-0.831629	9.500192
0.92895	-0.716707	9.461884
0.900219	-0.640093	9.461884
0.890643	-0.601786	9.548076
0.986411	-0.601786	9.605537
1.072602	-0.592209	9.643844
1.034295	-0.515594	9.643844
0.92895	-0.573055	9.662997
1.091755	-0.735861	9.701305
1.082179	-0.802899	9.86411
0.909796	-0.879513	9.80665
0.794874	-0.936974	9.80665
0.775721	0.995988	9.797073
0.785298	0.881067	9.701305
0.814028	0.957681	9.816226
0.74699	0.852336	9.777919
0.785298	0.775722	9.80665
0.785298	0.727838	9.758765
0.737414	0.775722	9.586383
0.660799	0.842759	9.404424
0.526724	0.823606	9.279925
0.430956	0.87149	9.17458
0.50757	0.861913	9.165003
0.565031	0.833183	8.963891
0.632069	0.785299	9.030928
0.641646	0.881067	9.337386
0.794874	-0.936974	9.509768
0.794874	-0.774168	9.691728
0.900219	-0.831629	9.691728
0.890643	-0.965704	9.701305
0.861912	0.967258	9.662997
0.708683	0.928951	9.720458
0.651222	0.87149	9.586383
0.785298	0.814029	9.634267
0.861912	0.794875	9.567229
0.814028	0.794875	9.548076
0.68953	0.804452	9.548076
0.756567	0.737415	9.605537
0.814028	0.584186	9.672574
0.852335	0.565032	9.730035
0.814028	0.497994	9.86411
0.775721	0.459687	9.80665
0.68953	0.517148	9.739612
0.68953	0.526725	9.691728
0.737414	0.469264	9.710881
0.74699	0.603339	9.844957
0.708683	0.746991	9.777919
0.603338	0.861913	9.672574
0.555454	0.909797	9.519345
0.737414	0.995988	9.567229
0.900219	0.957681	9.548076
0.948103	0.976835	9.38527
0.699106	0.957681	9.375693
0.727837	0.909797	9.414
0.804451	-0.975281	9.528922
0.919373	-0.898667	9.481038
0.814028	-0.91782	9.481038
0.842758	-0.831629	9.404424
0.909796	-0.802899	9.394847
0.967257	-0.822052	9.394847
0.900219	-0.831629	9.557653
0.986411	-0.774168	9.557653
0.890643	-0.86036	9.605537
0.900219	-0.86036	9.605537
0.909796	-0.879513	9.576806
0.852335	-0.88909	9.576806
0.861912	-0.965704	9.605537
0.823605	0.986412	9.557653
0.852335	-0.956128	9.615113
0.871489	-0.88909	9.634267
0.861912	-0.697554	9.62469
0.861912	-0.687977	9.672574
0.871489	-0.687977	9.643844
1.005564	-0.687977	9.662997
1.015141	-0.755015	9.682151
0.881066	-0.898667	9.528922
0.775721	-0.984858	9.500192
0.881066	0.881067	9.481038
0.852335	0.909797	9.452308
0.881066	0.957681	9.38527
0.919373	-0.898667	9.327809
0.938527	-0.831629	9.222464
0.861912	-0.802899	9.17458
0.938527	-0.831629	9.136273
0.976834	-0.764591	9.212887
0.976834	-0.716707	9.251195
1.072602	-0.630516	9.078812
0.976834	-0.601786	9.126696
1.063025	-0.486864	9.097966
1.101332	-0.525171	9.165003
1.187524	-0.640093	9.433154
1.177947	-0.630516	9.375693
1.130063	-0.496441	9.442731
1.053448	-0.525171	9.423577
1.149216	-0.448557	9.548076
1.16837	-0.611363	9.509768
1.225831	-0.745438	9.615113
1.187524	-0.774168	9.538499
1.1971	-0.898667	9.538499
1.216254	-0.879513	9.557653
1.149216	-0.965704	9.576806
1.110909	0.928951	9.519345
1.206677	0.775722	9.538499
1.1971	0.651223	9.528922
1.149216	0.651223	9.519345
1.130063	0.766145	9.452308
1.082179	0.785299	9.327809
1.110909	0.718261	9.346963
1.216254	0.756568	9.17458
1.216254	0.756568	9.14585
1.216254	0.833183	9.078812
1.273715	0.909797	9.069235
1.302445	0.919374	8.963891
1.292868	0.957681	8.868122
1.149216	-0.869936	8.72447
1.034295	-0.879513	8.676586
1.091755	-0.946551	8.686163
1.283292	0.861913	8.791508
1.321599	0.756568	8.820238
1.331176	0.689531	8.848969
1.37906	0.689531	8.90643
1.359906	0.584186	8.887276
1.369483	0.536302	8.93516
1.359906	0.478841	8.963891
1.43652	0.45011	9.011775
1.398213	0.430957	9.088389
1.369483	0.440534	9.212887
1.388636	0.440534	9.165003
1.40779	0.488418	9.126696
1.43652	0.603339	9.107543
1.398213	0.689531	9.050082
1.43652	0.63207	8.983044
1.369483	0.584186	8.983044
1.312022	0.478841	8.801085
1.139639	0.258574	8.839392
1.053448	0.153229	8.820238
1.082179	0.0	8.734047
1.053448	0.0	8.820238
1.091755	0.076615	8.72447
1.158793	0.114922	8.714894
1.264138	0.248997	8.657433
1.225831	0.306458	8.72447
1.321599	0.229844	8.69574
1.235408	0.18196	8.839392
1.273715	0.105345	8.963891
1.340752	0.162806	9.088389
1.369483	0.258574	9.251195
1.493981	0.459687	9.337386
1.61848	0.670377	9.366116
1.532289	0.928951	9.308656
1.417367	-0.975281	9.959878
1.455674	-0.774168	10.28549
2.250549	0.957681	9.787496
1.714248	0.919374	9.222464
1.302445	-0.984858	9.088389
1.388636	0.861913	8.820238
1.331176	0.775722	8.877699
1.283292	0.63207	8.839392
1.1971	0.488418	8.983044
1.043871	0.402226	8.90643
0.842758	0.383073	8.580818
0.852335	0.536302	8.082824
0.794874	0.641647	7.757213
1.043871	0.804452	8.341398
1.149216	-0.965704	7.939172
1.158793	-0.716707	7.603984
1.340752	-0.582632	7.709329
1.388636	-0.879513	7.718906
1.16837	0.842759	7.757213
0.976834	0.651223	7.565677
0.766144	0.411803	7.709329
0.995987	0.21069	8.073247
0.890643	0.143652	7.709329
0.92895	0.354341	8.341398
0.641646	0.450109	8.504204
0.450109	0.766144	8.868122
0.02873	1.043871	8.93516
0.047885	1.216254	9.050082
0.21069	1.302445	8.954314
0.067038	1.177947	8.810662
0.134076	1.120486	8.580818
0.009577	0.986411	9.203311
0.114921	0.881066	9.107543
0.316034	0.536301	9.509768
0.306457	0.545877	8.983044
0.076614	0.497993	9.212887
0.105344	0.47884	9.165003
0.296881	0.373495	9.241618
0.047885	0.258573	8.580818
0.344765	0.23942	9.251195
0.383072	0.201112	8.513781
0.373495	0.201112	8.264784
0.028731	0.440533	8.762778
0.047885	0.210689	8.69574
0.067038	0.23942	8.925583
0.258574	0.086192	8.781931
0.344766	0.095769	8.45632
0.114922	0.057461	9.270348
0.086191	0.210689	8.714894
0.201113	0.450109	9.260772
0.383073	0.603338	9.38527
0.488418	0.74699	9.710881
0.679954	0.881066	9.825803
0.478841	1.120486	10.141838
0.804452	1.283292	10.31422
-0.745438	1.714248	10.534487
-0.812475	2.030283	10.76433
-0.611363	2.346317	10.793061
-0.391096	2.5187	10.965443
-0.352789	2.614468	11.128249
-0.458134	2.54743	10.965443
1.302445	1.369483	18.215086
-2.571503	0.497993	15.887922
3.035847	1.752555	10.639832
1.580173	0.335188	9.203311
0.737415	0.488417	12.239158
0.852336	0.497993	10.362104
-0.898667	1.187524	9.844957
-0.189983	0.92895	9.461884
-0.525171	1.063025	9.586383
-0.668823	1.16837	9.404424
0.574609	1.187524	9.749189
0.833183	0.497993	10.793061
-2.341659	0.871489	14.949395
1.350329	0.699107	13.062764
0.986412	0.335189	11.281478
0.766144	0.814028	10.304643
1.61848	0.948104	21.710621
0.823606	0.861912	6.62715
1.426944	2.09732	12.947842
0.526725	1.244984	8.983044
0.804452	1.944091	10.582371
0.641647	1.982398	9.308656
0.306458	1.331176	9.461884
0.220266	1.110909	9.873687
0.229844	0.814028	10.515333
0.05746	0.823605	9.777919
0.325611	0.890643	9.538499
0.335188	0.68953	9.222464
0.421379	0.775721	8.963891
0.565031	0.775721	9.232041
0.794874	0.71826	9.299079
0.909796	0.612915	9.433154
0.612915	0.450109	9.337386
0.526724	0.632069	9.394847
0.545877	0.708683	9.452308
0.402225	0.660799	9.481038
0.325611	0.660799	9.433154
0.277727	0.756567	9.423577
0.23942	0.95768	9.538499
0.172382	1.091755	9.662997
0.191536	1.158793	9.758765
0.162805	1.264138	9.634267
0.220266	1.264138	9.662997
0.287304	1.110909	9.720458
0.258573	0.890643	9.844957
0.344765	0.737414	9.768342
0.363918	0.641646	9.567229
0.421379	0.708683	9.165003
0.191536	0.488417	8.580818
0.316034	0.565031	8.082824
0.26815	1.426944	8.810662
0.507571	2.039859	12.038045
1.733402	0.344765	15.476119
0.316034	1.1971	2.978386
0.699106	1.388636	7.31668
1.091755	0.354341	12.210428
0.814028	0.469263	9.519345
0.172382	0.919373	9.634267
0.593762	1.675941	8.963891
0.335188	1.551442	9.002198
0.804451	0.469264	9.979032
0.277727	0.708684	9.490615
0.823605	0.220267	9.931148
0.469263	0.670377	11.319785
1.561019	-0.180406	7.13472
0.047884	-0.707131	7.374141
1.312022	0.05746	10.879252
0.632069	0.775721	8.341398
0.823605	1.16837	9.251195
0.670376	0.976834	11.587936
0.363919	1.053448	8.801085
0.076615	1.493981	8.092401
0.047885	1.819593	10.31422
0.287305	1.82917	9.844957
0.45011	2.231395	9.14585
0.39265	2.298433	10.266336
0.584186	2.279279	9.203311
0.603339	2.57616	9.222464
0.430957	2.528276	9.950302
0.507571	2.480392	9.662997
0.373496	2.269703	9.509768
0.019154	1.88663	9.672574
0.019153	1.771709	9.528922
0.105345	1.541865	9.519345
0.201113	1.321599	9.86411
0.239421	1.091755	9.519345
0.134076	1.082179	9.117119
0.143652	1.024718	9.203311
0.191536	1.110909	9.538499
0.181959	1.16837	9.615113
0.23942	1.264138	9.749189
0.143652	1.302445	9.62469
0.009576	1.225831	9.251195
0.076614	1.139639	9.375693
0.019153	1.1971	9.634267
0.086191	1.264138	9.615113
0.143652	1.321599	9.548076
0.162805	1.37906	9.557653
0.124498	1.340752	9.423577
0.229843	1.417367	9.366116
0.296881	1.503558	9.481038
0.181959	1.417367	9.653421
0.105344	1.312022	9.528922
0.076615	1.273715	9.461884
0.143653	1.388636	9.346963
0.134076	1.350329	9.528922
0.105345	1.484405	9.643844
0.057461	1.551442	9.548076
0.019153	1.628057	9.433154
0.105344	1.723825	9.394847
0.258573	1.819593	9.327809
0.201112	1.82917	9.423577
0.019154	1.695094	9.567229
0.162806	1.656787	9.605537
0.268151	1.64721	9.442731
0.162806	1.628057	9.308656
0.124499	1.666364	9.433154
0.124499	1.685517	9.567229
0.076615	1.752555	9.538499
0.172383	1.742978	9.414
0.191537	1.685517	9.433154
0.21069	1.733402	9.414
0.287305	1.752555	9.557653
0.373496	1.781286	9.481038
0.354342	1.915361	9.433154
0.277728	2.020706	9.471461
0.335189	2.154781	9.442731
0.325612	2.317587	9.452308
0.344766	2.317587	9.490615
0.440534	2.33674	9.500192
0.536302	2.451662	9.423577
0.545878	2.442085	9.500192
0.545878	2.422932	9.509768
0.536302	2.442085	9.538499
0.42138	2.288856	9.452308
0.363919	2.298433	9.442731
0.354342	2.231395	9.490615
0.287305	2.06859	9.461884
0.268151	2.020706	9.394847
0.229844	1.915361	9.404424
0.268151	1.82917	9.394847
0.248997	1.800439	9.490615
0.258574	1.800439	9.366116
0.21069	1.848323	9.38527
0.191537	1.896207	9.394847
0.153229	1.838746	9.471461
0.201113	1.915361	9.337386
0.201113	1.896207	9.423577
0.248997	1.924938	9.346963
0.229844	1.88663	9.394847
0.287305	1.982398	9.38527
0.268151	1.896207	9.433154
0.248997	1.982398	9.308656
0.258574	1.972822	9.366116
0.316035	1.991975	9.366116
0.287305	1.982398	9.394847
0.287305	2.001552	9.289502
0.325612	2.030283	9.346963
0.411803	1.991975	9.461884
0.42138	1.963245	9.308656
0.6608	2.135627	9.442731
0.785299	2.240972	9.14585
0.861913	2.671929	9.251195
0.976835	3.02627	9.634267
0.919374	3.217807	9.557653
-0.984858	3.562572	9.337386
-0.975281	3.907337	9.299079
0.938528	4.050989	9.490615
-0.946551	4.003105	9.394847
-0.936974	3.869029	9.423577
0.957681	3.620032	9.414
0.852336	3.390189	9.260772
0.833183	3.016694	9.404424
0.909797	2.806004	9.509768
-0.946551	2.537853	9.586383
0.881067	2.355894	9.308656
0.39265	2.327164	8.93516
0.354342	2.317587	9.17458
0.268151	2.126051	9.500192
0.220267	2.001552	9.490615
0.239421	1.88663	9.318232
0.21069	1.742978	9.184157
0.258574	1.714248	9.299079
0.306458	1.695094	9.442731
0.172383	1.723825	9.308656
0.047885	1.742978	9.299079
0.057461	1.771709	9.38527
0.134076	1.714248	9.490615
0.172383	1.819593	9.442731
0.239421	1.810016	9.35654
0.191537	1.896207	9.299079
0.21069	1.848323	9.471461
0.21069	1.771709	9.586383
0.21069	1.982398	9.471461
0.277728	2.202665	9.509768
0.306458	2.260126	9.461884
0.316035	2.327164	9.346963
0.354342	2.279279	9.375693
0.229844	2.327164	9.461884
0.287305	2.30801	9.461884
0.220267	2.202665	9.394847
0.316035	2.126051	9.538499
0.248997	1.924938	9.538499
0.239421	1.82917	9.490615
0.172383	1.685517	9.433154
0.201113	1.628057	9.538499
0.172383	1.503558	9.605537
0.086192	1.426944	9.567229
0.0	1.455674	9.519345
0.0	1.446097	9.433154
0.172383	1.551442	9.327809
0.727838	1.742978	9.490615
-0.936974	2.164358	9.672574
0.172383	1.771709	9.069235
0.277727	1.005564	9.270348
0.201112	1.206677	9.605537
0.019154	1.714248	9.62469
0.067038	1.589749	9.691728
0.057461	1.541865	9.528922
0.229844	1.589749	9.117119
0.239421	1.637633	9.270348
0.162806	1.723825	9.854534
0.095769	1.838746	9.691728
0.143653	1.82917	9.289502
0.201113	1.896207	9.471461
0.287305	1.896207	9.576806
0.354342	1.905784	9.548076
0.306458	2.049436	9.490615
0.325612	2.049436	9.538499
0.306458	2.164358	9.586383
0.316035	2.135627	9.653421
0.335189	2.106897	9.567229
0.335189	2.06859	9.500192
0.354342	2.09732	9.538499
0.39265	1.991975	9.605537
0.316035	2.001552	9.62469
0.287305	1.982398	9.548076
-1.768604	1.091755	7.738059
0.517148	0.545877	10.994174
4.223371	4.491522	7.393294
0.105344	3.763685	4.61602
-0.304905	3.074154	16.414646
5.181052	3.256114	6.033388
-1.500453	1.484405	6.138733
0.651223	1.656787	15.035586
0.019153	3.543418	15.131354
-0.88909	2.806004	8.599972
0.086192	3.265691	6.540958
0.411803	3.361459	6.789955
-0.783745	2.940079	9.557653
0.555455	2.940079	11.42513
0.028731	3.141192	9.270348
0.354342	3.418919	8.90643
-0.716707	0.890643	9.710881
-0.6784	0.679954	9.883264
-0.381519	0.814029	9.107543
-0.352789	0.124498	8.925583
-0.563479	1.561019	8.848969
0.593763	2.643198	9.117119
0.268151	2.978386	9.62469
0.067038	3.294421	10.065223
0.258574	2.920926	9.672574
0.153229	2.355894	9.816226
0.306458	1.963245	9.59596
0.21069	1.915361	9.241618
0.114921	1.177947	9.011775
2.078167	0.842759	10.869675
1.283292	2.135627	7.843404
1.522712	0.612915	8.983044
0.086192	0.354342	9.260772
0.507571	0.440534	10.304643
0.450109	0.402225	10.304643
0.536301	0.603338	9.691728
0.402225	0.172382	8.983044
0.05746	0.335189	9.414
0.785298	0.708684	9.892841
0.335188	0.641647	10.122684
0.296881	0.63207	9.62469
0.842758	0.986412	9.816226
1.139639	-0.764591	9.14585
1.455674	-0.285751	9.232041
1.446097	-0.266597	9.366116
1.64721	-0.266597	9.720458
1.771709	-0.19956	9.634267
1.675941	-0.218713	9.653421
1.953668	-0.257021	9.701305
2.394201	-0.247444	9.634267
1.426944	-0.994435	9.557653
1.474828	-0.975281	9.500192
1.082179	0.545878	9.270348
1.225831	0.335189	9.500192
1.110909	0.162806	9.375693
0.603338	0.153228	9.567229
0.814028	0.153228	9.481038
0.938527	0.114921	9.576806
0.95768	0.325611	9.548076
0.794874	0.794874	9.557653
0.814028	1.139639	9.59596
0.95768	1.16837	9.691728
0.71826	1.101332	9.672574
0.995987	0.612915	9.701305
0.450109	0.47884	9.500192
0.995987	0.191536	9.586383
1.101332	0.095768	8.283937
2.011129	1.340752	9.375693
0.172383	0.63207	14.87278
1.637633	0.095768	10.409988
0.210689	-0.592209	9.414
0.775721	-0.927397	9.14585
0.900219	0.63207	9.500192
1.024718	0.229844	9.615113
0.794874	0.009576	9.653421
0.593762	0.26815	9.605537
0.593762	0.47884	9.184157
0.47884	0.536301	8.90643
0.612915	0.727837	7.996633
1.005564	0.938527	7.929595
0.459686	0.756567	8.925583
0.383072	0.392649	9.634267
0.335188	0.363918	10.141838
0.440533	0.047885	10.007762
0.277727	0.679954	10.055646
0.258573	0.957681	9.62469
0.383072	0.976835	9.308656
0.411802	0.737415	9.289502
0.383072	0.373496	9.14585
0.430956	0.134076	9.14585
0.833182	0.143652	9.433154
1.312022	0.172383	9.950302
1.130063	0.402226	10.362104
0.74699	0.143653	10.208875
0.450109	0.143653	10.026916
0.191536	0.124498	9.959878
0.363918	0.392649	9.902418
0.344765	0.593762	9.940725
0.450109	0.699106	9.873687
0.430956	0.632069	10.026916
0.306457	0.526724	10.036493
0.201112	0.574608	9.80665
-0.6784	0.651222	9.241618
0.814028	0.411802	9.327809
0.641646	0.603338	9.787496
0.306457	0.488417	9.232041
0.459686	0.430956	9.38527
0.651222	0.421379	9.921571
0.603338	0.392649	9.988609
1.216254	0.296881	10.429142
1.522712	0.411802	10.544064
1.484405	0.325611	10.754753
1.283292	0.373495	10.812214
1.130063	0.47884	10.400412
0.651222	0.737414	10.132261
0.23942	0.967257	9.634267
0.153229	0.995987	9.710881
0.172383	1.024718	9.86411
0.05746	0.976834	9.481038
0.316034	1.244984	6.41646
0.067038	2.020706	2.451662
0.21069	2.355894	1.244984
0.02873	1.532289	1.61848
0.354341	0.74699	1.991975
0.976834	0.316034	1.972822
0.775722	0.526724	2.327164
-0.640093	-0.841206	24.344242
-0.362366	-3.690437	42.128372
-2.418274	-1.193995	13.187262
2.652775	2.681505	7.354987
1.1971	0.622492	1.034295
0.26815	0.469263	3.457227
0.775721	0.287305	7.785943
2.461239	0.086192	6.033388
0.181959	1.446097	8.69574
0.919374	0.967258	23.616405
0.909796	1.015141	13.359645
0.134075	0.488417	4.16591
0.277727	0.440533	2.834734
1.244984	1.158793	6.761225
0.335188	0.785298	8.772354
0.842759	0.603339	12.488155
0.670376	0.373496	16.069881
1.628057	1.599326	10.97502
0.363918	0.948103	6.675034
0.679953	0.181959	7.872135
0.047884	0.287305	8.743624
0.689531	0.68953	9.59596
0.363918	0.861912	11.836933
1.350329	0.536301	11.00375
0.71826	0.316034	9.538499
0.287304	0.162805	9.17458
0.162805	0.162805	8.839392
0.02873	0.603338	8.762778
0.287304	0.976834	9.35654
0.574608	0.526724	9.86411
0.517147	0.162805	10.093954
0.430956	0.172382	10.170568
0.402225	0.296881	9.883264
0.373495	0.536301	9.327809
0.411802	0.632069	9.069235
0.354341	0.402225	9.241618
0.316034	0.325611	9.538499
0.430956	0.383072	9.80665
0.488417	0.430956	9.80665
0.50757	0.469263	9.80665
0.526724	0.421379	9.605537
0.430956	0.325611	9.528922
0.411802	0.402225	9.461884
0.450109	0.555454	9.461884
0.517147	0.50757	9.519345
0.517147	0.497993	9.682151
0.545877	0.469263	9.758765
0.488417	0.421379	9.710881
0.469263	0.47884	9.586383
0.47884	0.545877	9.548076
0.497993	0.536301	9.538499
0.440533	0.459686	9.567229
0.488417	0.402225	9.662997
0.459686	0.421379	9.653421
0.469263	0.469263	9.62469
0.517147	0.440533	9.586383
0.517147	0.440533	9.586383
0.450109	0.421379	9.528922
0.469263	0.450109	9.519345
0.450109	0.440533	9.576806
0.459686	0.430956	9.586383
0.488417	0.373495	9.605537
0.402225	0.383072	9.662997
0.411802	0.363918	9.567229
0.392649	0.411802	9.615113
0.402225	0.421379	9.59596
0.430956	0.383072	9.557653
0.392649	0.373495	9.528922
0.363918	0.411802	9.653421
0.335188	0.411802	9.62469
0.440533	0.421379	9.62469
0.421379	0.450109	9.567229
0.430956	0.440533	9.615113
0.450109	0.430956	9.538499
0.411802	0.469263	9.615113
0.411802	0.469263	9.557653
0.402225	0.440533	9.59596
0.430956	0.440533	9.576806
0.459686	0.440533	9.615113
0.450109	0.47884	9.634267
0.469263	0.430956	9.586383
0.488417	0.497993	9.538499
0.469263	0.488417	9.615113
0.469263	0.459686	9.605537
0.440533	0.450109	9.62469
0.459686	0.47884	9.548076
0.488417	0.47884	9.557653
0.459686	0.421379	9.662997
0.450109	0.430956	9.59596
0.47884	0.421379	9.567229
0.469263	0.497993	9.576806
0.450109	0.450109	9.634267
0.497993	0.450109	9.59596
0.497993	0.450109	9.672574
0.47884	0.450109	9.548076
0.459686	0.440533	9.634267
0.459686	0.430956	9.643844
0.450109	0.402225	9.586383
0.47884	0.92895	6.129156
0.727837	0.909796	8.437166
0.354341	0.143653	11.731588
0.248996	0.162805	10.055646
0.660799	0.651222	9.615113
1.053448	0.986411	9.797073
0.995987	0.919373	10.237606
1.082179	0.134075	9.394847
0.804451	0.584185	9.327809
0.172382	0.450109	8.90643
0.019153	0.421379	10.28549
0.057461	0.47884	10.52491
0.009577	0.612915	10.113107
0.028731	0.383072	9.35654
0.26815	0.220266	9.165003
0.440533	0.009577	9.452308
0.526724	0.287305	9.605537
0.622492	0.095769	9.768342
0.335188	0.201112	9.643844
0.450109	0.402225	9.662997
0.450109	0.086191	9.126696
0.392649	0.23942	9.38527
0.430956	0.50757	9.749189
0.50757	0.593762	9.701305
0.545877	0.459686	9.62469
0.517147	0.383072	9.509768
0.411802	0.373495	9.442731
0.430956	0.536301	9.605537
0.440533	0.699106	9.720458
0.497993	0.775721	9.83538
0.545877	0.775721	9.787496
0.383072	0.641646	9.423577
0.421379	0.536301	9.500192
0.363918	0.287304	9.911994
0.248996	0.047885	10.103531
0.344765	0.354342	9.509768
0.124498	0.21069	10.601524
0.430957	0.622492	8.66701
0.143653	0.574608	10.026916
1.082179	0.574609	9.117119
1.599326	0.574608	9.117119
0.976834	0.938527	8.887276
0.134075	0.584185	8.925583
0.258573	0.50757	9.682151
0.335188	0.277727	10.084377
0.517147	0.229843	9.83538
0.584185	0.383072	9.749189
0.50757	0.536301	9.548076
0.421379	0.469263	9.394847
0.411802	0.392649	9.461884
0.316034	0.383072	9.509768
0.402225	0.450109	9.548076
0.526724	0.497993	9.653421
0.517147	0.497993	9.691728
0.459686	0.383072	9.672574
0.363918	0.363918	9.634267
0.344765	0.469263	9.548076
0.402225	0.526724	9.538499
0.450109	0.497993	9.576806
0.459686	0.450109	9.538499
0.430956	0.440533	9.643844
0.421379	0.392649	9.682151
0.421379	0.421379	9.643844
0.450109	0.47884	9.519345
0.430956	0.421379	9.528922
0.47884	0.450109	9.586383
0.488417	0.440533	9.634267
0.47884	0.450109	9.62469
0.469263	0.469263	9.62469
0.469263	0.402225	9.634267
0.50757	0.430956	9.567229
0.497993	0.459686	9.576806
0.497993	0.440533	9.576806
0.47884	0.430956	9.576806
0.488417	0.469263	9.643844
0.450109	0.421379	9.653421
0.430956	0.392649	9.576806
0.47884	0.459686	9.653421
0.469263	0.383072	9.586383
0.459686	0.450109	9.576806
0.450109	0.421379	9.62469
0.440533	0.421379	9.548076
0.450109	0.450109	9.567229
0.440533	0.450109	9.59596
0.450109	0.402225	9.567229
0.450109	0.402225	9.567229
0.430956	0.469263	9.605537
0.450109	0.402225	9.576806
0.402225	0.402225	9.538499
0.383072	0.392649	9.605537
0.430956	0.47884	9.634267
0.411802	0.421379	9.62469
0.411802	0.383072	9.576806
0.459686	0.430956	9.59596
0.402225	0.430956	9.605537
0.430956	0.421379	9.548076
0.450109	0.430956	9.586383
0.488417	0.421379	9.62469
0.440533	0.440533	9.576806
0.450109	0.402225	9.662997
0.450109	0.421379	9.586383
0.555454	0.354341	8.916006
0.775721	0.469263	6.722918
1.158793	0.411803	10.28549
0.804451	0.861913	11.817779
0.976834	0.258574	10.783484
1.312022	0.134076	10.687716
0.919373	0.21069	10.026916
0.335188	0.268151	10.342951
0.134075	0.047884	9.902418
0.459686	0.373495	9.184157
0.737414	0.143652	9.279925
0.373495	0.248997	9.433154
0.45011	-0.19956	9.366116
0.220267	-0.237867	8.983044
0.469264	-0.075061	8.015787
0.019153	-0.640093	7.977479
0.986411	0.009576	9.155427
0.92895	1.101332	8.638279
1.302445	1.216254	7.498639
1.273715	1.426944	7.642291
1.187524	2.039859	8.121132
1.656787	2.528276	15.08347
1.915361	1.321599	12.047622
0.201112	1.340752	7.996633
2.250549	0.335188	9.442731
0.05746	0.258573	10.534487
0.335188	1.359906	9.586383
0.143652	2.087743	9.911994
0.746991	2.154781	9.911994
0.6608	2.039859	9.883264
0.6608	1.493981	9.921571
0.335189	1.1971	10.275913
0.258574	0.814028	10.429142
0.641647	0.641646	10.093954
0.641647	0.670376	9.318232
0.086191	0.565031	7.240065
0.488417	1.034295	9.088389
0.047884	0.536301	10.237606
0.143653	0.411802	9.337386
0.459686	0.68953	9.270348
0.545877	0.134075	10.429142
0.047885	0.191537	10.084377
0.344766	0.325612	9.184157
0.05746	0.45011	9.299079
0.306457	0.87149	10.266336
0.641646	0.909797	10.323797
2.039859	-0.774168	10.793061
1.264138	0.402226	12.38281
-1.605798	-0.822052	12.315773
-1.08865	-0.908244	12.421118
3.217807	0.114922	15.667655
4.912901	1.110909	15.907075
4.865017	1.905784	15.849614
4.10845	1.781286	15.887922
3.112462	1.503558	15.763423
2.806004	1.015141	15.093047
2.499546	0.95768	14.202404
2.106897	1.40779	13.455413
1.877054	2.327164	12.909535
1.580173	3.064578	12.35408
1.1971	3.648763	11.607089
0.430956	4.194641	10.984597
0.047884	5.48751	10.084377
0.086192	6.588842	9.346963
-0.88909	7.048529	9.270348
-1.452569	7.10599	9.117119
-1.519607	6.799532	9.193734
-0.151676	6.244077	9.567229
-0.812475	5.765237	10.189722
0.679954	5.497087	10.831368
0.258574	5.525817	11.099518
0.067037	5.669469	11.319785
0.316034	5.899312	11.444283
0.450109	6.090849	11.683704
0.536301	6.129156	12.11466
1.034295	4.242525	6.8953
0.459686	6.569689	13.742717
0.50757	6.722918	12.162544
0.306457	6.991068	11.69328
0.047885	6.818686	11.626243
0.411803	6.339845	11.511321
0.823606	5.928043	11.204863
-0.946551	5.698199	10.419565
-0.544325	5.736507	9.825803
-0.122945	5.832275	9.222464
-1.816488	5.861005	8.820238
-1.634528	5.832275	8.331821
-1.624951	5.410895	7.785943
-1.691989	5.008669	7.125144
-1.318494	4.730942	6.196193
-2.791769	4.434061	5.286397
-2.456581	4.261678	4.61602
-2.284199	4.146757	4.022258
-2.427851	4.16591	3.830722
-2.571503	4.328716	3.600879
-2.667271	4.501099	3.677493
-2.734308	4.596867	3.572148
-2.619387	4.434061	3.744531
-2.37039	3.92649	3.964797
-3.70959	3.141192	3.916913
-3.479747	3.007117	3.342305
-3.728744	2.317587	2.020706
-3.642552	2.202665	2.413355
-2.360813	2.5187	2.489969
-1.203572	2.901772	1.64721
-1.548337	3.677493	2.09732
-0.027177	4.252102	1.695094
-1.806911	4.82671	1.637633
-1.452569	5.343858	1.666364
-1.423839	6.464344	1.541865
-1.318494	7.546523	1.37906
-2.84923	8.092401	1.503558
-2.590656	8.303091	1.704671
-2.514042	8.03494	1.838746
-2.628964	7.900865	2.135627
-2.983305	7.987056	2.422932
-1.107804	8.236053	2.557007
-1.040766	8.580818	2.691082
-1.203572	8.72447	2.892195
-1.624951	8.772354	2.78685
-0.122945	8.66701	2.633621
-0.075061	8.734047	2.317587
-1.663259	8.868122	2.413355
-2.925845	8.772354	2.662352
-2.571503	8.494627	2.930502
-2.619387	8.044517	3.438073
-2.954575	7.374141	4.050989
-1.203572	6.770802	4.424484
-1.500453	6.569689	4.175487
-1.672835	6.885723	3.275267
-1.979293	7.776366	2.250549
-1.711143	8.322244	1.733402
-1.280186	8.427589	1.570596
-1.08865	8.322244	1.254561
-2.992882	8.149862	1.034295
-1.069497	7.977479	0.976834
-1.462146	7.872135	1.16837
-0.046331	7.977479	1.714248
-0.88909	8.418013	2.116474
0.373496	8.542511	2.671929
0.268151	8.561665	3.035847
0.143653	8.762778	3.20823
0.488418	8.657433	3.246537
0.574609	8.877699	3.246537
0.976835	9.260772	3.055001
-0.716707	9.701305	3.02627
-0.553902	10.333374	2.777273
-0.6784	10.639832	2.873041
-0.544325	9.931148	2.806004
-1.806911	7.747636	2.624045
0.344766	7.575254	2.959233
0.632069	8.169016	3.773261
0.660799	8.992621	3.620032
0.526724	9.414	3.68707
0.881066	8.571241	3.7158
1.206677	7.651868	3.629609
1.312022	7.307103	3.811569
0.995987	6.598419	2.691082
0.842758	6.157886	1.944091
0.296881	6.809109	2.911349
0.804451	7.000645	2.911349
1.340752	6.818686	3.485957
1.905784	6.617573	3.47638
2.422932	6.406883	3.878606
2.413355	6.435614	3.964797
2.413355	6.62715	3.983951
2.470816	6.684611	4.156334
2.604891	6.502651	4.558559
2.863465	6.301538	5.267243
3.323151	6.138733	5.956773
3.859453	6.215347	6.569689
4.223371	6.282385	6.86657
4.319139	6.244077	6.991068
4.242525	6.272808	7.058106
4.098873	6.272808	7.153874
4.060566	6.224924	7.201758
4.194641	6.253654	7.048529
4.261678	6.148309	7.058106
4.414907	5.707776	6.971915
4.510675	5.497087	6.818686
4.644751	5.27682	6.636727
4.807556	5.085284	6.598419
4.989516	4.750096	6.550535
5.123591	4.395754	6.406883
5.228936	4.16591	6.129156
5.267243	3.639186	6.090849
5.659892	3.418919	6.033388
6.081272	3.217807	6.023811
6.071695	3.035847	5.841852
5.841852	2.691082	5.679046
5.765237	2.173935	5.592855
5.956773	1.88663	5.659892
6.311115	1.656787	5.870582
6.914454	1.43652	6.263231
7.450755	1.302445	6.742071
7.738059	1.321599	7.096413
7.843404	1.216254	7.307103
7.785943	1.264138	7.431601
7.709329	1.216254	7.632714
7.699752	1.130063	7.776366
7.747636	1.082179	7.776366
7.603984	1.091755	7.728482
7.5561	1.187524	7.575254
7.489062	1.331176	7.422025
7.469909	1.465251	7.259219
7.163451	1.455674	7.029376
6.914454	1.312022	6.818686
6.62715	0.909796	6.569689
6.493074	0.50757	6.157886
6.65588	0.344765	5.822698
7.000645	0.316034	5.822698
7.240065	0.191536	5.889736
7.34541	0.038307	5.822698
7.422025	0.354342	5.841852
7.422025	-0.956128	5.832275
7.76679	-0.429403	6.157886
8.446743	-0.180406	6.44519
8.963891	-0.324058	6.856993
9.002198	-0.697554	7.182604
8.676586	-0.506018	7.632714
8.628702	-0.122945	8.063671
8.90643	-1.998447	8.446743
9.14585	-1.835641	8.647856
9.232041	-1.835641	8.72447
9.040505	-1.739873	8.532934
8.66701	-1.586644	8.255207
8.130708	-1.500453	7.948749
7.632714	-1.529183	7.776366
7.364564	-1.672835	7.498639
7.096413	-1.653682	7.067683
6.665457	-1.557914	6.636727
6.397306	-1.280186	6.215347
6.464344	-2.925845	5.75566
6.617573	-2.561926	5.363011
6.837839	-2.217161	5.104437
6.924031	-3.901126	4.865017
6.780379	-3.824512	4.481945
6.65588	-3.872396	4.242525
6.550535	-3.939433	4.060566
6.502651	-3.814935	3.811569
6.569689	-3.757474	3.466804
6.569689	-3.68086	3.217807
6.301538	-3.451016	2.806004
6.023811	-3.202019	2.327164
5.841852	-3.192443	2.327164
5.698199	-3.297787	2.327164
5.650315	-3.326518	2.442085
5.631162	-3.192443	2.5187
5.736507	-4.924292	2.57616
6.033388	-4.656141	2.691082
6.282385	-4.378414	2.930502
6.521805	-4.158147	3.102885
6.65588	-4.11984	3.20823
6.512228	-4.186878	3.275267
6.311115	-4.158147	3.064578
6.129156	-4.215608	3.045424
5.928043	-4.234762	3.083731
5.851428	-4.225185	3.093308
5.736507	-5.985765	3.141192
5.899312	-5.755922	3.332728
6.014234	-5.554809	3.265691
6.119579	-5.516501	3.390189
6.119579	-5.593116	3.495534
6.100425	-5.66973	3.524264
5.985504	-5.573962	3.572148
5.793968	-5.363272	3.457227
5.631162	-5.104699	3.342305
5.401318	-6.95147	3.141192
5.200206	-6.999354	2.940079
4.989516	-5.143006	2.825157
4.865017	-5.286658	2.853888
4.884171	-5.143006	2.901772
4.82671	-6.941893	2.844311
4.711788	-6.673742	2.815581
4.61602	-6.482206	2.691082
4.558559	-6.443899	2.652775
4.635174	-6.549244	2.652775
4.769249	-6.635435	2.700659
4.989516	-6.616282	2.729389
5.209782	-6.558821	2.825157
5.401318	-6.396015	2.920926
5.535394	-6.376861	3.055001
5.640739	-6.376861	3.313575
5.698199	-6.424745	3.428496
5.880159	-6.53009	3.667916
5.99508	-6.817395	4.022258
6.138733	-5.324965	4.424484
6.224924	-5.985765	4.836287
6.397306	-4.349684	5.219359
6.742071	-4.742333	5.621585
7.115567	-4.962599	6.234501
7.31668	-4.847678	6.703764
7.163451	-4.474182	6.751648
6.761225	-5.708038	6.531382
6.378153	-6.750357	5.928043
6.148309	-7.524526	5.200206
5.947196	-7.026532	4.481945
5.880159	-8.767958	3.744531
5.707776	-8.643459	3.055001
5.209782	-8.518961	2.5187
4.548983	-8.384886	1.944091
3.916913	-8.145465	1.331176
3.514688	-8.001813	0.95768
3.23696	-8.126312	0.612915
3.016694	-8.337002	0.497993
3.141192	-8.777535	0.450109
3.064578	-7.093569	0.383072
2.911349	-7.218068	0.450109
2.815581	-7.313836	0.354341
2.834734	-7.428758	0.469263
2.729389	-7.792676	0.612915
2.719813	-6.137441	1.034295
2.882618	-6.539667	1.273715
3.20823	-6.846125	1.532289
3.581725	-6.989777	1.934514
3.792415	-6.932316	2.030283
3.696647	-6.731203	2.145204
3.485957	-6.491783	2.001552
3.399766	-6.185325	2.011129
3.869029	-6.108711	1.982398
4.280832	-6.089557	1.848323
4.539406	-6.032096	1.589749
4.424484	-7.773523	1.417367
4.290409	-7.438334	1.053448
4.050989	-7.208491	0.814028
3.667916	-8.767958	0.402225
3.227383	-9.963506	0.134075
2.844311	-9.580434	0.354342
2.652775	-9.264399	0.593763
1.733402	-10.718521	0.555454
0.63207	-10.038568	0.995987
1.838746	-10.402487	-0.975281
3.466804	-10.565292	-0.094215
2.853888	-10.469524	-0.573055
1.8579	-10.536562	0.612916
1.599326	-10.862173	0.268151
1.771709	-9.312283	0.076614
2.221819	-8.107158	0.325611
2.614468	-8.748804	0.172383
2.777273	-9.934776	1.369483
2.260126	-8.585999	1.225831
1.82917	-8.834996	1.503558
1.781286	-7.419181	1.608903
1.532289	-6.032096	1.972822
1.331176	-6.587551	2.566584
1.312022	-6.9802	2.99754
1.283292	-5.363272	3.303998
1.187524	-5.755922	3.859453
1.1971	-4.09111	4.434061
1.398213	-4.704025	4.568136
1.771709	-3.058367	4.58729
1.723825	-4.512489	4.778826
1.177947	-5.257928	3.811569
2.566584	-5.775075	6.789955
2.96881	-5.286658	6.540958
2.059013	-6.405592	6.761225
0.593762	-6.472629	6.540958
0.019154	-6.357708	6.588842
0.02873	-7.984212	6.991068
0.900219	-7.735215	7.833827
1.043871	-7.763946	7.891288
1.273715	-6.070404	8.714894
1.101332	-6.74078	9.251195
0.995987	-5.334542	9.653421
0.766144	-5.775075	10.333374
0.584185	-4.043226	10.802637
0.430956	-4.11984	10.97502
0.450109	-4.502912	11.300631
0.50757	-3.134982	11.645396
0.316034	-3.757474	12.133814
0.296881	-2.379967	12.191274
0.430956	-2.514042	12.421118
0.497993	-2.236314	12.287042
0.47884	-3.288211	12.220005
0.296881	-4.455028	12.181698
1.043871	-4.071956	11.18571
1.130063	-5.688884	11.329362
0.919373	-5.478194	10.515333
0.775721	-5.267504	10.419565
1.120486	-5.19089	10.228029
1.331176	-6.664166	10.170568
1.187524	-6.539667	9.921571
1.742978	-6.759934	9.892841
1.810016	-5.842113	9.634267
1.091755	-3.067944	9.921571
0.71826	-3.585092	9.251195
0.909796	-2.073509	10.228029
0.967257	-2.705578	9.758765
0.756567	-1.442992	10.007762
0.47884	-1.586644	9.279925
0.392649	-0.304905	8.552088
0.536301	0.459687	7.79552
0.335189	0.181959	8.48505
0.622493	0.766144	8.03494
0.909797	0.938527	8.207323
0.612916	1.350329	7.833827
0.976835	1.771709	8.341398
0.804452	1.762132	8.111555
0.909797	2.221819	8.188169
0.995988	2.432508	8.829815
0.651223	2.738966	8.647856
0.651223	2.777273	8.504204
0.469264	2.748543	8.331821
0.114921	2.470816	8.092401
0.402226	2.489969	8.197746
0.469264	2.212242	8.226476
0.134076	2.173935	8.303091
0.18196	1.838746	8.169016
0.095769	2.059013	8.159439
0.124498	2.633621	7.987056
0.038307	2.911349	8.015787
0.296882	2.528276	7.833827
-0.64967	2.250549	7.192181
-0.22829	2.049436	6.550535
-0.036754	2.33674	5.851428
-1.902679	3.418919	5.525817
-1.816488	4.443638	5.391742
-1.222726	5.056553	5.315127
-2.8205	5.286397	5.24809
-2.667271	5.401318	5.133168
-2.447004	5.784391	5.363011
-2.39912	5.908889	5.497087
-2.514042	6.129156	5.75566
-2.494888	6.224924	5.99508
-2.628964	6.253654	6.330269
-2.801346	6.157886	6.742071
-1.136534	5.975927	6.962338
-1.165265	5.928043	6.971915
-1.050343	5.918466	7.278373
-1.251456	5.918466	7.5561
-1.433415	5.880159	7.5561
-1.634528	5.880159	7.565677
-1.701566	5.841852	7.594407
-1.634528	5.880159	7.699752
-1.806911	5.832275	7.728482
-1.98887	5.880159	7.632714
-1.893102	5.880159	7.58483
-1.672835	5.841852	7.182604
-1.529183	5.822698	6.876147
-1.557914	5.832275	6.512228
-1.462146	5.765237	6.100425
-1.32807	5.784391	5.669469
-1.021613	6.100425	5.200206
-2.782192	6.454767	4.960785
-2.63854	6.818686	4.79798
-2.466158	7.096413	4.683058
-2.379967	7.431601	4.501099
-2.293775	7.623138	4.654328
-2.265045	7.680598	4.654328
-2.245891	7.651868	4.817133
-2.198007	7.718906	4.663904
-2.1597	7.79552	4.568136
-3.901126	7.920019	4.548983
-2.226738	7.211335	3.830722
-2.39912	7.402871	4.328716
-2.303352	7.431601	4.405331
-2.485311	7.450755	4.405331
-2.676848	7.508216	4.692635
-2.973729	7.52737	5.114014
-1.433415	7.498639	5.372588
-1.711143	7.450755	5.458779
-1.548337	7.34541	5.382165
-1.567491	6.971915	5.286397
-1.519607	6.751648	5.343858
-1.433415	6.464344	5.267243
-1.471723	6.148309	5.27682
-1.347224	6.157886	5.27682
-1.500453	6.483498	5.075707
-2.906691	6.253654	4.721365
-2.763039	6.483498	4.893748
-2.8205	6.770802	5.008669
-1.031189	7.278373	5.075707
-1.002459	7.34541	5.286397
-2.763039	7.125144	5.267243
-2.705578	7.000645	5.391742
-2.686424	6.962338	5.506663
-2.753462	7.163451	6.014234
-1.031189	7.182604	6.17704
-2.992882	7.374141	6.167463
-1.126958	7.335833	6.234501
-2.992882	7.307103	6.464344
-2.992882	7.13472	6.291961
-2.944998	7.125144	6.349422
-1.050343	7.048529	6.397306
-1.107804	6.856993	6.330269
-1.203572	6.856993	6.330269
-1.337647	6.981492	6.090849
-1.251456	7.029376	5.707776
-2.925845	7.211335	5.669469
-2.763039	7.326257	5.669469
-2.772616	7.374141	5.612008
-2.84923	7.431601	5.746083
-2.916268	7.393294	5.822698
-2.992882	7.402871	5.813121
-2.954575	7.354987	5.75566
-2.887537	7.364564	5.861005
-2.935421	7.402871	5.928043
-2.954575	7.441178	5.985504
-2.935421	7.718906	6.330269
-2.973729	8.00621	6.502651
-1.012036	8.408436	6.761225
-2.992882	8.638279	6.8953
-2.916268	8.714894	6.971915
-2.705578	8.753201	7.000645
-2.58108	8.781931	6.962338
-2.571503	9.050082	6.856993
-2.437427	9.193734	6.847416
-2.466158	9.222464	6.856993
-2.657694	9.17458	6.981492
-2.916268	8.848969	7.010222
-1.289763	8.465897	6.981492
-1.500453	8.322244	7.029376
-1.682412	7.987056	6.86657
-1.873948	7.757213	6.751648
-0.036754	7.642291	6.665457
-0.084638	7.5561	6.301538
-0.027177	7.671022	6.148309
-1.902679	7.642291	5.841852
-1.806911	7.565677	5.688623
-1.691989	7.58483	5.228936
-1.624951	7.613561	4.960785
-1.395108	7.651868	4.481945
-1.117381	7.900865	4.223371
-2.858807	8.178592	3.916913
-2.705578	8.446743	3.696647
-2.561926	8.580818	3.485957
-2.39912	8.590395	3.294421
-2.293775	8.638279	3.02627
-2.255468	8.657433	3.055001
-2.217161	8.714894	2.959233
-2.351236	9.117119	3.141192
-2.437427	9.318232	3.323151
-2.494888	9.557653	3.495534
-2.523619	9.797073	3.524264
-2.619387	9.902418	3.591302
-2.648117	9.691728	3.514688
-2.63854	9.461884	3.275267
-2.667271	9.14585	3.169922
-2.753462	9.17458	3.23696
-2.8205	9.337386	3.169922
-2.8205	9.538499	3.169922
-2.628964	9.519345	3.02627
-2.571503	9.107543	2.911349
-2.667271	8.887276	2.796427
-2.619387	8.590395	2.911349
-2.60981	8.350975	2.834734
-2.514042	8.236053	2.78685
-2.303352	8.207323	2.643198
-2.18843	8.073247	2.662352
-3.94901	7.785943	2.614468
-3.824512	7.671022	2.662352
-3.958587	7.603984	2.57616
-2.169277	7.498639	2.470816
-2.1597	7.393294	2.585737
-2.312929	7.422025	2.691082
-2.475735	7.594407	2.748543
-2.58108	7.76679	2.99754
-2.897114	8.197746	3.093308
-1.203572	8.513781	3.438073
-1.404685	8.820238	3.47638
-1.366378	8.896853	3.610456
-1.136534	9.030928	3.629609
-1.107804	9.136273	3.44765
-1.126958	9.126696	3.495534
-1.203572	9.117119	3.562572
-1.098227	9.17458	3.533841
-1.29934	8.877699	3.600879
-1.404685	8.801085	3.706224
-1.375954	8.944737	3.782838
-1.29934	9.193734	3.734954
-1.165265	9.404424	3.849876
-1.32807	9.375693	3.811569
-1.308917	9.567229	3.936067
-1.29934	9.662997	3.92649
-1.366378	9.710881	3.801992
-1.32807	9.548076	3.763685
-1.251456	9.212887	3.7158
-1.241879	8.93516	3.706224
-1.375954	8.762778	3.600879
-1.452569	8.743624	3.533841
-1.490876	8.772354	3.438073
-1.462146	8.772354	3.438073
-1.442992	8.801085	3.466804
-1.356801	8.657433	3.495534
-1.203572	8.494627	3.466804
-1.117381	8.437166	3.591302
-1.251456	8.255207	3.782838
-1.557914	8.101978	4.022258
-1.873948	8.063671	4.338293
-1.950563	7.920019	4.481945
-1.969716	7.862558	4.558559
-0.122945	7.948749	4.61602
-0.151676	8.101978	4.663904
-0.151676	8.178592	4.721365
-0.180406	8.140285	4.673481
-0.304905	8.015787	4.836287
-0.314482	7.939172	4.941632
-0.400673	8.015787	4.999093
-0.304905	8.063671	4.999093
-0.276174	8.082824	5.046977
-0.314482	8.140285	5.161898
-0.304905	8.159439	5.06613
-0.333635	8.255207	5.056553
-0.391096	8.236053	5.027823
-0.506018	8.475473	4.82671
-0.43898	8.705317	4.481945
-0.218713	8.638279	4.405331
-0.189983	8.427589	4.146757
-0.324058	8.188169	4.156334
-0.400673	7.833827	4.156334
-0.391096	7.747636	4.127603
-0.381519	7.651868	4.156334
-0.46771	7.651868	4.232948
-0.477287	7.690175	4.242525
-0.582632	7.671022	4.462791
-0.764591	7.58483	4.673481
-0.956128	7.412448	4.941632
0.794875	7.374141	5.142745
0.670377	7.354987	5.238513
0.593763	7.268796	5.324704
0.526725	7.220912	5.48751
0.459687	7.211335	5.621585
0.478841	7.058106	5.870582
0.354342	6.828263	6.004657
0.162806	6.598419	6.148309
0.038307	6.493074	6.215347
0.038307	6.483498	6.224924
0.134076	6.694187	6.234501
0.6608	7.019799	6.110002
0.938528	7.431601	6.090849
-0.984858	7.900865	5.793968
-0.927397	8.140285	5.621585
-0.812475	8.169016	5.449202
-0.927397	8.025363	5.410895
0.90022	7.891288	5.401318
0.689531	7.52737	5.410895
0.430957	7.058106	5.468356
0.239421	6.636727	5.535394
0.124499	6.138733	5.544971
0.05746	5.698199	5.784391
0.402225	5.267243	5.880159
0.708683	4.836287	6.052541
0.804451	4.405331	6.215347
1.043871	4.34787	6.550535
1.312022	4.414907	6.761225
1.446097	4.654328	7.019799
1.628057	4.529829	7.192181
1.714248	4.462791	7.393294
1.666364	4.338293	7.489062
1.503558	4.261678	7.613561
1.264138	4.223371	7.623138
0.986411	4.223371	7.747636
0.68953	4.577713	7.824251
0.392649	5.334281	8.082824
0.02873	6.454767	8.178592
0.459687	7.182604	8.322244
0.756568	7.632714	8.437166
0.881067	7.958326	8.408436
0.986412	8.082824	8.437166
0.890644	8.169016	8.465897
0.612916	8.24563	8.647856
0.229844	8.312668	8.877699
0.172382	8.073247	9.069235
0.248996	7.201758	9.107543
0.440533	6.406883	8.992621
0.565031	5.48751	8.868122
0.814028	4.548983	8.791508
1.024718	3.7158	8.762778
1.254561	3.083731	8.705317
0.067037	2.537853	8.954314
-3.125405	2.930502	10.189722
0.411802	1.819593	6.607996
3.122038	0.900219	9.950302
3.064578	0.842758	10.515333
2.260126	0.679953	9.078812
1.130063	0.517147	8.820238
0.641646	0.373495	8.820238
0.335188	0.344765	9.136273
0.296881	0.038307	9.17458
0.593762	0.05746	8.992621
2.106897	0.076615	8.590395
1.723825	0.316034	9.701305
1.254561	0.47884	9.538499
0.976834	0.804451	9.710881
1.091755	1.177947	10.218452
1.455674	1.292868	10.840945
1.455674	1.139639	11.626243
1.235408	0.823605	11.540052
0.699106	0.497993	11.338939
0.306457	0.450109	11.24317
0.277727	1.015141	11.367669
0.373495	1.398213	11.463437
0.545877	1.790862	11.578359
0.47884	2.09732	11.674127
0.143652	2.020706	11.482591
-1.27061	1.915361	10.065223
1.369483	0.603338	8.408436
1.312022	1.110909	10.687716
1.139639	0.967257	11.597512
0.402225	0.823605	11.568782
0.067037	0.756567	10.639832
0.469264	0.967257	10.55364
0.670377	1.264138	10.199299
0.651223	1.426944	9.739612
0.689531	1.331176	9.892841
0.823606	1.455674	10.103531
-0.908244	1.628057	10.103531
-0.774168	2.260126	10.036493
-0.687977	2.54743	10.103531
-0.716707	2.595314	10.323797
-0.946551	2.882618	10.362104
0.938528	3.083731	10.304643
-0.984858	2.863465	10.362104
0.995988	2.269703	10.381258
0.861913	1.819593	10.228029
0.727838	1.455674	10.122684
0.296882	1.264138	9.921571
0.095768	1.130063	9.816226
0.143652	0.632069	9.816226
0.248996	0.258573	9.787496
0.23942	0.057461	9.777919
0.23942	0.095769	9.902418
0.335188	0.105345	10.04607
0.497993	0.153229	9.998186
0.622492	0.316035	9.777919
0.565031	0.287305	9.682151
0.287304	0.239421	9.461884
0.047885	0.383073	9.337386
0.373496	0.143653	9.117119
0.39265	0.306457	9.097966
0.555455	0.181959	9.155427
0.881067	0.325612	8.973467
-0.898667	0.574609	8.676586
-0.841206	0.708684	8.331821
-0.946551	-0.563479	8.111555
-0.515594	-0.257021	7.431601
-1.969716	-0.314482	7.34541
-1.768604	-0.391096	7.038952
-1.74945	-0.352789	7.201758
-1.950563	-0.352789	7.393294
-0.371942	-0.237867	7.536946
-0.764591	-0.027177	7.814674
-0.544325	-1.730296	8.169016
-0.707131	-1.634528	8.398859
0.852336	-1.433415	8.791508
0.229844	-1.624951	8.877699
0.067038	-1.672835	8.628702
0.6608	-1.53876	8.619125
0.756568	-1.442992	8.322244
0.6608	-1.433415	8.2169
0.593763	-1.280186	8.494627
0.555455	-1.050343	8.523357
0.6608	-2.753462	8.054094
0.6608	-2.839653	7.891288
-0.553902	-2.743885	7.996633
-1.96014	-2.705578	8.379705
-0.161253	-2.676848	7.699752
-1.826064	-2.561926	8.00621
-1.586644	-2.858807	8.494627
-0.170829	-2.992882	7.891288
-1.74945	-1.404685	8.465897
-1.27061	-1.481299	8.801085
-1.069497	-1.423839	8.791508
-1.27061	-1.404685	8.848969
-1.232302	-1.27061	9.375693
-1.826064	-1.442992	9.337386
-0.055908	-1.711143	9.682151
-0.046331	-0.19956	10.49618
-1.730296	-0.525171	10.017339
-1.05992	-0.707131	9.940725
-1.165265	-0.735861	9.998186
-2.916268	-0.735861	9.797073
-2.964152	-0.601786	10.065223
-1.557914	-0.745438	9.911994
-1.500453	-0.525171	9.720458
-1.557914	-0.266597	8.781931
-1.442992	-1.730296	8.408436
-1.308917	-2.734308	7.5561
-1.615375	-2.523619	7.287949
-1.759027	-2.303352	7.307103
-1.950563	-3.757474	7.000645
-1.615375	-3.106251	6.502651
-1.711143	-4.445452	5.99508
-1.931409	-5.88042	5.430049
-0.122945	-5.506925	5.257666
-0.180406	-5.305812	5.27682
-0.534748	-5.238774	5.295974
-0.371942	-5.152583	5.477933
-0.132522	-5.152583	5.765237
-1.404685	-5.937881	5.219359
-1.433415	-5.889997	5.430049
-1.873948	-4.704025	6.44519
-1.53876	-3.316941	7.661445
-1.624951	-3.383979	8.513781
-1.969716	-3.738321	9.165003
-1.854795	-3.795781	9.691728
-1.682412	-2.063932	9.979032
-1.624951	-2.332083	10.141838
-1.51003	-2.389543	10.342951
-1.433415	-3.958587	10.591948
-1.500453	-3.795781	10.457872
-1.893102	-3.460593	10.457872
-1.98887	-3.355248	10.228029
-1.931409	-3.192443	10.093954
-1.797334	-4.857254	9.854534
-1.261033	-4.435875	9.222464
-1.318494	-4.196455	8.954314
-1.251456	-4.081533	8.887276
-1.442992	-4.263492	8.753201
-1.529183	-4.435875	8.504204
-1.184418	-4.474182	8.552088
-1.586644	-4.340107	8.437166
-1.96014	-5.842113	8.226476
-0.075061	-5.497348	8.341398
-0.304905	-5.181313	8.092401
-0.553902	-5.238774	8.140285
-0.151676	-5.277081	8.111555
-1.893102	-5.372849	8.111555
-1.902679	-5.602693	7.814674
-1.921832	-4.014495	7.987056
-1.940986	-4.531643	8.159439
-0.075061	-4.876408	8.264784
-0.142099	-4.847678	8.475473
-0.161253	-4.550797	8.408436
-0.170829	-4.378414	7.891288
-0.582632	-4.282646	7.671022
-0.822052	-4.062379	7.192181
-0.640093	-4.033649	6.981492
-0.850783	-4.11984	7.422025
-0.841206	-5.889997	7.326257
-0.429403	-5.679307	6.818686
-0.075061	-5.554809	6.550535
-1.912256	-5.468617	6.483498
-0.046331	-5.372849	6.598419
-0.189983	-6.807818	6.742071
-0.898667	-6.577974	6.598419
0.718261	-6.405592	6.291961
0.727838	-6.223633	6.378153
0.766145	-6.127864	6.617573
0.679954	-7.850137	6.86657
0.469264	-7.562833	6.856993
0.268151	-7.447911	6.761225
0.105345	-7.696908	6.86657
0.277728	-6.147018	7.220912
0.440534	-6.214056	7.402871
0.191537	-6.05125	7.31668
0.105345	-6.05125	6.732495
0.220267	-6.099134	6.703764
0.469264	-6.175748	6.358999
0.545878	-6.405592	6.502651
0.459687	-6.692896	6.253654
0.411803	-6.836548	6.157886
0.287305	-6.961047	5.803544
0.02873	-6.664166	5.525817
0.05746	-6.549244	5.468356
-0.534748	-6.664166	5.947196
0.162805	-6.127864	4.280832
2.911349	-7.553256	4.82671
2.260126	-7.668178	5.295974
1.64721	-6.089557	5.094861
1.61848	-6.032096	5.765237
1.541865	-8.183773	7.987056
1.426944	-9.963506	6.722918
2.375048	-8.135889	5.947196
2.126051	-8.097581	6.100425
1.896207	-8.049697	5.75566
1.398213	-6.520514	5.72693
0.938527	-7.945905	6.339845
0.641646	-7.198914	5.851428
0.632069	-6.338554	4.194641
0.086191	-5.075968	4.548983
0.469264	-5.631423	5.592855
0.737415	-4.234762	5.564124
0.354342	-4.742333	5.707776
0.574608	-4.847678	6.062118
1.043871	-4.675295	4.884171
1.455674	-4.004919	4.836287
1.61848	-4.196455	4.702212
2.030283	-5.554809	3.936067
2.509123	-5.832536	5.133168
2.652775	-6.9802	4.79798
3.457227	-5.028084	4.453215
4.146757	-5.018507	4.769249
4.156334	-6.185325	4.932055
4.635174	-6.482206	4.989516
7.144297	-6.692896	6.914454
5.564124	-7.984212	6.052541
4.223371	-6.405592	5.918466
3.68707	-6.194902	6.244077
3.955221	-6.587551	6.732495
4.386177	-6.76951	6.971915
4.663904	-6.539667	6.876147
4.874594	-6.281093	6.675034
4.951209	-6.348131	6.397306
4.922478	-5.018507	6.196193
4.568136	-5.248351	6.148309
4.252102	-5.143006	6.129156
3.65834	-6.606705	5.908889
3.045424	-6.26194	5.439626
2.75812	-6.060827	5.27682
2.815581	-6.060827	5.181052
2.825157	-6.185325	5.391742
2.777273	-6.367285	5.430049
2.78685	-6.415169	5.592855
2.710236	-6.300247	5.506663
2.767697	-6.070404	5.401318
2.949656	-6.041673	5.372588
3.016694	-6.070404	5.133168
3.150769	-6.568398	5.085284
3.246537	-5.784652	5.535394
3.150769	-4.617834	6.129156
2.978386	-3.058367	6.521805
2.911349	-3.23075	6.550535
2.911349	-3.182866	6.378153
2.873041	-3.211596	6.742071
2.978386	-3.039214	7.115567
3.141192	-4.742333	6.981492
3.227383	-4.675295	7.393294
3.035847	-4.445452	7.450755
2.901772	-4.158147	7.594407
2.806004	-5.803806	7.546523
2.844311	-5.66973	7.393294
3.112462	-5.40158	7.029376
3.169922	-5.353696	6.742071
3.20823	-5.794229	6.62715
3.02627	-5.966611	6.780379
2.844311	-5.918727	6.780379
2.604891	-4.043226	6.540958
2.260126	-4.675295	6.435614
1.771709	-3.527631	6.473921
1.388636	-2.466158	6.550535
1.264138	-1.012036	6.818686
1.302445	-1.337647	6.952761
1.1971	-1.126958	7.000645
1.139639	-2.830077	7.038952
0.92895	-2.533195	7.326257
0.92895	-2.523619	7.297526
1.015141	-2.782192	7.517793
1.16837	-1.155688	7.891288
1.302445	-1.462146	8.082824
1.331176	-1.481299	8.121132
1.446097	-1.107804	8.092401
1.503558	-2.676848	8.063671
1.608903	-2.150123	8.188169
1.82917	-2.006471	8.418013
2.087743	-2.025625	8.762778
2.135627	-2.63854	9.136273
1.733402	-2.226738	7.546523
2.729389	-2.935421	8.896853
2.844311	-1.213149	9.136273
2.57616	-2.964152	10.189722
2.662352	-2.734308	9.83538
2.470816	-2.8205	9.701305
2.30801	-1.098227	9.251195
1.838746	-1.624951	9.059659
1.283292	-1.998447	9.021351
1.043871	-0.22829	8.896853
1.034295	-0.515594	8.772354
1.101332	-0.908244	8.762778
1.350329	0.766145	8.647856
1.417367	0.507571	8.437166
1.446097	0.21069	8.370129
1.225831	0.124498	8.264784
1.005564	0.316034	8.303091
0.814028	0.555454	8.255207
0.632069	0.737414	8.331821
0.488417	0.976834	8.379705
0.383072	1.149216	8.360552
0.26815	1.532289	8.264784
0.038308	1.790862	8.197746
0.42138	1.934514	8.054094
0.6608	2.116474	8.00621
0.756568	2.422932	7.872135
0.842759	2.691082	7.805097
0.87149	2.978386	7.824251
0.852336	3.122038	7.632714
0.986412	3.131615	7.536946
-0.879513	3.083731	7.479485
-0.850783	3.093308	7.354987
-0.802899	3.122038	7.460332
-0.984858	3.265691	7.565677
0.804452	3.409343	7.613561
0.584186	3.390189	8.092401
0.555455	3.23696	8.27436
0.555455	2.949656	8.331821
0.555455	2.940079	8.465897
0.478841	2.892195	8.619125
0.497994	2.777273	8.72447
0.469264	2.566584	8.686163
0.488418	2.288856	8.72447
0.555455	2.078167	8.93516
0.229844	2.039859	9.126696
0.028731	1.819593	9.327809
0.086191	1.359906	9.481038
0.210689	1.034295	9.452308
0.220266	0.708683	9.289502
0.067037	0.430956	9.452308
0.181959	0.277727	9.615113
0.258573	0.26815	9.83538
0.316034	0.181959	10.04607
0.373495	0.162805	10.266336
0.172382	0.402225	10.400412
0.019154	0.861912	10.544064
0.248997	1.417367	10.678139
0.373496	1.905784	10.783484
0.670377	2.355894	11.118672
0.670377	2.78685	11.013327
0.823606	2.940079	10.850521
0.967258	3.035847	10.888829
-0.831629	3.227383	10.879252
-0.6784	3.323151	10.812214
-0.620939	3.189076	10.917559
-0.553902	2.911349	10.773907
-0.515594	2.557007	10.687716
-0.429403	2.049436	10.457872
-0.458134	1.493981	10.113107
0.881067	0.919373	9.615113
-0.448557	0.354341	9.988609
-0.113369	0.067037	9.844957
-0.257021	0.019154	9.366116
-0.764591	0.268151	9.155427
0.909797	0.459687	9.17458
0.938528	0.737415	8.829815
0.938528	-0.697554	8.69574
0.861913	-0.956128	9.366116
0.948104	-0.86036	9.155427
0.766145	-0.88909	8.628702
0.526725	-0.659247	7.671022
0.861913	-0.88909	8.801085
-0.975281	0.890644	8.896853
3.246537	-1.940986	10.52491
-2.293775	0.05746	10.563217
0.45011	1.149216	9.988609
0.105344	0.593763	9.500192
0.622493	0.162806	10.295067
0.306458	0.574609	10.04607
0.6608	0.114921	9.605537
0.488418	0.038308	8.734047
0.948104	0.181959	8.408436
0.497994	0.383072	8.398859
0.478841	0.785298	9.136273
2.30801	-0.458134	11.961432
1.608903	1.340752	3.907337
1.446097	0.478841	15.677232
1.455674	2.288856	8.983044
0.890643	0.890643	11.099518
0.153228	1.005564	13.081917
1.120486	1.292868	9.002198
0.162806	0.919373	9.318232
0.689531	0.258574	9.979032
-0.936974	0.009577	9.653421
0.612916	0.086192	8.686163
0.622493	0.028731	9.500192
0.411803	0.229844	9.959878
0.038308	-1.74945	10.208875
0.421379	-0.237867	10.141838
0.948103	-1.931409	7.814674
0.593762	-0.19956	8.820238
0.536301	-1.759027	8.916006
0.785298	-0.43898	9.797073
0.038307	0.756568	10.266336
0.785299	0.402226	9.892841
0.737415	0.229843	9.576806
0.919374	0.344765	9.433154
0.469264	0.842758	9.452308
0.038307	0.095768	9.251195
0.296881	0.612916	9.433154
0.306457	0.679954	9.80665
0.153228	0.201113	9.80665
0.153228	0.105344	9.749189
0.076614	0.095769	9.691728
0.076614	0.258574	9.490615
0.220266	0.172383	9.308656
0.248996	0.05746	9.567229
0.181959	0.009576	9.749189
0.124498	0.248997	9.777919
0.124498	0.220267	9.691728
0.181959	0.038308	9.528922
0.23942	0.02873	9.500192
0.162805	0.095769	9.509768
0.114921	0.172383	9.528922
0.162805	0.095769	9.576806
0.201112	0.047885	9.59596
0.201112	0.086192	9.62469
0.181959	0.143653	9.62469
0.143652	0.153229	9.557653
0.172382	0.076615	9.519345
0.172382	0.095769	9.490615
0.162805	0.076615	9.634267
0.153228	0.143653	9.682151
0.162805	0.153229	9.62469
0.143652	0.124499	9.500192
0.143652	0.067038	9.605537
0.114921	0.105345	9.634267
0.143652	0.124499	9.59596
0.162805	0.143653	9.643844
0.201112	0.124499	9.538499
0.124498	0.086192	9.557653
0.143652	0.124499	9.691728
0.124498	0.105345	9.653421
0.124498	0.124499	9.62469
0.134075	0.162806	9.59596
0.134075	0.114922	9.586383
0.086191	0.114922	9.643844
0.105344	0.143653	9.62469
0.143652	0.143653	9.548076
0.143652	0.143653	9.548076
0.162805	0.067038	9.643844
0.153228	0.18196	9.662997
0.153228	0.134076	9.615113
0.153228	0.124499	9.567229
0.153228	0.105345	9.519345
0.143652	0.076615	9.605537
0.143652	0.124499	9.615113
0.134075	0.143653	9.576806
0.172382	0.105345	9.605537
0.143652	0.067038	9.586383
0.162805	0.134076	9.615113
0.162805	0.124499	9.586383
0.153228	0.105345	9.643844
0.201112	0.076615	9.59596
0.143652	0.134076	9.59596
0.153228	0.134076	9.576806
0.134075	0.124499	9.538499
0.153228	0.114922	9.586383
0.153228	0.086192	9.528922
0.143652	0.143653	9.62469
0.143652	0.124499	9.586383
0.124498	0.143653	9.605537
0.134075	0.114922	9.634267
0.153228	0.124499	9.538499
0.143652	0.143653	9.643844
0.153228	0.153229	9.586383
0.162805	0.124499	9.62469
0.153228	0.134076	9.576806
0.095768	0.086192	9.557653
0.114921	0.134076	9.605537
0.124498	0.086192	9.576806
0.162805	0.095769	9.605537
0.143652	0.114922	9.586383
0.162805	0.153229	9.62469
0.134075	0.172383	9.567229
0.134075	0.134076	9.586383
0.114921	0.114922	9.653421
0.134075	0.124499	9.576806
0.143652	0.134076	9.62469
0.143652	0.153229	9.567229
0.143652	0.143653	9.643844
0.143652	0.134076	9.576806
0.143652	0.143653	9.528922
0.114921	0.124499	9.634267
0.153228	0.105345	9.586383
0.134075	0.086192	9.538499
0.134075	0.067038	9.634267
0.124498	0.114922	9.59596
0.153228	0.162806	9.634267
0.143652	0.143653	9.605537
0.162805	0.114922	9.548076
0.143652	0.047885	9.605537
0.134075	0.114922	9.548076
0.162805	0.143653	9.615113
0.134075	0.086192	9.605537
0.134075	0.114922	9.634267
0.153228	0.124499	9.538499
0.114921	0.124499	9.62469
0.153228	0.105345	9.59596
0.153228	0.105345	9.567229
0.143652	0.105345	9.662997
0.153228	0.086192	9.557653
0.047884	0.172383	9.557653
0.134075	0.134076	9.59596
0.143652	0.153229	9.548076
0.086191	0.143653	9.576806
0.105344	0.153229	9.653421
0.124498	0.220267	9.634267
0.143652	0.162806	9.605537
0.162805	0.134076	9.519345
0.124498	0.086192	9.653421
0.153228	0.124499	9.672574
0.201112	0.153229	9.576806
0.181959	0.153229	9.471461
0.124498	0.105345	9.643844
0.076614	0.067038	9.730035
0.114921	0.229844	9.576806
0.191536	0.124499	9.605537
0.162805	0.02873	9.59596
0.095768	0.076615	9.567229
0.114921	0.316035	9.500192
0.210689	0.153229	9.567229
0.172382	0.009577	9.643844
0.095768	0.134076	9.519345
0.095768	0.296882	9.471461
0.162805	0.162806	9.643844
0.153228	0.0	9.739612
0.134075	0.143653	9.615113
0.114921	0.363919	9.481038
0.162805	0.114922	9.509768
0.229843	0.019153	9.672574
0.134075	0.105345	9.605537
0.124498	0.335189	9.471461
0.153228	0.21069	9.653421
0.172382	0.086191	9.720458
0.095768	0.18196	9.634267
0.067037	0.344766	9.528922
0.181959	0.162806	9.557653
0.23942	0.05746	9.615113
0.076614	0.191537	9.557653
0.047884	0.363919	9.615113
0.134075	0.21069	9.682151
0.277727	0.009576	9.720458
0.153228	0.086192	9.557653
0.009577	0.296882	9.452308
0.047884	0.239421	9.586383
0.229843	0.009577	9.701305
0.181959	0.067038	9.662997
0.038307	0.258574	9.538499
0.019153	0.229844	9.519345
0.162805	0.038308	9.643844
0.114921	0.067037	9.749189
0.114921	0.18196	9.528922
0.095768	0.383073	9.38527
0.162805	0.038308	9.519345
0.220266	0.086191	9.653421
0.114921	0.268151	9.720458
0.028731	0.354342	9.461884
0.114921	0.114922	9.509768
0.153228	0.095768	9.691728
0.114921	0.162806	9.691728
0.095768	0.344766	9.62469
0.181959	0.18196	9.509768
0.201112	0.038308	9.461884
0.162805	0.057461	9.519345
0.019153	0.229844	9.662997
0.02873	0.248997	9.662997
0.02873	0.153229	9.433154
0.076614	0.038308	8.896853
0.335188	0.296882	8.360552
0.593762	0.248997	10.180145
0.756567	0.622492	12.373234
0.21069	0.0	10.840945
0.277728	0.718261	8.944737
0.143652	0.047885	8.494627
0.210689	0.383072	8.590395
0.153228	0.076614	9.050082
0.124498	0.708684	9.567229
0.153228	0.555455	10.036493
0.296881	0.181959	10.409988
0.067037	0.229843	10.065223
0.153229	0.287305	9.308656
0.105345	0.430957	8.896853
0.134075	0.038308	9.193734
0.181959	0.019154	9.730035
0.134075	0.258574	9.902418
0.009576	0.526725	9.720458
0.038307	0.296882	9.394847
0.143652	0.287304	9.634267
0.143652	0.191536	9.538499
0.047884	0.507571	9.318232
0.143652	0.335189	9.643844
0.153228	0.153228	9.672574
0.162805	0.248997	9.576806
0.153228	0.239421	9.730035
0.095769	0.277728	9.615113
0.05746	0.114922	9.538499
0.134075	0.038308	9.634267
0.134075	0.306458	9.576806
0.05746	0.268151	9.586383
0.076614	0.114922	9.605537
0.124498	0.18196	9.528922
0.172382	0.172383	9.605537
0.086191	0.143653	9.662997
0.047885	0.258574	9.62469
0.086191	0.201113	9.615113
0.086191	0.124499	9.672574
0.067037	0.229844	9.557653
0.095768	0.21069	9.538499
0.153228	0.124499	9.59596
0.162805	0.191537	9.59596
0.248996	0.009577	9.749189
0.124498	0.201113	9.586383
0.105344	0.18196	9.605537
0.114921	0.134076	9.548076
0.143652	0.076615	9.557653
0.124498	0.201113	9.576806
0.153228	0.258574	9.461884
0.114921	0.191537	9.59596
0.153228	0.076615	9.710881
0.038307	0.21069	9.62469
0.038307	0.258574	9.59596
0.047884	0.153229	9.59596
0.114921	0.191537	9.548076
0.038307	0.191537	9.59596
0.009576	0.239421	9.634267
0.076614	0.258574	9.567229
0.086191	0.18196	9.59596
0.009577	0.21069	9.615113
0.009577	0.239421	9.586383
0.05746	0.220267	9.519345
0.095768	0.239421	9.567229
0.124498	0.191537	9.59596
0.067037	0.162806	9.576806
0.095768	0.201113	9.567229
0.095768	0.18196	9.576806
0.153228	0.153229	9.586383
0.114921	0.191537	9.576806
0.114921	0.21069	9.528922
0.067037	0.143653	9.586383
0.114921	0.172383	9.662997
0.114921	0.134076	9.672574
0.086191	0.191537	9.605537
0.124498	0.172383	9.662997
0.134075	0.153229	9.634267
0.134075	0.172383	9.567229
0.191536	0.153229	9.548076
0.162805	0.191537	9.605537
0.143652	0.21069	9.548076
0.143652	0.172383	9.643844
0.114921	0.229844	9.586383
0.067037	0.18196	9.59596
0.076614	0.21069	9.615113
0.038307	0.191537	9.605537
0.134075	0.191537	9.615113
0.114921	0.229844	9.62469
0.143652	0.172383	9.634267
0.124498	0.191537	9.586383
0.143652	0.143653	9.538499
0.134075	0.153229	9.548076
0.134075	0.21069	9.586383
0.047884	0.229844	9.586383
0.143652	0.239421	9.59596
0.009576	0.172383	9.557653
0.114921	0.143653	9.653421
0.076614	0.21069	9.528922
0.105344	0.201113	9.576806
0.095768	0.201113	9.615113
0.114921	0.220267	9.605537
0.05746	0.172383	9.59596
0.05746	0.172383	9.605537
0.047884	0.229844	9.605537
0.086191	0.220267	9.59596
0.02873	0.220267	9.586383
0.009576	0.220267	9.576806
0.009576	0.18196	9.586383
0.0	0.220267	9.586383
0.114921	0.191537	9.576806
0.095768	0.201113	9.62469
0.105344	0.201113	9.605537
0.076614	0.162806	9.576806
0.086191	0.191537	9.59596
0.134075	0.143653	9.586383
0.134075	0.21069	9.605537
0.134075	0.229844	9.576806
0.105344	0.21069	9.634267
0.124498	0.201113	9.605537
0.143652	0.220267	9.615113
0.114921	0.220267	9.538499
0.124498	0.21069	9.557653
0.114921	0.201113	9.615113
0.086191	0.172383	9.605537
0.047884	0.172383	9.643844
0.067037	0.201113	9.605537
0.105344	0.153229	9.615113
0.105344	0.229844	9.576806
0.076614	0.191537	9.643844
0.105344	0.229844	9.653421
0.067037	0.239421	9.586383
0.086191	0.248997	9.528922
0.095768	0.153229	9.605537
0.095768	0.162806	9.59596
0.067037	0.239421	9.615113
0.124498	0.21069	9.634267
0.143652	0.172383	9.557653
0.095768	0.239421	9.567229
0.124498	0.229844	9.509768
0.105344	0.21069	9.615113
0.076614	0.143653	9.62469
0.114921	0.248997	9.62469
0.105344	0.201113	9.557653
0.05746	0.18196	9.605537
0.124498	0.191537	9.615113
0.114921	0.191537	9.586383
0.114921	0.21069	9.576806
0.134075	0.21069	9.528922
0.124498	0.248997	9.528922
0.076614	0.172383	9.576806
0.105344	0.229844	9.615113
0.019153	0.229844	9.567229
0.047884	0.229844	9.586383
0.114921	0.201113	9.586383
0.114921	0.201113	9.62469
0.067037	0.162806	9.605537
0.124498	0.258574	9.605537
0.134075	0.134076	9.576806
0.105344	0.239421	9.605537
0.086191	0.248997	9.605537
0.086191	0.201113	9.615113
0.153228	0.191537	9.605537
0.124498	0.21069	9.548076
0.095768	0.220267	9.634267
0.076614	0.21069	9.62469
0.047884	0.220267	9.576806
0.095768	0.21069	9.662997
0.067037	0.162806	9.519345
0.114921	0.248997	9.557653
0.086191	0.191537	9.576806
0.05746	0.21069	9.576806
0.05746	0.172383	9.519345
0.038307	0.172383	9.548076
0.05746	0.172383	9.586383
0.076614	0.277728	9.528922
0.038307	0.229844	9.643844
0.009576	0.172383	9.59596
0.095768	0.239421	9.605537
0.047884	0.201113	9.509768
0.067037	0.229844	9.615113
0.076614	0.153229	9.634267
0.105344	0.258574	9.615113
0.067037	0.201113	9.59596
0.067037	0.172383	9.586383
0.124498	0.201113	9.548076
0.105344	0.191537	9.634267
0.134075	0.201113	9.634267
0.124498	0.21069	9.567229
0.114921	0.201113	9.567229
0.095768	0.201113	9.586383
0.134075	0.18196	9.567229
0.076614	0.21069	9.567229
0.134075	0.21069	9.567229
0.067037	0.18196	9.605537
0.038307	0.220267	9.605537
0.095768	0.201113	9.586383
0.0	0.191537	9.59596
0.134075	0.153229	9.59596
0.095768	0.191537	9.576806
0.095768	0.201113	9.586383
0.124498	0.191537	9.605537
0.067037	0.239421	9.538499
0.105344	0.21069	9.576806
0.114921	0.153229	9.59596
0.0	0.153229	9.557653
0.067037	0.18196	9.634267
0.114921	0.220267	9.548076
0.067037	0.268151	9.605537
0.114921	0.229844	9.567229
0.086191	0.239421	9.586383
0.124498	0.21069	9.576806
0.124498	0.239421	9.557653
0.067037	0.220267	9.557653
0.086191	0.191537	9.62469
0.095768	0.153229	9.576806
0.076614	0.268151	9.634267
0.105344	0.191537	9.605537
0.067037	0.172383	9.605537
0.095768	0.201113	9.605537
0.095768	0.220267	9.586383
0.095768	0.229844	9.586383
0.105344	0.201113	9.634267
0.076614	0.153229	9.557653
0.114921	0.201113	9.605537
0.05746	0.191537	9.643844
0.067037	0.220267	9.548076
0.124498	0.220267	9.500192
0.143652	0.201113	9.567229
0.086191	0.21069	9.643844
0.105344	0.172383	9.519345
0.086191	0.220267	9.557653
0.05746	0.18196	9.605537
0.095768	0.229844	9.586383
0.05746	0.191537	9.586383
0.124498	0.229844	9.59596
0.067037	0.21069	9.586383
0.143652	0.162806	9.567229
0.114921	0.191537	9.548076
0.124498	0.201113	9.586383
0.086191	0.21069	9.548076
0.134075	0.162806	9.567229
0.02873	0.21069	9.615113
0.095768	0.258574	9.59596
0.114921	0.220267	9.62469
0.047884	0.172383	9.548076
0.114921	0.220267	9.586383
0.086191	0.239421	9.62469
0.0	0.162806	9.615113
0.086191	0.239421	9.605537
0.067037	0.239421	9.634267
0.009576	0.162806	9.62469
0.019154	0.229844	9.59596
0.076614	0.229844	9.586383
0.038307	0.18196	9.586383
0.095768	0.248997	9.643844
0.047884	0.220267	9.538499
0.114921	0.191537	9.605537
0.095768	0.134076	9.605537
0.105344	0.229844	9.586383
0.105344	0.21069	9.548076
0.019153	0.220267	9.586383
0.105344	0.248997	9.643844
0.05746	0.172383	9.557653
0.076614	0.18196	9.548076
0.124498	0.191537	9.567229
0.105344	0.220267	9.586383
0.076614	0.201113	9.62469
0.047884	0.229844	9.615113
0.067037	0.258574	9.586383
0.105344	0.229844	9.59596
0.047884	0.220267	9.634267
0.047884	0.220267	9.605537
0.114921	0.18196	9.548076
0.05746	0.172383	9.557653
0.067037	0.229844	9.615113
0.114921	0.201113	9.528922
0.134075	0.21069	9.586383
0.067037	0.201113	9.586383
0.095768	0.153229	9.567229
0.134075	0.201113	9.586383
0.114921	0.114922	9.605537
0.105344	0.191537	9.615113
0.114921	0.172383	9.59596
0.114921	0.18196	9.567229
0.114921	0.201113	9.605537
0.114921	0.153229	9.567229
0.05746	0.229844	9.62469
0.143652	0.201113	9.528922
0.019153	0.258574	9.615113
0.124498	0.220267	9.567229
0.124498	0.191537	9.557653
0.02873	0.220267	9.586383
0.076614	0.258574	9.557653
0.114921	0.21069	9.634267
0.095768	0.21069	9.538499
0.067037	0.162806	9.615113
0.095768	0.229844	9.586383
0.05746	0.220267	9.62469
0.047884	0.268151	9.605537
0.086191	0.162806	9.557653
0.067037	0.229844	9.567229
0.095768	0.172383	9.615113
0.047884	0.21069	9.567229
0.095768	0.153229	9.586383
0.105344	0.18196	9.62469
0.067037	0.201113	9.576806
0.009576	0.220267	9.634267
0.114921	0.220267	9.567229
0.038307	0.191537	9.662997
0.095768	0.201113	9.538499
0.114921	0.21069	9.528922
0.076614	0.229844	9.634267
0.086191	0.229844	9.586383
0.105344	0.220267	9.615113
0.095768	0.220267	9.567229
0.047884	0.220267	9.615113
0.095768	0.162806	9.509768
0.067037	0.220267	9.59596
0.105344	0.172383	9.586383
0.114921	0.220267	9.548076
0.067037	0.191537	9.605537
0.105344	0.153229	9.605537
0.114921	0.21069	9.62469
0.047884	0.134076	9.576806
0.095768	0.248997	9.615113
0.134075	0.229844	9.567229
0.076614	0.191537	9.576806
0.134075	0.143653	9.59596
0.02873	0.220267	9.634267
0.134075	0.172383	9.634267
0.086191	0.143653	9.59596
0.086191	0.229844	9.586383
0.086191	0.229844	9.62469
0.05746	0.258574	9.615113
0.038307	0.21069	9.59596
0.05746	0.220267	9.576806
0.076614	0.201113	9.567229
0.067037	0.201113	9.615113
0.05746	0.201113	9.548076
0.076614	0.220267	9.586383
0.009577	0.268151	9.62469
0.047884	0.229844	9.567229
0.0	0.162806	9.586383
0.086191	0.248997	9.567229
0.047884	0.220267	9.605537
0.009576	0.191537	9.59596
0.105344	0.21069	9.586383
0.105344	0.191537	9.62469
0.05746	0.220267	9.567229
0.086191	0.18196	9.59596
0.134075	0.220267	9.576806
0.009576	0.18196	9.605537
0.02873	0.229844	9.643844
0.076614	0.220267	9.567229
0.114921	0.21069	9.59596
0.114921	0.172383	9.576806
0.047884	0.201113	9.615113
0.114921	0.258574	9.643844
0.05746	0.201113	9.567229
0.05746	0.248997	9.567229
0.114921	0.220267	9.567229
0.095768	0.191537	9.567229
0.105344	0.248997	9.59596
0.105344	0.248997	9.567229
0.114921	0.248997	9.557653
0.105344	0.21069	9.576806
0.047884	0.201113	9.548076
0.124498	0.220267	9.59596
0.067037	0.220267	9.576806
0.086191	0.162806	9.586383
0.134075	0.248997	9.605537
0.114921	0.172383	9.653421
0.009576	0.172383	9.615113
0.095768	0.18196	9.59596
0.095768	0.18196	9.605537
